2.093000000000000000e+03, 1.500000000000000000e+01, 2.041301907812320278e+05, 1.065996015488164267e+05, 9.595225968340750842e+04, 4.287146369357735409e+00, 5.000000000000000000e-01, 2.000000000000001343e-03
4.900850227868295406e+01, 2.799852699356555549e-02, 2.053584258368680021e+05, 2.046149534972966649e+05, 1.073319512419468811e+05, 1.061208982337669149e+05, 9.883740556353902502e+04, 9.732825828059465857e+04
0.000000000000000000e+00, 1.000000000000000000e+00, 1.000000000000000000e+00, 0.000000000000000000e+00, 0.000000000000000000e+00, 0.000000000000000000e+00, 0.000000000000000000e+00, 0.000000000000000000e+00
0.000000000000000000e+00, 0.000000000000000000e+00, 0.000000000000000000e+00, 0.000000000000000000e+00, 0.000000000000000000e+00, -4.000000000000000000e+00, -4.000000000000000000e+00, -3.096330163655949264e+00
-4.000000000000000000e+00, -4.000000000000000000e+00, -4.000000000000000000e+00, -4.000000000000000000e+00, -3.579528145423847008e-01, -4.000000000000000000e+00, -3.565834266495921945e+00, -1.725504864654054504e+00
-4.000000000000000000e+00, -4.000000000000000000e+00, -4.000000000000000000e+00, -4.000000000000000000e+00, -4.000000000000000000e+00, -4.000000000000000000e+00, -4.000000000000000000e+00, -2.124568613393294392e+00
-1.779561776697527797e+00, -3.812885886667077173e+00, -4.000000000000000000e+00, -4.000000000000000000e+00, -5.112491002217786074e-01, -4.000000000000000000e+00, -4.000000000000000000e+00, -3.242414430218575561e+00
-4.000000000000000000e+00, -1.524704708475834281e+00, -4.000000000000000000e+00, -4.000000000000000000e+00, -4.000000000000000000e+00, -4.000000000000000000e+00, -4.000000000000000000e+00, -4.000000000000000000e+00
-4.000000000000000000e+00, -4.000000000000000000e+00, -4.000000000000000000e+00, -4.000000000000000000e+00, -4.000000000000000000e+00, -4.000000000000000000e+00, -4.000000000000000000e+00, -4.000000000000000000e+00
-4.000000000000000000e+00, -3.423902540121755322e+00, -4.000000000000000000e+00, -4.000000000000000000e+00, -4.000000000000000000e+00, -3.111868905531772977e+00, -4.000000000000000000e+00, -4.000000000000000000e+00
-4.000000000000000000e+00, -4.000000000000000000e+00, -4.000000000000000000e+00, -4.000000000000000000e+00, -4.000000000000000000e+00, -4.000000000000000000e+00, -4.000000000000000000e+00, -4.000000000000000000e+00
-4.000000000000000000e+00, -4.000000000000000000e+00, -4.000000000000000000e+00, -1.625044017462738077e+00, -4.000000000000000000e+00, -4.000000000000000000e+00, -3.433613474321775882e+00, -2.510985613783236481e+00
-4.000000000000000000e+00, -4.000000000000000000e+00, -4.000000000000000000e+00, -4.000000000000000000e+00, -4.000000000000000000e+00, -4.000000000000000000e+00, -1.430763316414428443e+00, -4.000000000000000000e+00
-2.127561344834084434e+00, -3.361862451105823268e+00, -4.000000000000000000e+00, -4.000000000000000000e+00, -4.000000000000000000e+00, -7.918486638164638769e-02, -2.282161861008955128e+00, -5.540738093913954998e-01
-4.000000000000000000e+00, -4.000000000000000000e+00, -4.000000000000000000e+00, -4.000000000000000000e+00, -4.000000000000000000e+00, -4.000000000000000000e+00, -4.000000000000000000e+00, -4.000000000000000000e+00
-4.000000000000000000e+00, -4.000000000000000000e+00, -4.000000000000000000e+00, -4.000000000000000000e+00, -4.000000000000000000e+00, -4.000000000000000000e+00, -4.000000000000000000e+00, -4.000000000000000000e+00
-1.745865649424131583e+00, -4.000000000000000000e+00, -4.000000000000000000e+00, -4.000000000000000000e+00, -4.134339781792025215e-01, -4.000000000000000000e+00, -4.000000000000000000e+00, -4.000000000000000000e+00
-4.000000000000000000e+00, -4.000000000000000000e+00, -4.000000000000000000e+00, -4.000000000000000000e+00, -1.647666973963610282e+00, -2.931249329425204220e+00, -4.000000000000000000e+00, -4.000000000000000000e+00
-1.218958335378219848e+00, -6.932473432831729454e-01, -4.000000000000000000e+00, -4.000000000000000000e+00, -4.000000000000000000e+00, -4.000000000000000000e+00, -4.000000000000000000e+00, -4.000000000000000000e+00
-4.000000000000000000e+00, -4.000000000000000000e+00, -4.000000000000000000e+00, -4.000000000000000000e+00, -4.000000000000000000e+00, -4.000000000000000000e+00, -6.654910972813040670e-01, -4.000000000000000000e+00
-4.000000000000000000e+00, -4.000000000000000000e+00, -4.000000000000000000e+00, -4.000000000000000000e+00, -1.994531918322210773e+00, -1.299314516313232026e+00, -4.000000000000000000e+00, -3.963636446124135126e+00
-4.000000000000000000e+00, -4.000000000000000000e+00, -4.000000000000000000e+00, -4.000000000000000000e+00, -4.000000000000000000e+00, -4.000000000000000000e+00, -4.000000000000000000e+00, -4.000000000000000000e+00
-2.904208112496650784e+00, -4.000000000000000000e+00, -4.000000000000000000e+00, -4.000000000000000000e+00, -4.000000000000000000e+00, -4.000000000000000000e+00, -4.000000000000000000e+00, -9.096990468049368506e-01
-3.489726893417795406e+00, -4.000000000000000000e+00, -2.385592714869741116e+00, -4.000000000000000000e+00, -4.000000000000000000e+00, -1.092450895888271489e+00, -4.000000000000000000e+00, -4.000000000000000000e+00
-4.000000000000000000e+00, -4.000000000000000000e+00, -4.000000000000000000e+00, -3.646710772612508311e+00, -1.553978177949435269e+00, -4.000000000000000000e+00, -3.531284568553408221e+00, -4.000000000000000000e+00
-2.436490976669950292e+00, -4.000000000000000000e+00, -4.000000000000000000e+00, -3.758247532755336184e+00, -4.000000000000000000e+00, -3.418830565556807866e+00, -4.000000000000000000e+00, -4.000000000000000000e+00
-4.000000000000000000e+00, -4.000000000000000000e+00, -4.000000000000000000e+00, -3.008482183625016848e+00, -3.321317720727880118e+00, -4.000000000000000000e+00, -1.854332249351281270e+00, -6.725202273119280649e-01
-4.000000000000000000e+00, -4.000000000000000000e+00, -4.000000000000000000e+00, -4.000000000000000000e+00, -4.000000000000000000e+00, -4.000000000000000000e+00, -4.000000000000000000e+00, -1.522347751788381276e-01
-4.000000000000000000e+00, -4.000000000000000000e+00, -4.000000000000000000e+00, -4.000000000000000000e+00, -4.000000000000000000e+00, -4.000000000000000000e+00, -4.000000000000000000e+00, -4.000000000000000000e+00
-4.000000000000000000e+00, -4.000000000000000000e+00, -3.702117645279551450e+00, -4.000000000000000000e+00, -4.000000000000000000e+00, -4.000000000000000000e+00, -4.000000000000000000e+00, -4.000000000000000000e+00
-4.000000000000000000e+00, -6.745154492725768947e-01, -3.918388988427127018e+00, -4.000000000000000000e+00, -4.000000000000000000e+00, -2.624294576919545818e+00, -4.000000000000000000e+00, -4.000000000000000000e+00
-1.375644510576038204e+00, -4.000000000000000000e+00, -5.624359633880379183e-01, -4.000000000000000000e+00, -4.000000000000000000e+00, -4.000000000000000000e+00, -4.000000000000000000e+00, -4.000000000000000000e+00
-4.000000000000000000e+00, -4.000000000000000000e+00, -1.169076271125510519e-01, -1.932399275549375517e+00, -4.000000000000000000e+00, -4.000000000000000000e+00, -4.000000000000000000e+00, -4.000000000000000000e+00
-9.343352518079175439e-01, -4.000000000000000000e+00, -2.968577018796012990e+00, -2.575787501370934152e+00, -4.000000000000000000e+00, -4.000000000000000000e+00, -4.000000000000000000e+00, -4.000000000000000000e+00
-4.000000000000000000e+00, -1.942826673746582133e-01, -4.000000000000000000e+00, -4.000000000000000000e+00, -4.000000000000000000e+00, -4.000000000000000000e+00, -4.000000000000000000e+00, -4.000000000000000000e+00
-4.000000000000000000e+00, -4.000000000000000000e+00, -4.000000000000000000e+00, -4.000000000000000000e+00, -4.000000000000000000e+00, -4.000000000000000000e+00, -4.000000000000000000e+00, -4.537287345147779094e-01
-3.865060878583908455e+00, -4.000000000000000000e+00, -1.133519832941506378e+00, -4.000000000000000000e+00, -4.000000000000000000e+00, -4.000000000000000000e+00, -4.000000000000000000e+00, -4.000000000000000000e+00
-4.000000000000000000e+00, -4.000000000000000000e+00, -4.000000000000000000e+00, -4.000000000000000000e+00, -4.000000000000000000e+00, -1.147607681132132962e+00, -4.000000000000000000e+00, -3.991413435489808759e+00
-1.093219267921663684e+00, -4.000000000000000000e+00, -3.907580704443825326e+00, -4.000000000000000000e+00, -4.000000000000000000e+00, -4.000000000000000000e+00, -4.000000000000000000e+00, -4.000000000000000000e+00
-4.000000000000000000e+00, -4.000000000000000000e+00, -2.940464955689415572e+00, -4.000000000000000000e+00, -4.000000000000000000e+00, -3.940435769509026187e+00, -4.000000000000000000e+00, -4.000000000000000000e+00
-4.000000000000000000e+00, -4.000000000000000000e+00, -1.618055385271386815e+00, -4.000000000000000000e+00, -4.000000000000000000e+00, -4.000000000000000000e+00, -4.000000000000000000e+00, -3.818687029854164638e+00
-4.000000000000000000e+00, -4.000000000000000000e+00, -1.108799875689449932e+00, -1.933055034943475192e+00, -2.042000569703924517e-01, -2.618222157438002462e+00, -4.000000000000000000e+00, -4.000000000000000000e+00
-4.000000000000000000e+00, -4.000000000000000000e+00, -3.218002056591221516e-01, -4.000000000000000000e+00, -7.126387544472549962e-01, -4.000000000000000000e+00, -4.000000000000000000e+00, -9.835103561618538937e-01
-4.000000000000000000e+00, -4.000000000000000000e+00, -4.000000000000000000e+00, -4.000000000000000000e+00, -4.000000000000000000e+00, -2.085186949238102994e+00, -4.000000000000000000e+00, -4.000000000000000000e+00
-4.000000000000000000e+00, -3.351484543082863254e-01, -2.292110356692842021e+00, -4.000000000000000000e+00, -4.000000000000000000e+00, -4.000000000000000000e+00, -4.000000000000000000e+00, -4.000000000000000000e+00
-2.956359031949250760e+00, -2.595101599447349638e+00, -3.360328467083262272e+00, -4.000000000000000000e+00, -4.000000000000000000e+00, -4.000000000000000000e+00, -1.963222235990069731e+00, -4.000000000000000000e+00
-4.000000000000000000e+00, -4.000000000000000000e+00, -4.000000000000000000e+00, -4.000000000000000000e+00, -4.000000000000000000e+00, -4.000000000000000000e+00, -4.000000000000000000e+00, -3.010002225456112068e-01
-3.738176425250127277e+00, -4.000000000000000000e+00, -4.000000000000000000e+00, -3.535684197326481315e-01, -2.720533155637241407e-01, -4.000000000000000000e+00, -2.947948125716000511e+00, -4.000000000000000000e+00
-1.278867502460152794e+00, -3.538248146683566464e+00, -4.000000000000000000e+00, -4.000000000000000000e+00, -4.000000000000000000e+00, -4.000000000000000000e+00, -4.000000000000000000e+00, -4.000000000000000000e+00
-4.000000000000000000e+00, -4.000000000000000000e+00, -4.000000000000000000e+00, -4.000000000000000000e+00, -4.000000000000000000e+00, -4.000000000000000000e+00, -1.434228069608701972e+00, -4.000000000000000000e+00
-4.000000000000000000e+00, -7.901570288659248709e-01, -3.996654132464004583e+00, -4.000000000000000000e+00, -4.000000000000000000e+00, -4.000000000000000000e+00, -3.743483850908499999e+00, -4.000000000000000000e+00
-4.000000000000000000e+00, -4.000000000000000000e+00, -4.000000000000000000e+00, -4.000000000000000000e+00, -4.000000000000000000e+00, -4.000000000000000000e+00, -3.684445921652679257e+00, -4.000000000000000000e+00
-4.000000000000000000e+00, -4.000000000000000000e+00, -4.000000000000000000e+00, -1.914827582573474851e+00, -1.921142190125632254e+00, -4.000000000000000000e+00, -2.420731036246669188e+00, -1.226684049059193704e+00
-4.000000000000000000e+00, -4.000000000000000000e+00, -4.000000000000000000e+00, -4.000000000000000000e+00, -4.000000000000000000e+00, -4.000000000000000000e+00, -3.284759401990733796e+00, -2.245361119184811294e+00
-4.000000000000000000e+00, -4.000000000000000000e+00, -4.000000000000000000e+00, -4.000000000000000000e+00, -4.000000000000000000e+00, -4.000000000000000000e+00, -4.000000000000000000e+00, -4.000000000000000000e+00
-4.000000000000000000e+00, -4.000000000000000000e+00, -4.000000000000000000e+00, -4.000000000000000000e+00, -4.000000000000000000e+00, -4.000000000000000000e+00, -4.000000000000000000e+00, -4.000000000000000000e+00
-4.000000000000000000e+00, -4.000000000000000000e+00, -5.563832273601216905e-01, -3.260600273952751760e+00, -4.000000000000000000e+00, -4.000000000000000000e+00, -1.958841169034029273e+00, -4.000000000000000000e+00
-4.000000000000000000e+00, -4.000000000000000000e+00, -4.000000000000000000e+00, -4.000000000000000000e+00, -4.000000000000000000e+00, -4.000000000000000000e+00, -4.000000000000000000e+00, -4.000000000000000000e+00
-4.000000000000000000e+00, -4.000000000000000000e+00, -2.535663638526799435e+00, -4.000000000000000000e+00, -4.000000000000000000e+00, -4.000000000000000000e+00, -4.000000000000000000e+00, -1.090524581610851307e+00
-4.000000000000000000e+00, -4.000000000000000000e+00, -4.000000000000000000e+00, -4.519421374878775377e-01, -2.490156833736167474e+00, -4.000000000000000000e+00, -4.000000000000000000e+00, -4.000000000000000000e+00
-4.000000000000000000e+00, -6.075841644710248124e-01, -2.879529060760341874e+00, -1.504479538538848304e+00, -4.000000000000000000e+00, -4.000000000000000000e+00, -4.000000000000000000e+00, -1.520948646909418667e+00
-4.000000000000000000e+00, -4.000000000000000000e+00, -4.000000000000000000e+00, -4.000000000000000000e+00, -4.000000000000000000e+00, -4.000000000000000000e+00, -4.000000000000000000e+00, -4.000000000000000000e+00
-2.719975315988685693e+00, -1.856386465921373130e+00, -4.628865633739061569e-01, -4.000000000000000000e+00, -4.000000000000000000e+00, -4.000000000000000000e+00, -4.000000000000000000e+00, -4.000000000000000000e+00
-4.000000000000000000e+00, -1.185027080603676009e+00, -4.000000000000000000e+00, -4.000000000000000000e+00, -4.000000000000000000e+00, -4.000000000000000000e+00, -4.000000000000000000e+00, -4.000000000000000000e+00
-4.000000000000000000e+00, -3.705297417897094991e+00, -4.000000000000000000e+00, -4.000000000000000000e+00, -4.000000000000000000e+00, -3.247392416815169547e+00, -1.532854720881459798e+00, -1.399284109092442829e+00
-4.000000000000000000e+00, -4.000000000000000000e+00, -4.000000000000000000e+00, -4.000000000000000000e+00, -4.000000000000000000e+00, -2.783671938199651752e+00, -4.000000000000000000e+00, -2.308269613133376197e+00
-8.400247578141375460e-01, -4.000000000000000000e+00, -4.000000000000000000e+00, -4.000000000000000000e+00, -4.000000000000000000e+00, -4.000000000000000000e+00, -2.970154454872144356e+00, -2.059028623234666178e+00
-2.772968568811970069e+00, -4.000000000000000000e+00, -4.000000000000000000e+00, -4.000000000000000000e+00, -4.000000000000000000e+00, -4.000000000000000000e+00, -4.000000000000000000e+00, -4.000000000000000000e+00
-2.016077492117304804e+00, -1.329896392315059295e+00, -4.000000000000000000e+00, -4.000000000000000000e+00, -4.000000000000000000e+00, -4.000000000000000000e+00, -4.000000000000000000e+00, -4.000000000000000000e+00
-4.000000000000000000e+00, -4.000000000000000000e+00, -4.000000000000000000e+00, -4.000000000000000000e+00, -4.000000000000000000e+00, -4.000000000000000000e+00, -4.000000000000000000e+00, -8.606182705475742267e-01
-4.000000000000000000e+00, -4.000000000000000000e+00, -4.000000000000000000e+00, -4.000000000000000000e+00, -4.000000000000000000e+00, -3.273621116283994326e+00, -4.000000000000000000e+00, -4.000000000000000000e+00
-6.736378219859060490e-01, -1.840630730370865498e-01, -3.310057546784003768e-01, -4.000000000000000000e+00, -4.000000000000000000e+00, -1.908424322029035558e+00, -1.949150334787885130e+00, -4.000000000000000000e+00
-4.000000000000000000e+00, -4.000000000000000000e+00, -4.000000000000000000e+00, -4.000000000000000000e+00, -3.244531022369390172e+00, -4.000000000000000000e+00, -4.000000000000000000e+00, -4.000000000000000000e+00
-4.000000000000000000e+00, -4.000000000000000000e+00, -4.000000000000000000e+00, -2.116021241908136119e+00, -4.000000000000000000e+00, -4.000000000000000000e+00, -4.000000000000000000e+00, -4.000000000000000000e+00
-4.000000000000000000e+00, -4.000000000000000000e+00, -6.083754952163178409e-02, -2.778699158853858986e+00, -4.000000000000000000e+00, -4.000000000000000000e+00, -4.000000000000000000e+00, -4.000000000000000000e+00
-4.000000000000000000e+00, -4.000000000000000000e+00, -4.000000000000000000e+00, -4.000000000000000000e+00, -2.770327002339336708e+00, -4.000000000000000000e+00, -4.000000000000000000e+00, -4.000000000000000000e+00
-4.000000000000000000e+00, -4.000000000000000000e+00, -4.000000000000000000e+00, -4.000000000000000000e+00, -4.000000000000000000e+00, -2.142394567187166921e+00, -4.000000000000000000e+00, -4.000000000000000000e+00
-4.000000000000000000e+00, -4.000000000000000000e+00, -4.000000000000000000e+00, -6.007035185411392364e-01, -5.389331985101579736e-01, -4.000000000000000000e+00, -1.640076552481331218e+00, -2.503105814036333587e+00
-4.000000000000000000e+00, -4.000000000000000000e+00, -4.000000000000000000e+00, -4.000000000000000000e+00, -1.953239803075639935e+00, -4.000000000000000000e+00, -4.000000000000000000e+00, -4.000000000000000000e+00
-4.000000000000000000e+00, -4.000000000000000000e+00, -2.919109398382123466e+00, -9.977594813591299516e-01, -4.000000000000000000e+00, -4.000000000000000000e+00, -2.391199391129072094e+00, -4.000000000000000000e+00
-4.000000000000000000e+00, -4.000000000000000000e+00, -4.000000000000000000e+00, -4.000000000000000000e+00, -1.434083007582672042e+00, -8.262246266970735276e-01, -4.000000000000000000e+00, -4.000000000000000000e+00
-4.000000000000000000e+00, -4.000000000000000000e+00, -2.353580161766663625e+00, -4.000000000000000000e+00, -4.000000000000000000e+00, -4.000000000000000000e+00, -4.000000000000000000e+00, -4.000000000000000000e+00
-4.000000000000000000e+00, -4.000000000000000000e+00, -4.000000000000000000e+00, -2.862435966070921989e+00, -3.306523343102101276e+00, -4.000000000000000000e+00, -4.000000000000000000e+00, -4.000000000000000000e+00
-4.000000000000000000e+00, -4.000000000000000000e+00, -4.000000000000000000e+00, -4.000000000000000000e+00, -2.545439364594384024e+00, -4.000000000000000000e+00, -4.000000000000000000e+00, -4.000000000000000000e+00
-4.000000000000000000e+00, -4.000000000000000000e+00, -3.968335392700896858e+00, -2.996744203293657538e+00, -4.000000000000000000e+00, -4.000000000000000000e+00, -4.000000000000000000e+00, -4.000000000000000000e+00
-2.560267396969245768e-01, -4.000000000000000000e+00, -4.000000000000000000e+00, -2.197575093682361036e+00, -4.000000000000000000e+00, -4.000000000000000000e+00, -4.000000000000000000e+00, -4.000000000000000000e+00
-4.000000000000000000e+00, -4.000000000000000000e+00, -4.000000000000000000e+00, -4.000000000000000000e+00, -4.000000000000000000e+00, -4.000000000000000000e+00, -4.000000000000000000e+00, -2.833287284693160935e+00
-1.608213049629642510e+00, -4.000000000000000000e+00, -1.275338583728568453e+00, -4.000000000000000000e+00, -4.000000000000000000e+00, -4.000000000000000000e+00, -4.000000000000000000e+00, -3.863094743732455427e+00
-4.000000000000000000e+00, -4.000000000000000000e+00, -4.000000000000000000e+00, -4.000000000000000000e+00, -4.000000000000000000e+00, -2.721246648001298118e-01, -2.287499516998887650e+00, -4.000000000000000000e+00
-1.928246829122481243e+00, -4.000000000000000000e+00, -2.252796349476816340e-01, -4.000000000000000000e+00, -4.000000000000000000e+00, -4.000000000000000000e+00, -4.000000000000000000e+00, -4.000000000000000000e+00
-2.538869614294839483e+00, -4.000000000000000000e+00, -4.000000000000000000e+00, -4.000000000000000000e+00, -4.000000000000000000e+00, -4.000000000000000000e+00, -4.000000000000000000e+00, -3.979452432428582376e-01
-4.000000000000000000e+00, -1.673816024249642043e+00, -4.000000000000000000e+00, -4.000000000000000000e+00, -4.000000000000000000e+00, -4.000000000000000000e+00, -4.000000000000000000e+00, -3.770218420450427210e+00
-3.388600646796744442e+00, -4.000000000000000000e+00, -4.000000000000000000e+00, -4.000000000000000000e+00, -4.000000000000000000e+00, -4.000000000000000000e+00, -4.000000000000000000e+00, -2.618345399982296762e+00
-4.000000000000000000e+00, -4.000000000000000000e+00, -4.000000000000000000e+00, -4.000000000000000000e+00, -1.611697718830045645e+00, -4.000000000000000000e+00, -1.299273284185213040e+00, -4.000000000000000000e+00
-1.157849034266272170e+00, -4.000000000000000000e+00, -4.000000000000000000e+00, -4.000000000000000000e+00, -2.862400801961044738e+00, -4.000000000000000000e+00, -4.000000000000000000e+00, -4.000000000000000000e+00
-4.000000000000000000e+00, -4.000000000000000000e+00, -4.000000000000000000e+00, -4.000000000000000000e+00, -4.000000000000000000e+00, -2.353547591020181518e+00, -4.000000000000000000e+00, -4.000000000000000000e+00
-4.000000000000000000e+00, -4.000000000000000000e+00, -4.000000000000000000e+00, -4.000000000000000000e+00, -4.000000000000000000e+00, -4.000000000000000000e+00, -4.000000000000000000e+00, -4.000000000000000000e+00
-1.093899197056318995e+00, -4.000000000000000000e+00, -4.000000000000000000e+00, -9.744019561387606831e-02, -4.000000000000000000e+00, -4.000000000000000000e+00, -4.000000000000000000e+00, -4.000000000000000000e+00
-4.000000000000000000e+00, -3.881735963734505024e+00, -1.567248879120096416e-01, -4.000000000000000000e+00, -4.000000000000000000e+00, -4.000000000000000000e+00, -4.000000000000000000e+00, -4.000000000000000000e+00
-4.000000000000000000e+00, -7.995429846941999319e-01, -1.172073114366575686e+00, -4.000000000000000000e+00, -4.000000000000000000e+00, -4.000000000000000000e+00, -4.000000000000000000e+00, -4.000000000000000000e+00
-2.083458748122190229e+00, -4.000000000000000000e+00, -1.161191188666616414e+00, -4.000000000000000000e+00, -4.000000000000000000e+00, -4.000000000000000000e+00, -4.000000000000000000e+00, -5.178609111331651249e-01
-4.000000000000000000e+00, -4.000000000000000000e+00, -4.000000000000000000e+00, -3.279456099125475976e+00, -5.258288370553584334e-01, -4.000000000000000000e+00, -4.000000000000000000e+00, -4.000000000000000000e+00
-4.000000000000000000e+00, -4.000000000000000000e+00, -4.000000000000000000e+00, -2.545433144750975707e+00, -3.141084009798582599e+00, -4.000000000000000000e+00, -4.000000000000000000e+00, -4.000000000000000000e+00
-4.000000000000000000e+00, -1.154873675307825698e+00, -4.000000000000000000e+00, -4.000000000000000000e+00, -4.000000000000000000e+00, -4.000000000000000000e+00, -4.000000000000000000e+00, -1.114039193236444403e+00
-4.000000000000000000e+00, -4.000000000000000000e+00, -4.000000000000000000e+00, -4.000000000000000000e+00, -3.385710885406888249e+00, -2.965674070637712045e+00, -4.000000000000000000e+00, -2.528127352897469926e+00
-4.000000000000000000e+00, -4.000000000000000000e+00, -2.204392342335720567e+00, -4.000000000000000000e+00, -4.000000000000000000e+00, -4.000000000000000000e+00, -4.000000000000000000e+00, -4.000000000000000000e+00
-4.000000000000000000e+00, -4.000000000000000000e+00, -4.000000000000000000e+00, -4.000000000000000000e+00, -4.000000000000000000e+00, -1.080086242405034369e+00, -3.281147505345504367e+00, -4.000000000000000000e+00
-4.000000000000000000e+00, -4.000000000000000000e+00, -4.000000000000000000e+00, -4.000000000000000000e+00, -4.000000000000000000e+00, -8.456218990429121840e-01, -4.000000000000000000e+00, -1.900070073225256007e+00
-4.000000000000000000e+00, -4.000000000000000000e+00, -4.000000000000000000e+00, -4.000000000000000000e+00, -4.000000000000000000e+00, -4.000000000000000000e+00, -2.094317057887451761e-01, -1.438768572925165135e+00
-4.000000000000000000e+00, -1.757480128606530023e+00, -4.000000000000000000e+00, -4.000000000000000000e+00, -4.000000000000000000e+00, -4.000000000000000000e+00, -9.157311131604657373e-01, -4.000000000000000000e+00
-4.000000000000000000e+00, -2.105876864211033914e-03, -4.000000000000000000e+00, -4.000000000000000000e+00, -3.807047350830949917e+00, -4.000000000000000000e+00, -1.000190493925774415e+00, -4.000000000000000000e+00
-4.000000000000000000e+00, -4.000000000000000000e+00, -4.000000000000000000e+00, -4.000000000000000000e+00, -2.515541115429493768e+00, -2.811521509741574221e+00, -4.000000000000000000e+00, -4.000000000000000000e+00
-3.967988597139623153e+00, -4.000000000000000000e+00, -4.000000000000000000e+00, -4.000000000000000000e+00, -4.000000000000000000e+00, -4.000000000000000000e+00, -4.000000000000000000e+00, -4.000000000000000000e+00
-4.000000000000000000e+00, -4.025649752741528586e-01, -4.000000000000000000e+00, -8.509275240646683169e-01, -2.642903940947456398e+00, -4.000000000000000000e+00, -4.000000000000000000e+00, -4.000000000000000000e+00
-2.457519962064075525e+00, -1.500284594427688134e+00, -4.000000000000000000e+00, -4.000000000000000000e+00, -4.000000000000000000e+00, -4.000000000000000000e+00, -4.000000000000000000e+00, -3.530009615970569614e-01
-2.068321551365040367e+00, -4.000000000000000000e+00, -4.000000000000000000e+00, -2.841823215261821481e-02, -4.000000000000000000e+00, -4.000000000000000000e+00, -4.000000000000000000e+00, -4.432221126585337845e-01
-3.522382477853726268e+00, -1.472358046305338730e+00, -4.000000000000000000e+00, -4.000000000000000000e+00, -4.000000000000000000e+00, -4.000000000000000000e+00, -4.000000000000000000e+00, -4.000000000000000000e+00
-4.000000000000000000e+00, -3.375458372014138231e+00, -2.083039245669701334e+00, -2.861190297183026310e+00, -1.921706528156742477e+00, -4.000000000000000000e+00, -4.000000000000000000e+00, -4.000000000000000000e+00
-4.000000000000000000e+00, -4.000000000000000000e+00, -4.000000000000000000e+00, -4.000000000000000000e+00, -4.000000000000000000e+00, -4.000000000000000000e+00, -4.000000000000000000e+00, -4.000000000000000000e+00
-3.915642446040066282e-01, -4.000000000000000000e+00, -3.332073211009775271e+00, -1.629633209399034444e+00, -4.000000000000000000e+00, -4.000000000000000000e+00, -2.003554886072655972e+00, -2.468036967693306938e+00
-4.000000000000000000e+00, -4.000000000000000000e+00, -1.322139745436877289e+00, -7.973583926485386386e-02, -6.879756093020641394e-01, -4.000000000000000000e+00, -4.000000000000000000e+00, -4.000000000000000000e+00
-4.000000000000000000e+00, -4.000000000000000000e+00, -1.901825887101566526e+00, -4.000000000000000000e+00, -4.000000000000000000e+00, -4.000000000000000000e+00, -4.000000000000000000e+00, -1.993089644924911918e-01
-2.747289858719685007e+00, -4.000000000000000000e+00, -4.000000000000000000e+00, -3.841288374635809966e+00, -2.068834740881762002e+00, -4.000000000000000000e+00, -4.000000000000000000e+00, -4.000000000000000000e+00
-4.000000000000000000e+00, -4.000000000000000000e+00, -2.445020428576684779e+00, -6.197899723116182535e-01, -1.688346747693475036e+00, -4.000000000000000000e+00, -4.000000000000000000e+00, -4.000000000000000000e+00
-4.000000000000000000e+00, -4.000000000000000000e+00, -4.000000000000000000e+00, -4.000000000000000000e+00, -4.000000000000000000e+00, -4.000000000000000000e+00, -2.836615767202985139e-02, -1.084106782632912047e-01
-4.000000000000000000e+00, -4.000000000000000000e+00, -4.000000000000000000e+00, -4.000000000000000000e+00, -4.000000000000000000e+00, -4.000000000000000000e+00, -4.000000000000000000e+00, -1.819979869620232948e+00
-4.000000000000000000e+00, -4.000000000000000000e+00, -4.000000000000000000e+00, -4.000000000000000000e+00, -4.000000000000000000e+00, -4.000000000000000000e+00, -4.000000000000000000e+00, -4.000000000000000000e+00
-4.000000000000000000e+00, -1.397208152291208538e+00, -1.129901921521114794e+00, -4.000000000000000000e+00, -4.000000000000000000e+00, -4.000000000000000000e+00, -2.609205473476329473e+00, -4.000000000000000000e+00
-4.000000000000000000e+00, -4.000000000000000000e+00, -4.000000000000000000e+00, -4.000000000000000000e+00, -4.000000000000000000e+00, -3.832419389850490354e+00, -4.000000000000000000e+00, -4.000000000000000000e+00
-4.000000000000000000e+00, -4.000000000000000000e+00, -4.000000000000000000e+00, -6.264464981264381560e-01, -1.149787502007431073e+00, -4.000000000000000000e+00, -4.000000000000000000e+00, -4.000000000000000000e+00
-1.703710423592380341e+00, -1.886693278029126342e+00, -4.000000000000000000e+00, -4.000000000000000000e+00, -4.000000000000000000e+00, -1.722237678287791951e+00, -4.000000000000000000e+00, -4.000000000000000000e+00
-6.445683774620978301e-01, -1.804737626663271310e+00, 4.000000000000000000e+00, 4.000000000000000000e+00, 3.158647113510508309e+00, 4.000000000000000000e+00, 4.000000000000000000e+00, 3.183928402801647017e+00
4.000000000000000000e+00, 4.000000000000000000e+00, 4.000000000000000000e+00, 2.149581717884217369e+00, 4.000000000000000000e+00, 4.000000000000000000e+00, 4.000000000000000000e+00, 2.846184222810683284e+00
4.000000000000000000e+00, 4.000000000000000000e+00, 4.000000000000000000e+00, 4.000000000000000000e+00, 4.000000000000000000e+00, 4.000000000000000000e+00, 4.000000000000000000e+00, 8.581681168744352828e-01
4.000000000000000000e+00, 4.000000000000000000e+00, 4.000000000000000000e+00, 4.000000000000000000e+00, 4.000000000000000000e+00, 2.759819478626792666e+00, 1.356038184192682960e+00, 4.000000000000000000e+00
3.444175824667749630e+00, 4.000000000000000000e+00, 4.000000000000000000e+00, 1.990351605396083023e+00, 4.000000000000000000e+00, 4.000000000000000000e+00, 2.693253514560585593e+00, 1.311287120376537274e+00
4.000000000000000000e+00, 1.792529481785546164e+00, 4.000000000000000000e+00, 4.000000000000000000e+00, 4.000000000000000000e+00, 2.847207472804285100e-01, 4.000000000000000000e+00, 4.000000000000000000e+00
4.000000000000000000e+00, 4.000000000000000000e+00, 2.947556792262081338e+00, 4.000000000000000000e+00, 4.000000000000000000e+00, 8.176529165237775842e-01, 4.000000000000000000e+00, 4.000000000000000000e+00
1.166111394060736633e-01, 4.000000000000000000e+00, 8.688183687389648968e-01, 4.000000000000000000e+00, 4.000000000000000000e+00, 4.000000000000000000e+00, 3.235500383913752831e+00, 4.000000000000000000e+00
4.000000000000000000e+00, 1.170552610106901370e-01, 9.761329294946955448e-01, 4.000000000000000000e+00, 2.062902176874666260e+00, 4.000000000000000000e+00, 4.000000000000000000e+00, 4.000000000000000000e+00
4.354662685293888558e-01, 4.000000000000000000e+00, 3.600750761470586703e+00, 4.000000000000000000e+00, 4.000000000000000000e+00, 4.000000000000000000e+00, 3.276887834388857890e+00, 4.000000000000000000e+00
4.000000000000000000e+00, 4.000000000000000000e+00, 4.000000000000000000e+00, 1.651799678106297131e-01, 1.278529703820830699e-01, 4.000000000000000000e+00, 1.962107591531121242e+00, 4.000000000000000000e+00
4.000000000000000000e+00, 3.135417340713969825e+00, 3.823113546058423573e+00, 4.000000000000000000e+00, 4.000000000000000000e+00, 2.108778416752801199e+00, 3.217982900072841712e+00, 4.000000000000000000e+00
4.000000000000000000e+00, 3.990298252391236922e+00, 4.000000000000000000e+00, 4.000000000000000000e+00, 5.187426824262436620e-01, 4.000000000000000000e+00, 3.709849324290537820e-01, 4.000000000000000000e+00
4.000000000000000000e+00, 4.000000000000000000e+00, 3.510355322302091352e+00, 1.737240908240294202e+00, 4.000000000000000000e+00, 4.000000000000000000e+00, 4.000000000000000000e+00, 1.769053137974810896e+00
4.000000000000000000e+00, 3.853887527952033487e+00, 4.000000000000000000e+00, 2.800875205869040929e+00, 2.782886890623459397e+00, 4.000000000000000000e+00, 4.000000000000000000e+00, 4.000000000000000000e+00
8.874290411984838700e-01, 4.000000000000000000e+00, 4.000000000000000000e+00, 4.000000000000000000e+00, 3.060235136135156075e+00, 4.000000000000000000e+00, 4.000000000000000000e+00, 4.000000000000000000e+00
4.000000000000000000e+00, 4.000000000000000000e+00, 4.000000000000000000e+00, 4.000000000000000000e+00, 3.794821803339643029e-02, 4.000000000000000000e+00, 1.756041982324893613e+00, 4.000000000000000000e+00
4.000000000000000000e+00, 4.000000000000000000e+00, 4.000000000000000000e+00, 1.622733275770795514e+00, 4.000000000000000000e+00, 4.000000000000000000e+00, 5.319962190900998644e-01, 3.660088944515860754e-01
4.000000000000000000e+00, 4.000000000000000000e+00, 4.000000000000000000e+00, 1.914872948070932335e+00, 4.000000000000000000e+00, 2.693806250129310964e+00, 4.000000000000000000e+00, 4.000000000000000000e+00
4.000000000000000000e+00, 4.000000000000000000e+00, 4.000000000000000000e+00, 4.000000000000000000e+00, 4.000000000000000000e+00, 4.000000000000000000e+00, 4.000000000000000000e+00, 2.039112261468281950e+00
4.000000000000000000e+00, 3.076029492083465211e+00, 4.000000000000000000e+00, 4.000000000000000000e+00, 4.000000000000000000e+00, 1.370319080790837640e+00, 4.000000000000000000e+00, 4.000000000000000000e+00
1.500628351011804806e+00, 4.000000000000000000e+00, 4.000000000000000000e+00, 4.000000000000000000e+00, 4.000000000000000000e+00, 4.000000000000000000e+00, 1.005838827637019373e+00, 9.937186253138987624e-01
3.651256116031345922e+00, 4.000000000000000000e+00, 4.000000000000000000e+00, 1.461294185539073753e+00, 4.000000000000000000e+00, 4.000000000000000000e+00, 1.241412586776112992e+00, 4.000000000000000000e+00
4.000000000000000000e+00, 4.000000000000000000e+00, 2.341208176440286781e+00, 3.554409594214781087e+00, 4.000000000000000000e+00, 2.681785018066044302e+00, 4.000000000000000000e+00, 4.000000000000000000e+00
9.253264118374615599e-01, 4.000000000000000000e+00, 4.000000000000000000e+00, 4.000000000000000000e+00, 1.212092295825973221e+00, 3.594129008064376407e+00, 4.000000000000000000e+00, 2.014928703875077609e+00
2.519034547018911940e+00, 4.000000000000000000e+00, 4.000000000000000000e+00, 2.949173220394154082e+00, 4.000000000000000000e+00, 4.000000000000000000e+00, 4.000000000000000000e+00, 4.000000000000000000e+00
4.000000000000000000e+00, 2.665472011493090765e+00, 4.000000000000000000e+00, 7.947279558087712026e-01, 4.000000000000000000e+00, 4.000000000000000000e+00, 3.110704673055480374e+00, 4.000000000000000000e+00
4.000000000000000000e+00, 8.648757627496758138e-01, 4.000000000000000000e+00, 3.581144686681176359e-01, 4.000000000000000000e+00, 4.000000000000000000e+00, 4.808606537402101977e-01, 4.000000000000000000e+00
4.000000000000000000e+00, 3.294238884031274406e+00, 4.000000000000000000e+00, 2.813369280792767935e+00, 4.000000000000000000e+00, 4.000000000000000000e+00, 4.000000000000000000e+00, 4.000000000000000000e+00
1.802185936962042545e+00, 4.000000000000000000e+00, 4.000000000000000000e+00, 4.000000000000000000e+00, 4.000000000000000000e+00, 4.000000000000000000e+00, 4.000000000000000000e+00, 2.286377330607999858e-01
4.000000000000000000e+00, 4.000000000000000000e+00, 4.000000000000000000e+00, 1.799442576343965317e-01, 4.000000000000000000e+00, 1.226594465352059293e+00, 4.000000000000000000e+00, 4.000000000000000000e+00
1.382225001674812326e+00, 4.000000000000000000e+00, 4.000000000000000000e+00, 8.573096445987673508e-01, 4.000000000000000000e+00, 4.000000000000000000e+00, 4.000000000000000000e+00, 2.227375449617387537e-01
4.000000000000000000e+00, 4.000000000000000000e+00, 2.785656168019667867e+00, 4.000000000000000000e+00, 4.000000000000000000e+00, 4.000000000000000000e+00, 4.000000000000000000e+00, 4.000000000000000000e+00
4.000000000000000000e+00, 1.347811032066451808e+00, 2.889711268145359835e+00, 4.000000000000000000e+00, 4.000000000000000000e+00, 3.325934756933907277e+00, 4.000000000000000000e+00, 4.000000000000000000e+00
4.000000000000000000e+00, 1.418380913800234566e+00, 4.000000000000000000e+00, 4.000000000000000000e+00, 2.426562905858682950e-01, 3.301749819874402192e+00, 4.000000000000000000e+00, 4.000000000000000000e+00
4.000000000000000000e+00, 4.000000000000000000e+00, 6.092368953348554772e-01, 4.000000000000000000e+00, 4.000000000000000000e+00, 4.000000000000000000e+00, 4.000000000000000000e+00, 2.720830427474932200e+00
3.104661595330610258e+00, 4.000000000000000000e+00, 4.000000000000000000e+00, 4.000000000000000000e+00, 4.000000000000000000e+00, 9.149362487936629762e-01, 2.392846908999135991e+00, 4.000000000000000000e+00
4.000000000000000000e+00, 4.000000000000000000e+00, 4.000000000000000000e+00, 3.794879749322624285e+00, 4.000000000000000000e+00, 4.000000000000000000e+00, 4.000000000000000000e+00, 4.000000000000000000e+00
2.268323471398773883e+00, 3.790667584033875048e+00, 3.327353074261119481e+00, 4.000000000000000000e+00, 4.000000000000000000e+00, 4.000000000000000000e+00, 1.447209687074123785e+00, 1.209928745196772182e+00
4.000000000000000000e+00, 4.000000000000000000e+00, 2.457234458719493642e+00, 2.555927700480465248e+00, 4.000000000000000000e+00, 4.000000000000000000e+00, 6.910437339551044333e-01, 3.150157307246803207e+00
4.000000000000000000e+00, 4.000000000000000000e+00, 2.667848298640221660e+00, 4.000000000000000000e+00, 5.986250206956913456e-01, 4.000000000000000000e+00, 2.908069128539763071e+00, 2.056384552200675453e-01
4.000000000000000000e+00, 4.000000000000000000e+00, 4.000000000000000000e+00, 4.000000000000000000e+00, 3.781118469235733026e-01, 4.000000000000000000e+00, 3.736073289061492719e+00, 4.000000000000000000e+00
2.210953619538128745e+00, 4.000000000000000000e+00, 4.000000000000000000e+00, 3.505689673522603744e+00, 2.686769725051278979e+00, 4.000000000000000000e+00, 4.000000000000000000e+00, 4.000000000000000000e+00
6.679216642733527554e-01, 4.000000000000000000e+00, 4.000000000000000000e+00, 4.000000000000000000e+00, 4.000000000000000000e+00, 3.748308420197991708e+00, 4.000000000000000000e+00, 4.000000000000000000e+00
1.145260578624861747e+00, 4.000000000000000000e+00, 1.566622011901191103e+00, 4.000000000000000000e+00, 4.000000000000000000e+00, 2.811879345806493458e+00, 4.000000000000000000e+00, 4.000000000000000000e+00
4.000000000000000000e+00, 1.349260693755281126e+00, 3.914579548455276559e+00, 4.000000000000000000e+00, 4.000000000000000000e+00, 4.000000000000000000e+00, 4.000000000000000000e+00, 1.223150912679163094e+00
4.000000000000000000e+00, 4.000000000000000000e+00, 1.919629535408847509e+00, 2.974815016608526097e+00, 4.000000000000000000e+00, 1.240685052908251373e+00, 4.000000000000000000e+00, 1.359050697921168505e+00
4.000000000000000000e+00, 4.000000000000000000e+00, 4.000000000000000000e+00, 4.000000000000000000e+00, 4.000000000000000000e+00, 1.028481728264191375e+00, 4.000000000000000000e+00, 3.238443705888723656e+00
1.486076301670148370e+00, 4.000000000000000000e+00, 4.000000000000000000e+00, 4.000000000000000000e+00, 1.932370681458573269e+00, 4.000000000000000000e+00, 4.000000000000000000e+00, 1.807486967474349671e+00
4.000000000000000000e+00, 4.000000000000000000e+00, 3.459148414027775065e+00, 2.197528587685152690e+00, 4.000000000000000000e+00, 4.000000000000000000e+00, 4.000000000000000000e+00, 4.000000000000000000e+00
1.821447116348883011e+00, 4.000000000000000000e+00, 4.000000000000000000e+00, 4.000000000000000000e+00, 4.000000000000000000e+00, 2.919291099969076875e-01, 4.000000000000000000e+00, 4.000000000000000000e+00
1.090093847120265469e+00, 4.000000000000000000e+00, 4.000000000000000000e+00, 4.000000000000000000e+00, 2.313311145955559311e+00, 4.000000000000000000e+00, 4.000000000000000000e+00, 4.000000000000000000e+00
9.729464720362186458e-01, 4.000000000000000000e+00, 4.000000000000000000e+00, 4.000000000000000000e+00, 4.061816258222658571e-01, 4.000000000000000000e+00, 4.000000000000000000e+00, 3.402562273000883319e+00
4.000000000000000000e+00, 4.000000000000000000e+00, 2.577122264503566740e+00, 1.035154574288035118e-01, 4.000000000000000000e+00, 4.000000000000000000e+00, 2.591403098120966253e-01, 4.000000000000000000e+00
7.953202499735513298e-01, 4.000000000000000000e+00, 4.000000000000000000e+00, 4.000000000000000000e+00, 4.000000000000000000e+00, 9.632246850226786616e-01, 4.000000000000000000e+00, 2.547361578337469901e+00
4.000000000000000000e+00, 4.000000000000000000e+00, 1.909434518162366423e+00, 4.000000000000000000e+00, 4.000000000000000000e+00, 3.153779050261539485e+00, 4.000000000000000000e+00, 4.000000000000000000e+00
5.095794562425628449e-01, 3.174442101094610003e+00, 4.000000000000000000e+00, 4.000000000000000000e+00, 4.000000000000000000e+00, 3.083559903496840615e+00, 4.291854835385170430e-01, 4.000000000000000000e+00
8.781121528783263352e-01, 4.000000000000000000e+00, 4.000000000000000000e+00, 2.465829816247024908e+00, 4.000000000000000000e+00, 4.000000000000000000e+00, 4.000000000000000000e+00, 4.000000000000000000e+00
4.000000000000000000e+00, 4.000000000000000000e+00, 2.859004336981167516e+00, 4.000000000000000000e+00, 4.000000000000000000e+00, 1.413140654335716562e+00, 4.000000000000000000e+00, 4.000000000000000000e+00
2.855949725702453534e+00, 1.495680635142857540e-01, 4.000000000000000000e+00, 4.000000000000000000e+00, 4.000000000000000000e+00, 4.000000000000000000e+00, 4.000000000000000000e+00, 1.547224261323245864e+00
4.000000000000000000e+00, 2.300123250350172288e+00, 4.000000000000000000e+00, 4.000000000000000000e+00, 3.943361786008778846e-01, 4.000000000000000000e+00, 4.000000000000000000e+00, 3.679228330686974968e-01
4.000000000000000000e+00, 4.000000000000000000e+00, 2.502591388605680311e+00, 4.000000000000000000e+00, 4.000000000000000000e+00, 4.000000000000000000e+00, 4.000000000000000000e+00, 1.071391027392126549e+00
4.000000000000000000e+00, 3.442277984321786999e+00, 4.000000000000000000e+00, 4.000000000000000000e+00, 4.000000000000000000e+00, 4.000000000000000000e+00, 4.000000000000000000e+00, 4.000000000000000000e+00
4.000000000000000000e+00, 3.927992155742080271e+00, 4.000000000000000000e+00, 4.000000000000000000e+00, 4.000000000000000000e+00, 1.437198942928713308e+00, 4.000000000000000000e+00, 4.000000000000000000e+00
3.789316633486944585e+00, 4.000000000000000000e+00, 4.000000000000000000e+00, 3.694881256509311207e+00, 2.275499140570113266e+00, 4.000000000000000000e+00, 4.000000000000000000e+00, 1.192322383502261385e+00
3.093936551724300710e+00, 4.000000000000000000e+00, 4.000000000000000000e+00, 4.000000000000000000e+00, 4.000000000000000000e+00, 2.625448910657712798e+00, 1.360202415292616429e+00, 4.000000000000000000e+00
4.000000000000000000e+00, 1.480830349868555551e+00, 4.000000000000000000e+00, 3.753474741685773441e+00, 1.889211322342421617e+00, 4.000000000000000000e+00, 4.000000000000000000e+00, 3.198317059062294909e+00
4.000000000000000000e+00, 4.000000000000000000e+00, 4.000000000000000000e+00, 2.028316718702403598e+00, 4.000000000000000000e+00, 4.000000000000000000e+00, 4.000000000000000000e+00, 3.243145570814478518e+00
7.524114222951558961e-01, 4.000000000000000000e+00, 4.000000000000000000e+00, 4.000000000000000000e+00, 4.000000000000000000e+00, 4.000000000000000000e+00, 3.815713391747677985e+00, 4.000000000000000000e+00
4.000000000000000000e+00, 4.000000000000000000e+00, 2.281404090447881394e+00, 4.000000000000000000e+00, 4.000000000000000000e+00, 4.000000000000000000e+00, 1.351014201969030326e+00, 4.000000000000000000e+00
4.000000000000000000e+00, 1.677584852358732670e+00, 4.000000000000000000e+00, 4.000000000000000000e+00, 4.000000000000000000e+00, 2.439784590750000981e-01, 6.862124832514849837e-01, 4.000000000000000000e+00
4.000000000000000000e+00, 1.223480489143298211e+00, 4.000000000000000000e+00, 4.000000000000000000e+00, 4.000000000000000000e+00, 4.000000000000000000e+00, 4.000000000000000000e+00, 2.141091132312923584e+00
4.000000000000000000e+00, 6.599011372261005537e-01, 4.000000000000000000e+00, 4.000000000000000000e+00, 3.047715904480243321e+00, 4.000000000000000000e+00, 4.000000000000000000e+00, 4.000000000000000000e+00
4.173288907839121653e-01, 4.000000000000000000e+00, 4.000000000000000000e+00, 4.000000000000000000e+00, 4.000000000000000000e+00, 4.000000000000000000e+00, 2.677559187708532296e+00, 4.000000000000000000e+00
2.305190144401384700e+00, 4.000000000000000000e+00, 4.000000000000000000e+00, 4.324996954125406162e-02, 2.707495599089360550e+00, 4.000000000000000000e+00, 4.000000000000000000e+00, 2.255029049360146587e+00
4.000000000000000000e+00, 4.000000000000000000e+00, 5.402047331538926134e-01, 4.000000000000000000e+00, 4.000000000000000000e+00, 4.575982900538561604e-01, 4.000000000000000000e+00, 4.000000000000000000e+00
4.000000000000000000e+00, 1.090442242834755993e+00, 4.000000000000000000e+00, 4.000000000000000000e+00, 4.000000000000000000e+00, 4.000000000000000000e+00, 4.000000000000000000e+00, 8.903969057774432372e-01
1.613362745014905064e+00, 2.482390516379557877e+00, 4.000000000000000000e+00, 4.000000000000000000e+00, 2.570404202786541248e+00, 4.000000000000000000e+00, 4.000000000000000000e+00, 4.000000000000000000e+00
7.998077767001848803e-01, 4.000000000000000000e+00, 4.000000000000000000e+00, 4.000000000000000000e+00, 4.000000000000000000e+00, 4.000000000000000000e+00, 4.000000000000000000e+00, 1.922002598199243462e+00
4.000000000000000000e+00, 4.000000000000000000e+00, 4.000000000000000000e+00, 3.266487457451644705e+00, 4.000000000000000000e+00, 4.000000000000000000e+00, 2.547759088993126753e+00, 4.000000000000000000e+00
4.000000000000000000e+00, 7.777552724980616450e-01, 4.000000000000000000e+00, 4.000000000000000000e+00, 4.000000000000000000e+00, 2.729395202548284161e+00, 4.000000000000000000e+00, 4.000000000000000000e+00
4.000000000000000000e+00, 4.000000000000000000e+00, 2.827387031634079895e-01, 4.000000000000000000e+00, 3.777273007073589373e+00, 4.000000000000000000e+00, 4.000000000000000000e+00, 4.000000000000000000e+00
4.000000000000000000e+00, 1.312216544268883511e-01, 4.000000000000000000e+00, 4.000000000000000000e+00, 1.778743846529882600e+00, 4.000000000000000000e+00, 4.000000000000000000e+00, 9.766786531978172148e-01
4.000000000000000000e+00, 4.000000000000000000e+00, 4.000000000000000000e+00, 4.000000000000000000e+00, 4.000000000000000000e+00, 1.337617972769039376e+00, 2.415964983740211292e+00, 4.000000000000000000e+00
4.000000000000000000e+00, 1.128416590588881885e+00, 4.000000000000000000e+00, 2.250617381856296895e+00, 4.000000000000000000e+00, 4.000000000000000000e+00, 4.000000000000000000e+00, 8.104170366798568725e-02
4.000000000000000000e+00, 4.000000000000000000e+00, 4.000000000000000000e+00, 6.908856984671633006e-01, 4.000000000000000000e+00, 4.000000000000000000e+00, 8.891809695520521695e-01, 2.963110581845608049e+00
4.000000000000000000e+00, 4.000000000000000000e+00, 4.000000000000000000e+00, 3.097435221998056765e+00, 4.000000000000000000e+00, 4.000000000000000000e+00, 2.668263319848296788e+00, 4.000000000000000000e+00
4.000000000000000000e+00, 4.000000000000000000e+00, 4.000000000000000000e+00, 1.578573327422984063e-01, 4.000000000000000000e+00, 4.000000000000000000e+00, 4.000000000000000000e+00, 1.636411674659074222e+00
4.000000000000000000e+00, 4.000000000000000000e+00, 4.000000000000000000e+00, 4.000000000000000000e+00, 4.000000000000000000e+00, 4.000000000000000000e+00, 4.000000000000000000e+00, 4.000000000000000000e+00
1.629965188416354627e-01, 1.414278764486324613e+00, 4.000000000000000000e+00, 4.000000000000000000e+00, 4.000000000000000000e+00, 4.000000000000000000e+00, 6.958356343736291638e-01, 4.000000000000000000e+00
4.000000000000000000e+00, 4.000000000000000000e+00, 2.970054155954417130e+00, 4.000000000000000000e+00, 4.000000000000000000e+00, 1.169899791409253487e-01, 4.000000000000000000e+00, 4.000000000000000000e+00
9.824140265236126490e-01, 3.173076060426063272e+00, 2.272301251604652350e+00, 4.000000000000000000e+00, 4.000000000000000000e+00, 4.000000000000000000e+00, 4.000000000000000000e+00, 2.002494864363037586e+00
4.000000000000000000e+00, 4.000000000000000000e+00, 4.000000000000000000e+00, 2.009645891687784403e+00, 4.000000000000000000e+00, 4.000000000000000000e+00, 4.000000000000000000e+00, 4.000000000000000000e+00
4.000000000000000000e+00, 1.043986670195225508e-01, 4.000000000000000000e+00, 1.617291385844479734e+00, 4.000000000000000000e+00, 4.000000000000000000e+00, 2.744197070945217476e+00, 4.000000000000000000e+00
4.000000000000000000e+00, 2.415232615877165756e+00, 4.000000000000000000e+00, 4.000000000000000000e+00, 4.000000000000000000e+00, 3.251262044557722941e+00, 4.000000000000000000e+00, 4.000000000000000000e+00
4.000000000000000000e+00, 4.000000000000000000e+00, 4.000000000000000000e+00, 4.000000000000000000e+00, 4.000000000000000000e+00, 3.825649718717369030e+00, 4.000000000000000000e+00, 4.000000000000000000e+00
2.639787579158294761e+00, 1.417667567249371263e+00, 4.000000000000000000e+00, 4.000000000000000000e+00, 4.000000000000000000e+00, 4.000000000000000000e+00, 9.632267966848645502e-01, 4.000000000000000000e+00
4.000000000000000000e+00, 1.757268719845382909e+00, 4.000000000000000000e+00, 3.729128326178165143e+00, 4.000000000000000000e+00, 4.000000000000000000e+00, 4.840535436343748610e-01, 4.000000000000000000e+00
2.097407754571953276e-01, 4.000000000000000000e+00, 4.000000000000000000e+00, 4.000000000000000000e+00, 3.101713610912666841e+00, 4.000000000000000000e+00, 4.000000000000000000e+00, 1.356368660159377404e+00
4.311760324702405001e-01, 4.000000000000000000e+00, 4.000000000000000000e+00, 4.000000000000000000e+00, 3.497775901113817781e-02, 3.744413353693906821e+00, 4.000000000000000000e+00, 4.855228451427338610e-01
4.000000000000000000e+00, 4.000000000000000000e+00, 3.443965271422182450e+00, 4.000000000000000000e+00, 6.512828316842425580e-02, 1.465132349247232790e+00, 4.000000000000000000e+00, 4.000000000000000000e+00
4.000000000000000000e+00, 1.340181436098835777e+00, 1.435778741347685239e+00, 2.100250777910439126e+00, 4.000000000000000000e+00, 4.000000000000000000e+00, 4.000000000000000000e+00, 4.000000000000000000e+00
4.000000000000000000e+00, 9.806495637167454982e-01, 4.000000000000000000e+00, 4.000000000000000000e+00, 4.000000000000000000e+00, 4.000000000000000000e+00, 3.565133492782190938e+00, 4.000000000000000000e+00
4.000000000000000000e+00, 4.000000000000000000e+00, 1.180229102513240091e+00, 4.000000000000000000e+00, 4.000000000000000000e+00, 4.000000000000000000e+00, 4.000000000000000000e+00, 1.234298860712176982e+00
4.000000000000000000e+00, 4.000000000000000000e+00, 4.000000000000000000e+00, 4.000000000000000000e+00, 4.000000000000000000e+00, 4.000000000000000000e+00, 4.000000000000000000e+00, 4.000000000000000000e+00
1.324363480928610892e+00, 4.000000000000000000e+00, 4.000000000000000000e+00, 4.000000000000000000e+00, 6.075618515275081899e-01, 4.000000000000000000e+00, 1.292138944089497476e+00, 4.000000000000000000e+00
4.109353327189430027e-01, 4.000000000000000000e+00, 6.550369909711841743e-01, 4.000000000000000000e+00, 4.000000000000000000e+00, 2.416728477342585446e+00, 4.000000000000000000e+00, 2.687457771748611890e+00
2.226247528883674942e+00, 4.000000000000000000e+00, 4.000000000000000000e+00, 4.000000000000000000e+00, 2.670627535408296449e+00, 1.519546211762079935e+00, 3.955649244870853121e+00, 4.000000000000000000e+00
4.000000000000000000e+00, 1.966775692848973023e+00, 2.713900382322906424e+00, 3.246881028267244673e+00, 4.000000000000000000e+00, 4.000000000000000000e+00, 3.293197838138614664e+00, 2.409257828358572773e-01
4.000000000000000000e+00, 4.000000000000000000e+00, 4.000000000000000000e+00, 4.000000000000000000e+00, 4.000000000000000000e+00, 1.720549018574902278e-01, 4.000000000000000000e+00, 4.000000000000000000e+00
4.000000000000000000e+00, 3.600939866349001761e+00, 4.000000000000000000e+00, 4.000000000000000000e+00, 4.000000000000000000e+00, 7.332536706732056819e-01, 2.899887882139046802e+00, 4.000000000000000000e+00
4.000000000000000000e+00, 4.000000000000000000e+00, 4.000000000000000000e+00, 5.865112733254005395e-01, 4.000000000000000000e+00, 4.000000000000000000e+00, 2.998708314640252670e+00, 4.000000000000000000e+00
4.000000000000000000e+00, 4.000000000000000000e+00, 4.000000000000000000e+00, 1.532956759168032423e+00, 4.000000000000000000e+00, 4.000000000000000000e+00, 4.000000000000000000e+00, 4.000000000000000000e+00
4.000000000000000000e+00, 8.114988489437033881e-01, 4.000000000000000000e+00, 2.375679054342933139e+00, 4.000000000000000000e+00, 4.000000000000000000e+00, 2.833148733132483943e-01, 3.683110639784549445e+00
4.000000000000000000e+00, 4.000000000000000000e+00, 4.000000000000000000e+00, 4.000000000000000000e+00, 3.316555132346588941e+00, 3.645002648827304181e+00, 2.435385960212456347e+00, 4.000000000000000000e+00
4.000000000000000000e+00, 4.000000000000000000e+00, 4.000000000000000000e+00, 2.364902337599304183e-01, 4.000000000000000000e+00, 1.099349265787088026e+00, 4.000000000000000000e+00, 9.268393529042996404e-01
4.000000000000000000e+00, 1.519494261935407486e+00, 4.000000000000000000e+00, 4.000000000000000000e+00, 1.841062896114526337e+00, 4.000000000000000000e+00, 4.000000000000000000e+00, 4.000000000000000000e+00
4.000000000000000000e+00, 1.787241549882644165e+00, 4.000000000000000000e+00, 4.000000000000000000e+00, 3.676348983846604579e+00, 4.000000000000000000e+00, 4.000000000000000000e+00, 4.000000000000000000e+00
4.000000000000000000e+00, 4.000000000000000000e+00, 8.170013223512034850e-01, 4.000000000000000000e+00, 4.000000000000000000e+00, 1.054211335926569459e+00, 4.000000000000000000e+00, 4.000000000000000000e+00
4.000000000000000000e+00, 4.000000000000000000e+00, 2.755528504215265073e+00, 4.000000000000000000e+00, 4.000000000000000000e+00, 4.000000000000000000e+00, 4.000000000000000000e+00, 4.000000000000000000e+00
3.226088944918405144e+00, 1.911379890964829187e+00, 4.000000000000000000e+00, 4.000000000000000000e+00, 4.000000000000000000e+00, 1.148010038708023650e+00, 1.963458875255738700e+00, 4.000000000000000000e+00
2.529202761649820830e-01, 4.000000000000000000e+00, 4.000000000000000000e+00, 2.109324750346675881e+00, 4.000000000000000000e+00, 6.536489376637005799e-01, 4.000000000000000000e+00, 4.000000000000000000e+00
4.000000000000000000e+00, 4.000000000000000000e+00, 4.000000000000000000e+00, 3.408054733474159992e+00, 4.000000000000000000e+00, 4.892504734156318813e-01, 4.000000000000000000e+00, 3.132379221106894818e+00
4.000000000000000000e+00, 4.000000000000000000e+00, 2.004486653008668018e+00, 4.000000000000000000e+00, 3.330289185324648016e-01, 4.000000000000000000e+00, 4.000000000000000000e+00, 4.000000000000000000e+00
3.452835308555416649e+00, 2.967151611652739884e+00, 4.000000000000000000e+00, 4.000000000000000000e+00, 1.274858210568273198e-01, 4.000000000000000000e+00, 5.621592076112661429e-01, 4.000000000000000000e+00
4.000000000000000000e+00, 4.000000000000000000e+00, 4.000000000000000000e+00, 4.000000000000000000e+00, 4.000000000000000000e+00, 4.000000000000000000e+00, 1.113835691003673745e+00, 4.000000000000000000e+00
4.000000000000000000e+00, 4.754823024206365489e-01, 4.000000000000000000e+00, 4.000000000000000000e+00, 4.000000000000000000e+00, 6.653491576099080929e-01, 1.680143698222423820e+00, 4.000000000000000000e+00
3.109128833789503332e+00, 4.000000000000000000e+00, 4.000000000000000000e+00, 4.662697434991371348e-01, 4.000000000000000000e+00, 4.000000000000000000e+00, 4.000000000000000000e+00, 1.624743499046326978e+00
4.000000000000000000e+00, 4.000000000000000000e+00, 9.398783653573899999e-01, 4.000000000000000000e+00, 4.000000000000000000e+00, 4.000000000000000000e+00, 4.000000000000000000e+00, 4.000000000000000000e+00
4.000000000000000000e+00, 4.000000000000000000e+00, 4.000000000000000000e+00, 2.988635611218722898e-01, 4.000000000000000000e+00, 4.000000000000000000e+00, 4.000000000000000000e+00, 4.000000000000000000e+00
3.084520301671859421e+00, 1.606892758602679550e+00, 3.652662242261707881e+00, 4.000000000000000000e+00, 4.000000000000000000e+00, 1.149611903409679226e+00, 9.137517450412369069e-01, 4.000000000000000000e+00
4.000000000000000000e+00, 1.499608471763524298e+00, 4.000000000000000000e+00, 5.799006105746170592e-01, 4.000000000000000000e+00, 4.000000000000000000e+00, 4.000000000000000000e+00, 4.000000000000000000e+00
4.405959323124085669e-01, 4.000000000000000000e+00, 4.000000000000000000e+00, 4.000000000000000000e+00, 4.000000000000000000e+00, 4.000000000000000000e+00, 1.331579018290648619e+00, 4.000000000000000000e+00
1.538582804805271431e+00, 4.000000000000000000e+00, 4.000000000000000000e+00, 3.461598839010907369e+00, 4.000000000000000000e+00, 4.000000000000000000e+00, 2.810764141356747903e+00, 2.689173483203960213e+00
4.000000000000000000e+00, 4.000000000000000000e+00, -5.063515280048050959e-01, -1.753577706362769995e-01, 3.265797035790619918e-02, 2.697537124142082576e-01, -3.142898173544103613e-01, -3.117469376366876488e-01
-3.598338636025794068e-02, 7.847680805207939495e-03, 2.813570554149906131e-02, 5.373809723267505140e-02, -7.181188007812910890e-02, -7.422497019452302391e-02, 0.000000000000000000e+00, 0.000000000000000000e+00
0.000000000000000000e+00, -5.261221568600192855e-01, -1.822222989180420083e-01, 3.432437304903622477e-02, 2.810695586822450354e-01, -3.270815552418576133e-01, -3.245940880108898474e-01, -5.416064014979272284e-02
1.181325725647634599e-02, 4.234738284692149413e-02, 8.088420034972697292e-02, -1.083182674895033643e-01, -1.119114541334429030e-01, 0.000000000000000000e+00, 0.000000000000000000e+00, 0.000000000000000000e+00
-8.136298093613248961e-01, -2.821956896275140680e-01, 6.666792483086404764e-02, 4.623455370221207783e-01, -5.243867862887245934e-01, -5.258705939776714411e-01, -4.459607397648561178e-01, 9.884468004696177201e-02
3.471160578579896017e-01, 6.726335749636159766e-01, -9.128580455902314261e-01, -9.369035006753083650e-01, 0.000000000000000000e+00, 0.000000000000000000e+00, 0.000000000000000000e+00, 2.314390952133621726e-01
-7.431292590430738088e-02, 2.699774289457531617e-01, 4.132755382817880352e-01, 2.961988663688850942e-01, -2.089652512054563649e-01, 6.794252273442867064e-03, -2.350604969551974011e-02, 1.671179741807971020e-02
9.925794744713853368e-02, 7.374785405999882693e-02, -3.739509896112645781e-02, 0.000000000000000000e+00, 0.000000000000000000e+00, 0.000000000000000000e+00, 2.418374480060135334e-01, -7.693103455276838198e-02
2.823569532741764809e-01, 4.314553524018880926e-01, 3.091183121746057805e-01, -2.176888649151650090e-01, 1.036854930102981166e-02, -3.610735374030246692e-02, 2.573880452574171113e-02, 1.519476779992678939e-01
1.131178429179481859e-01, -5.705556355868936919e-02, 0.000000000000000000e+00, 0.000000000000000000e+00, 0.000000000000000000e+00, 2.507700669675975713e-01, -7.907266411750653312e-02, 2.930333317391524695e-01
4.470199213190342857e-01, 3.201640313264261239e-01, -2.250865544909507465e-01, 1.367162342850824185e-02, -4.800008915501630113e-02, 3.432846593612565167e-02, 2.014503450329005463e-01, 1.502354810984406208e-01
-7.536345887706144553e-02, 0.000000000000000000e+00, 0.000000000000000000e+00, 0.000000000000000000e+00, 2.597192186053815521e-01, -8.112691043235090160e-02, 3.037653678788779232e-01, 4.625693936610910661e-01
3.311864926456262181e-01, -2.324169049353923544e-01, 1.713538592801059149e-02, -6.066460816295343034e-02, 4.352922239986142111e-02, 2.539935183860740908e-01, 1.897376237761896345e-01, -9.465406401632357747e-02
0.000000000000000000e+00, 0.000000000000000000e+00, 0.000000000000000000e+00, 2.671886256695559236e-01, -8.277596607287068808e-02, 3.127487057284652483e-01, 4.755166507907583884e-01, 3.403554027801868886e-01
-2.384774968100776826e-01, 2.011931623674584335e-02, -7.168882158823498829e-02, 5.156950518379333631e-02, 2.996010046693001194e-01, 2.240957026842341493e-01, -1.113033120729840786e-01, 0.000000000000000000e+00
0.000000000000000000e+00, 0.000000000000000000e+00, 3.987020892920872805e-01, -1.028011876335074015e-01, 4.745418884052310937e-01, 6.995301049969627760e-01, 4.978597920841722480e-01, -3.375529040031545192e-01
8.146135360677307646e-02, -3.042791420845827322e-01, 2.228177898202437224e-01, 1.237878571856242171e+00, 9.366738674409770260e-01, -4.441926586635657204e-01, 0.000000000000000000e+00, 0.000000000000000000e+00
0.000000000000000000e+00, 2.020522282410666393e-01, -1.534187797195539105e+00, -4.424100017271831997e-01, 1.372036464912534393e-01, 1.456481837229467724e-01, 2.882247223046227602e-01, 7.413949922286909855e-01
-8.205206298366236606e-01, 7.912563752204600231e-02, 2.795918343579758547e-01, 2.914452667925161444e-01, 6.003770539788295668e-01, 0.000000000000000000e+00, 0.000000000000000000e+00, 0.000000000000000000e+00
5.589597646399250275e-01, 6.821480275303674068e-01, 9.784653809975903116e-03, 6.258943357931550100e-01, 7.368523588169628713e-02, -5.649684467134908905e-01, 7.836398346606082699e-02, 2.476902289236940224e-01
-3.260542129069863848e-01, 1.126563767559009666e+00, 1.582212482140552823e-01, -9.526027381706480002e-01, 0.000000000000000000e+00, 0.000000000000000000e+00, 0.000000000000000000e+00, 5.690340839844283405e-01
6.946497430471880730e-01, 9.956722147234803658e-03, 6.359162199336936272e-01, 7.412736237604812539e-02, -5.744637020687191065e-01, 8.167676582676813846e-02, 2.594851742441108833e-01, -3.411619403742156553e-01
1.179955946674782430e+00, 1.652175461853654381e-01, -9.974731340012200631e-01, 0.000000000000000000e+00, 0.000000000000000000e+00, 0.000000000000000000e+00, 7.187683956892806370e-01, 6.834447217526613549e-01
-2.354617195046945222e-01, -1.582768090061196348e-09, -6.909391675839975006e-09, 4.154636631977627873e-10, 4.885326679670473279e-03, 3.623619043172222106e-03, -8.508945730083318851e-03, 1.991577260996747344e-04
7.019126925862667908e-06, -1.021573966610950582e-03, 0.000000000000000000e+00, 0.000000000000000000e+00, 0.000000000000000000e+00, 7.706629250992934610e-01, 7.326549329989865411e-01, -2.519667069747110189e-01
-3.522359464556389468e-09, -3.418574452848143535e-08, 9.138201426476436929e-10, 2.996359270725024171e-02, 2.223206508314671051e-02, -5.219565790476107803e-02, 1.296423759230066293e-03, -9.323030397781900748e-06
-6.229037095490918760e-03, 0.000000000000000000e+00, 0.000000000000000000e+00, 0.000000000000000000e+00, 8.123497879226563301e-01, 7.721355942479192214e-01, -2.650768915267175396e-01, -5.020885521313009757e-09
-1.698382734159713088e-08, 1.233368370090299409e-09, 5.511309770445253081e-02, 4.067287195083516688e-02, -9.578596955016237258e-02, 2.366823222176178600e-03, 1.685105205512310623e-06, -1.168761833609324383e-02
0.000000000000000000e+00, 0.000000000000000000e+00, 0.000000000000000000e+00, 8.437248843422795463e-01, 8.018174924313002938e-01, -2.748497172051377890e-01, -5.554191615616864240e-09, 1.817423945921765833e-09
1.299916870137697354e-09, 7.695086659746153135e-02, 5.649627230522016180e-02, -1.334471388873179065e-01, 3.241910573788816131e-03, 5.134103402076681000e-05, -1.659756380672107109e-02, 0.000000000000000000e+00
0.000000000000000000e+00, 0.000000000000000000e+00, 8.751892992456101750e-01, 8.315569047128174018e-01, -2.845744334963532518e-01, -5.047086429172331568e-09, -3.903463123361807597e-08, 1.116934200593362176e-09
1.008459863017106412e-01, 7.365186494881020840e-02, -1.744978512782943136e-01, 4.147120197755576471e-03, 1.412582502174007085e-04, -2.207632874212167584e-02, 0.000000000000000000e+00, 0.000000000000000000e+00
0.000000000000000000e+00, 9.035403870486066191e-01, 8.583352166117229620e-01, -2.932862431554699167e-01, -2.847350609708636924e-09, -8.418898115058023423e-08, 5.908775382423071993e-10, 1.232781433898342688e-01
8.964050119611542689e-02, -2.129186444060656991e-01, 4.949829904862042274e-03, 2.651812965179884069e-04, -2.729218273963347416e-02, 0.000000000000000000e+00, 0.000000000000000000e+00, 0.000000000000000000e+00
9.330110032344488546e-01, 8.861480116862425760e-01, -3.022738192546763347e-01, 1.612296109758389173e-09, -8.734789233571351579e-08, -3.523126391367397546e-10, 1.481700706485326591e-01, 1.073154247384582732e-01
-2.554854958943969523e-01, 5.820118087988234747e-03, 4.302192675065776755e-04, -3.314358823452049491e-02, 0.000000000000000000e+00, 0.000000000000000000e+00, 0.000000000000000000e+00, 1.351266484818631541e+00
1.278745200130354309e+00, -4.240482931420271884e-01, 6.620238062117222747e-07, -1.203585338453316333e-06, -1.116723644442053651e-07, 5.658914061835833564e-01, 3.974814321504713255e-01, -9.633728394735106004e-01
2.000867471461949612e-02, 5.495486014146753161e-03, -1.380530479282368606e-01, 0.000000000000000000e+00, 0.000000000000000000e+00, 0.000000000000000000e+00, 1.080822795874497144e+00, 8.125171987826092235e-02
1.996573545048756282e+00, -1.234505146785043293e-07, 1.761360073274699870e-06, 4.123066680574261876e-07, 1.490961243765229899e-02, -8.482564204841426259e-01, 8.333468080054660110e-01, -1.699793738966959983e-02
2.394239292961200180e-02, 6.806374390413408304e-02, 0.000000000000000000e+00, 0.000000000000000000e+00, 0.000000000000000000e+00, 4.661251099571998013e-01, 5.042908980453898460e-01, 4.030702885482265185e-01
-1.781174315679861231e-01, -9.127917504030288454e-01, -1.244405868424475620e-01, 6.643090124824514719e-02, 3.583469209594691580e-03, -7.001436966528354344e-02, -2.984328952103013077e-01, -1.607046100342472972e+00
-2.075333209847370630e-01, 0.000000000000000000e+00, 0.000000000000000000e+00, 0.000000000000000000e+00, 4.729309332277124578e-01, 5.116589724141267226e-01, 4.105828486994312909e-01, -1.804869633736037038e-01
-9.260288897958972587e-01, -1.259628365062450406e-01, 6.967392530447971688e-02, 3.526816044442453949e-03, -7.320074166816553651e-02, -3.101829851809854155e-01, -1.671340567512584085e+00, -2.156085972740687251e-01
0.000000000000000000e+00, 0.000000000000000000e+00, 0.000000000000000000e+00, 8.241115260721031399e-01, 1.127110734008481135e-01, -1.550276731287403634e-02, -1.314236722762630871e-01, 8.038437260177739851e-01
2.220907424936904018e-01, 4.296261288972027526e-01, -1.133658639280876457e-01, -3.162602671613806149e-01, -2.516316072068890963e-01, 1.372926358577540862e+00, 4.074732909766035638e-01, 0.000000000000000000e+00
0.000000000000000000e+00, 0.000000000000000000e+00, 8.381284333411657128e-01, 1.145744758888375819e-01, -1.429072315108887228e-02, -1.331374400339003228e-01, 8.173391534494104382e-01, 2.254697482994838520e-01
4.496750196856152959e-01, -1.185657574184056096e-01, -3.311092622908879401e-01, -2.626553876719400216e-01, 1.434702315050653709e+00, 4.259663822907946429e-01, 0.000000000000000000e+00, 0.000000000000000000e+00
0.000000000000000000e+00, -2.674861613008707728e-01, -2.455009769659856067e-01, 4.384053111863051022e-01, -9.941071053225744580e-02, -3.241757622654318216e-01, 2.563894080193399594e-01, -3.148405808196652611e-02
-2.390943999874945922e-02, 5.539349822427228065e-02, -2.266431094447664968e-02, -7.205587974545371588e-02, 6.790268018663746241e-02, 0.000000000000000000e+00, 0.000000000000000000e+00, 0.000000000000000000e+00
-4.298547301469944348e-01, -4.026996693811252248e-01, 7.518640813468162598e-01, -1.777845363251800426e-01, -5.358676440770537841e-01, 4.260269252307133381e-01, -3.860830576144120840e-01, -2.854218203384064623e-01
6.715048796954372623e-01, -2.783974103422728330e-01, -8.788704662211840324e-01, 8.353942793656728982e-01, 0.000000000000000000e+00, 0.000000000000000000e+00, 0.000000000000000000e+00, -8.628789004182051137e-02
-4.649302913466168974e-02, 7.674636420934619618e-01, 3.662163569327754609e-02, 7.960446461815783303e-01, 1.914850109739237027e-01, -3.188540984891788388e-01, -1.362147291717785147e-01, 4.550688262011836072e-01
-1.011086054727937215e-02, 1.436503503770642176e+00, 4.138681332220811582e-01, 0.000000000000000000e+00, 0.000000000000000000e+00, 0.000000000000000000e+00, 1.741187306195448314e-01, 1.700842497373360185e-01
-4.675841011184186241e-02, 3.563731141380088174e-01, 4.505548666893239851e-01, 7.962563309879648610e-02, 1.181053311394841647e-02, 1.422810715834925757e-02, -2.603864037869498688e-02, 1.348753639130404747e-01
1.601470968080439539e-01, 2.599926529103750369e-02, 0.000000000000000000e+00, 0.000000000000000000e+00, 0.000000000000000000e+00, 2.773716508627596666e-01, 2.852595938335301673e-01, -5.148774939208117241e-02
5.668070414304663407e-01, 7.192745337636228253e-01, 1.452819429128898998e-01, 9.562774938906412614e-02, 1.113019493354653194e-01, -2.069296988298168216e-01, 1.063969291256933625e+00, 1.255250103001798623e+00
2.165076485913137727e-01, 0.000000000000000000e+00, 0.000000000000000000e+00, 0.000000000000000000e+00, -1.613575361508398920e-01, -5.417762193951546346e-01, -4.700037388420532647e-01, 4.288509655244045482e-01
-3.203256452416520794e-01, 1.403162993246028500e-01, 2.699846576493854927e-02, -1.722939539121751476e-02, -9.769070527641619123e-03, 9.015214861670768631e-02, -7.517330961792022259e-02, 2.477392435524529077e-02
0.000000000000000000e+00, 0.000000000000000000e+00, 0.000000000000000000e+00, -1.679248615564254421e-01, -5.630749999394623062e-01, -4.886662580695934621e-01, 4.460495372905515787e-01, -3.333107664030400819e-01
1.455556690385968466e-01, 4.043539170605184307e-02, -2.586537140425697323e-02, -1.457002034648084351e-02, 1.346758595219077481e-01, -1.126170893709720761e-01, 3.679587335134541087e-02, 0.000000000000000000e+00
0.000000000000000000e+00, 0.000000000000000000e+00, -1.744961274833510545e-01, -5.842462827266344805e-01, -5.072498617897638340e-01, 4.632090891387181664e-01, -3.462950469198755044e-01, 1.507115434837525969e-01
5.529848015163142672e-02, -3.546538427822510525e-02, -1.983309590742846421e-02, 1.836662947700592186e-01, -1.540579308839306605e-01, 4.985895906722975085e-02, 0.000000000000000000e+00, 0.000000000000000000e+00
0.000000000000000000e+00, -1.802490259383783267e-01, -6.026746824462920760e-01, -5.234505884720450641e-01, 4.781941387174565850e-01, -3.576555524297658772e-01, 1.551594288381014375e-01, 6.920309264337577704e-02
-4.447472446682753516e-02, -2.472836823128928344e-02, 2.293434757923858425e-01, -1.928459064865155059e-01, 6.192111343016958036e-02, 0.000000000000000000e+00, 0.000000000000000000e+00, 0.000000000000000000e+00
-2.718606478777259583e-01, -8.844567049002435288e-01, -7.738520503167818365e-01, 7.128122889271047979e-01, -5.378532815370110631e-01, 2.186644154049602051e-01, 3.398413594347386990e-01, -2.235380757475450286e-01
-1.163032839489464010e-01, 1.112385299871545552e+00, -9.483320826291672390e-01, 2.826101643009782949e-01, 0.000000000000000000e+00, 0.000000000000000000e+00, 0.000000000000000000e+00, -2.760081604253951104e-01
-8.966724611617750140e-01, -7.848324794083548772e-01, 7.232512028194163500e-01, -5.459807031246866060e-01, 2.211974175491905892e-01, 3.536351203408798494e-01, -2.328368637079714920e-01, -1.207982551811397354e-01
1.157406173414152750e+00, -9.868678882420184317e-01, 2.932729570697514832e-01, 0.000000000000000000e+00, 0.000000000000000000e+00, 0.000000000000000000e+00, -1.919377155788949962e-01, 5.182859485560863400e-01
9.353322330051516698e-01, -9.093834628906367933e-09, 3.409487462951316730e-08, -2.062300838623351246e-09, -6.629187818943685362e-02, 5.023264093583679375e-03, 6.126861407884865579e-02, -2.101332292025127630e-03
1.325397476581565087e-03, 3.947227717268297041e-03, 0.000000000000000000e+00, 0.000000000000000000e+00, 0.000000000000000000e+00, 5.486055807131383633e-01, -5.201098319933923353e-01, -2.813947830435091779e-01
-2.794364481227815158e-09, 6.628145423976942499e-09, 3.587851295388042266e-09, 3.921927659259023119e-02, -3.047808875256355354e-02, -8.741187933201942026e-03, 2.089885663258844208e-03, -4.721476074477933644e-04
1.674886488010415495e-03, 0.000000000000000000e+00, 0.000000000000000000e+00, 0.000000000000000000e+00, 5.756904476588704522e-01, -5.447759894271831937e-01, -2.949106486458292764e-01, -5.221839527122713458e-09
-1.309635669412473942e-08, 6.650132181553268444e-09, 7.592269946949295467e-02, -5.903105645366256427e-02, -1.689164285807646937e-02, 4.042972689016287313e-03, -9.198379432741065655e-04, 3.298987182730337992e-03
0.000000000000000000e+00, 0.000000000000000000e+00, 0.000000000000000000e+00, 5.990306984721666117e-01, -5.658234522771374841e-01, -3.064836971200871063e-01, -8.564751557879666576e-09, -6.430045912581125201e-09
1.091435068280609337e-08, 1.121929781151959349e-01, -8.740872467368651644e-02, -2.478425350185219783e-02, 6.044708325423524264e-03, -1.372868099748871884e-03, 4.965994042931542486e-03, 0.000000000000000000e+00
0.000000000000000000e+00, 0.000000000000000000e+00, 5.363566189917814975e-02, 9.075469690397278688e-01, -1.572048396284300431e-01, -1.131704369343783928e-08, -5.813484644602069030e-10, 1.159467746231273788e-10
-9.516559963917949755e-03, 3.601758145755141333e-02, -2.650102153900551344e-02, 3.695689697584491847e-04, -7.025896663611383517e-04, -2.331844877088812187e-03, 0.000000000000000000e+00, 0.000000000000000000e+00
0.000000000000000000e+00, 5.627978674519747149e-02, 9.535560758836910678e-01, -1.648721834578713574e-01, -2.169338924862352871e-08, 1.221899607591738640e-08, 2.221017108762059846e-10, -1.926394871280696572e-02
7.307951181796860929e-02, -5.381556310488408434e-02, 7.531315520585580301e-04, -1.476101243873479633e-03, -4.712601733599891193e-03, 0.000000000000000000e+00, 0.000000000000000000e+00, 0.000000000000000000e+00
5.848023078011415493e-02, 9.921133591453706879e-01, -1.712333057600900210e-01, -3.559401814227484044e-08, 8.535077133778909378e-09, 3.591991591043215860e-10, -2.860568029910560972e-02, 1.091343950030412985e-01
-8.052871483141998965e-02, 1.116067371231278024e-03, -2.251577519311395801e-03, -7.038867847419356776e-03, 0.000000000000000000e+00, 0.000000000000000000e+00, 0.000000000000000000e+00, 6.067796461202030339e-02
1.030863570331858270e+00, -1.775694714271550678e-01, -5.518732208103098986e-08, 1.304001735676441277e-08, 5.464338522633246965e-10, -3.886782884705403812e-02, 1.491688857761278575e-01, -1.103010571873820761e-01
1.498215146678474495e-03, -3.108566324072843754e-03, -9.605569513978992613e-03, 0.000000000000000000e+00, 0.000000000000000000e+00, 0.000000000000000000e+00, 9.248836166736296160e-02, 1.615837500972429508e+00
-2.676956394153069962e-01, -1.607523248954939559e-06, -9.899872241105369009e-08, 1.510553870081056083e-08, -2.383927024683513973e-01, 9.385720670228731022e-01, -7.001793639868204577e-01, 8.244476340342182102e-03
-1.881258592840076571e-02, -5.698056211716830133e-02, 0.000000000000000000e+00, 0.000000000000000000e+00, 0.000000000000000000e+00, -6.715741901873731878e-01, 1.034791762218455063e-01, -6.444456097249090520e-01
5.787361028727251444e-01, -4.266633194271288870e-02, -5.993414567417558736e-01, -2.252582024735260979e-01, 3.922338271830138612e-01, -1.669756251011287607e-01, 1.074498604365039078e+00, 1.267584469678766368e-01
-1.042464098075494006e+00, 0.000000000000000000e+00, 0.000000000000000000e+00, 0.000000000000000000e+00, -6.803064555306017613e-01, 1.057251858185241228e-01, -6.535550442573775376e-01, 5.868618081444392232e-01
-4.401262419360670725e-02, -6.082767377444229240e-01, -2.345297349933576636e-01, 4.079602289319482211e-01, -1.734304941661050925e-01, 1.118303100309287812e+00, 1.314043019363105302e-01, -1.084433632584012930e+00
0.000000000000000000e+00, 0.000000000000000000e+00, 0.000000000000000000e+00, -3.691574613587649822e-01, 2.917582841140864414e-01, 3.525964834588636854e-01, -3.940869506986391935e-01, 1.408150117053975636e-01
4.541828258766667653e-02, -6.096816445618873093e-02, 2.460555412297987452e-02, 3.636261033515515717e-02, -9.095252485010474341e-02, 3.736805145521129162e-02, 1.405893772746987652e-02, 0.000000000000000000e+00
0.000000000000000000e+00, 0.000000000000000000e+00, -5.987883126261840383e-01, 5.038055659237231643e-01, 5.918556571088069429e-01, -6.578681112416125965e-01, 2.261268871515761114e-01, 6.931512328352858188e-02
-7.129023527505210511e-01, 2.830090722151458738e-01, 4.298932798658929855e-01, -1.048876599672640797e+00, 4.395142949739559990e-01, 1.562190789328544993e-01, 0.000000000000000000e+00, 0.000000000000000000e+00
0.000000000000000000e+00, 2.668481120854924726e-01, -5.761413133538830778e-01, 4.904767262209150935e-01, 7.436855164462893193e-09, -2.543484903591914412e-08, 5.906617809506012064e-10, 9.033668559860486003e-03
-3.591856498396208547e-02, 2.688489636849019510e-02, -3.804167927959910852e-04, 7.196128136224398284e-04, 2.366489546801084278e-03, 0.000000000000000000e+00, 0.000000000000000000e+00, 0.000000000000000000e+00
2.801521177471441582e-01, -6.040873856168366141e-01, 5.151972103089138555e-01, 1.414155886977622516e-08, -1.461754072436850239e-08, 1.104455117224997337e-09, 1.807587474977716269e-02, -7.215588512692822087e-02
5.408001047977226833e-02, -7.653253856293506857e-04, 1.493666836632190657e-03, 4.757105576108591576e-03, 0.000000000000000000e+00, 0.000000000000000000e+00, 0.000000000000000000e+00, 2.912516731771834788e-01
-6.272481938450217287e-01, 5.358835462698392504e-01, 2.308144496232253481e-08, -1.633500686802871584e-08, 1.760080263914170378e-09, 2.663334312747631105e-02, -1.071123435976765736e-01, 8.047900051108580755e-02
-1.125963250703293202e-03, 2.271189595682315387e-03, 7.093403792100639281e-03, 0.000000000000000000e+00, 0.000000000000000000e+00, 0.000000000000000000e+00, 4.149583335416926477e-01, -3.419893005486187021e-01
7.513126185203496954e-01, 5.754368451526717925e-09, 6.906210837920460389e-10, 1.664123138135053652e-09, 5.786981497559308060e-03, -3.940817407355708818e-02, 3.362119260071396581e-02, -6.322353172594862404e-04
9.484435709264943263e-04, 2.800110397496709345e-03, 0.000000000000000000e+00, 0.000000000000000000e+00, 0.000000000000000000e+00, 4.338820830639347759e-01, -3.571877687631334064e-01, 7.861167040697861763e-01
1.044758212779215134e-08, -1.176236778740060443e-08, 2.997177379313081195e-09, 1.076374685881648259e-02, -7.356728071570406424e-02, 6.280353383081840879e-02, -1.187774476977635505e-03, 1.803024889234516393e-03
5.240112772361102920e-03, 0.000000000000000000e+00, 0.000000000000000000e+00, 0.000000000000000000e+00, 4.501120571712732277e-01, -3.701477056148014810e-01, 8.160809887691079512e-01, 1.676993703224964165e-08
3.100525317768047588e-09, 4.751278028077740068e-09, 1.552172940933899126e-02, -1.070834044068794122e-01, 9.156167524990065087e-02, -1.728940382414872762e-03, 2.676229438482975644e-03, 7.665514517258941417e-03
0.000000000000000000e+00, 0.000000000000000000e+00, 0.000000000000000000e+00, 2.290393877709940296e-01, 4.975421335238809362e-01, 6.597633268718873512e-02, -6.755161826553743865e-01, -1.648062629142096613e-01
6.182059408230438091e-01, 2.330822487788486788e-02, 1.088621190598420274e-01, -1.321703427583563462e-01, -1.262644408007609353e+00, -1.519750619826259475e-01, 1.045167718782947119e+00, 0.000000000000000000e+00
0.000000000000000000e+00, 0.000000000000000000e+00, 3.390821765516513486e-01, 1.374314016193361576e+00, 4.668285192865381794e-01, -8.505646977987842294e-09, -1.090454364290929275e-10, -3.632574121848597966e-10
-2.608498322974618644e-02, 3.917302537335786566e-02, -1.308804218568510383e-02, -4.467513877600375180e-04, -4.134999659348389026e-04, -2.174324464657550766e-03, 0.000000000000000000e+00, 0.000000000000000000e+00
0.000000000000000000e+00, 3.543836237238524034e-01, 1.438772258655945047e+00, 4.880630255494328162e-01, -1.551992422997583591e-08, -8.976257017530253076e-09, -7.591681605303507254e-10, -4.998136384732315696e-02
7.492978450312422212e-02, -2.494842074582285033e-02, -9.346561515878280824e-04, -8.086927701400841535e-04, -4.104351537716782565e-03, 0.000000000000000000e+00, 0.000000000000000000e+00, 0.000000000000000000e+00
3.682349240160643356e-01, 1.497718114572668791e+00, 5.073317195530675505e-01, -2.550531313609325308e-08, -6.795348125841884091e-09, -1.367190476486885541e-09, -7.562135828004337701e-02, 1.130451780150267121e-01
-3.742381986339763517e-02, -1.503639930882098375e-03, -1.233991737744348938e-03, -6.150717355884583945e-03, 0.000000000000000000e+00, 0.000000000000000000e+00, 0.000000000000000000e+00, 3.806546066352996527e-01
1.551046363267039929e+00, 5.246451093543490485e-01, -3.809066574575339229e-08, -1.653855857336263193e-08, -2.153480639961017303e-09, -1.014350122019056499e-01, 1.512419719200082391e-01, -4.980695945098446986e-02
-2.089484789292073933e-03, -1.652588496651612605e-03, -8.200208039355073517e-03, 0.000000000000000000e+00, 0.000000000000000000e+00, 0.000000000000000000e+00, 3.916603251171615896e-01, 1.598654446103648041e+00
5.400134928490459840e-01, -5.269325077750250180e-08, -2.333935889314261151e-08, -3.085956383305663087e-09, -1.260922938009224337e-01, 1.876330523231753422e-01, -6.154075839097632866e-02, -2.658467169572882940e-03
-2.051227799541917134e-03, -1.014083099077048994e-02, 0.000000000000000000e+00, 0.000000000000000000e+00, 0.000000000000000000e+00, 4.026360956368393307e-01, 1.646443968056179541e+00, 5.553631369755925862e-01
-7.093819782229271258e-08, -2.236885375781820561e-08, -4.281967621208682925e-09, -1.520341085249284074e-01, 2.258560619338397801e-01, -7.382195338497217485e-02, -3.271883557508287969e-03, -2.471351618608011273e-03
-1.216525976386249007e-02, 0.000000000000000000e+00, 0.000000000000000000e+00, 0.000000000000000000e+00, 5.584931018326958485e-01, 2.359973396840314486e+00, 7.758059884717370958e-01, -9.373846908252795129e-07
-2.333572409718387920e-07, -6.604214228022579158e-08, -6.225297271994368886e-01, 9.170936507912874625e-01, -2.945639219230597461e-01, -1.550140567624223170e-02, -8.887412633946033605e-03, -4.761158066339867684e-02
0.000000000000000000e+00, 0.000000000000000000e+00, 0.000000000000000000e+00, 5.650565742840822914e-01, 2.391717816433353683e+00, 7.852064961805227394e-01, -1.011624419121351596e-06, -2.685134885478813056e-07
-7.133625077892200022e-08, -6.465967014593687612e-01, 9.524739646057456266e-01, -3.058772619020140859e-01, -1.615012066849538450e-02, -9.177940928751890381e-03, -4.938438033982931602e-02, 0.000000000000000000e+00
0.000000000000000000e+00, 0.000000000000000000e+00, -1.321839564636092743e-02, 1.477776764819576372e-01, -3.204718123132250795e-01, -2.409590620157494589e-01, -3.453353811094376224e-01, 3.450713486662271290e-01
6.612970029954435766e-03, 2.629941607938154555e-02, -3.291238618805931992e-02, -5.772048863157605569e-02, -9.056391052151847865e-02, 7.412280351817446267e-02, 0.000000000000000000e+00, 0.000000000000000000e+00
0.000000000000000000e+00, -1.339640869789697313e-02, 1.540197424994226572e-01, -3.328699884426578604e-01, -2.510621734361772606e-01, -3.596225205752855980e-01, 3.594742168654748715e-01, 9.781820372687483403e-03
3.893441745019166761e-02, -4.871623785430064663e-02, -8.534563923629170934e-02, -1.340408195534713298e-01, 1.093529557772899979e-01, 0.000000000000000000e+00, 0.000000000000000000e+00, 0.000000000000000000e+00
-8.907175781503930828e-03, 2.527302399029842106e-01, -5.071653770122335203e-01, -4.095390483800266934e-01, -5.800136023777360261e-01, 5.841606420628444596e-01, 7.753723933829476112e-02, 3.139192168402780148e-01
-3.914564570066539351e-01, -6.885127001275187508e-01, -1.069327573048328484e+00, 8.606346347822120268e-01, 0.000000000000000000e+00, 0.000000000000000000e+00, 0.000000000000000000e+00, -4.104036775724570485e-02
-1.677403926174273197e-01, 2.787442657962049264e-01, 7.737697021774891937e-02, 4.955688255173609225e-01, 5.203098528566124648e-02, -6.137873192701403732e-03, -7.858976146325042517e-03, 1.399684935810128865e-02
8.589648777506982483e-03, 6.185589581158845718e-02, 7.038371248211315948e-03, 0.000000000000000000e+00, 0.000000000000000000e+00, 0.000000000000000000e+00, -4.314867364651830267e-02, -1.763762115116800089e-01
2.942789392914513802e-01, 8.152545476068195907e-02, 5.211841757315391899e-01, 5.484858939449704235e-02, -1.257935201245751616e-02, -1.604512659856270965e-02, 2.862447871633515967e-02, 1.749926463509957411e-02
1.265610745298720030e-01, 1.443893753596297430e-02, 0.000000000000000000e+00, 0.000000000000000000e+00, 0.000000000000000000e+00, -4.495132205215852939e-02, -1.837659850179293175e-01, 3.078338773520364335e-01
8.511203847395430733e-02, 5.431197094975400708e-01, 5.728943150129808121e-02, -1.906845693677699724e-02, -2.405221561413915798e-02, 4.312067264017446777e-02, 2.629763663834028611e-02, 1.910702800666038426e-01
2.177707610522912687e-02, 0.000000000000000000e+00, 0.000000000000000000e+00, 0.000000000000000000e+00, -4.645040145047660968e-02, -1.899155275943303356e-01, 3.192942794562538267e-01, 8.812225526589098634e-02
5.613851642814301490e-01, 5.934125658469684844e-02, -2.506313394286316387e-02, -3.128716177192696068e-02, 5.635029543053271528e-02, 3.431268763795992244e-02, 2.502271626210574307e-01, 2.848448639796728743e-02
0.000000000000000000e+00, 0.000000000000000000e+00, 0.000000000000000000e+00, -4.794678815921234183e-02, -1.960577320443248062e-01, 3.308949991470327423e-01, 9.115097499469762554e-02, 5.796383946924520414e-01
6.140836651253791384e-02, -3.148137670406365995e-02, -3.892291527087662906e-02, 7.040429213511499584e-02, 4.281796381849173327e-02, 3.132810759130371103e-01, 3.562261044658146525e-02, 0.000000000000000000e+00
0.000000000000000000e+00, 0.000000000000000000e+00, -4.944063542086226531e-02, -2.021928435559072756e-01, 3.426277700862732645e-01, 9.419731323225129238e-02, 5.978802764020147986e-01, 6.349001258576665585e-02
-3.822511237760246872e-02, -4.687799072506278891e-02, 8.510310280940090732e-02, 5.171645345704054680e-02, 3.794409350872671727e-01, 4.310074147356691976e-02, 0.000000000000000000e+00, 0.000000000000000000e+00
0.000000000000000000e+00, -7.125219600714850776e-02, -2.921478177836199785e-01, 5.311456035180076585e-01, 1.413937779663936023e-01, 8.666096809423804448e-01, 9.598939228398611911e-02, -1.540148725907948268e-01
-1.908067871920569036e-01, 3.448216620383509623e-01, 2.115759236735497706e-01, 1.571260612271510482e+00, 1.801897753496455035e-01, 0.000000000000000000e+00, 0.000000000000000000e+00, 0.000000000000000000e+00
-2.716264933429870521e-01, 4.321913892479219838e-02, 4.003233423653745904e-01, -1.475952215871999540e-01, -3.436251598210063873e-01, 2.923994156928241273e-01, -4.266202871167469601e-02, -1.242246982138827532e-03
4.390427565283470251e-02, -3.748721749502671730e-02, -8.395724346545116457e-02, 7.254855013228941885e-02, 0.000000000000000000e+00, 0.000000000000000000e+00, 0.000000000000000000e+00, -2.811205402716709378e-01
4.486719192154879632e-02, 4.155269245009172718e-01, -1.533800295083674325e-01, -3.561158068512186858e-01, 3.032348861393683870e-01, -6.123792013797835915e-02, -1.747908934337892703e-03, 6.298582897104162970e-02
-5.383637811390265537e-02, -1.204928927384414789e-01, 1.040269899915868823e-01, 0.000000000000000000e+00, 0.000000000000000000e+00, 0.000000000000000000e+00, -4.317197701405185439e-01, 7.418184665110966192e-02
6.837549896462614685e-01, -2.594447656724052642e-01, -5.651440013175464960e-01, 4.890531997517565954e-01, -4.983202152155626341e-01, -1.249833334802938518e-02, 5.108185482456631954e-01, -4.449946508631194564e-01
-9.962062366663908541e-01, 8.446567501689313806e-01, 0.000000000000000000e+00, 0.000000000000000000e+00, 0.000000000000000000e+00, 2.005920987070163031e-01, 3.733653164232211830e-02, -7.802078135099779210e-01
-8.004398511439678177e-02, -1.841972006465262823e-01, 2.510226806556360366e-02, 2.792480595505758903e-02, 9.595487633576859146e-03, -3.752029362694432602e-02, -8.344321821988168533e-03, -2.512868088596260582e-02
1.243873552448421368e-03, 0.000000000000000000e+00, 0.000000000000000000e+00, 0.000000000000000000e+00, 2.112222417216025605e-01, 3.931420049245849119e-02, -8.199257466838651975e-01, -8.415133061453987373e-02
-1.939606391274431574e-01, 2.646365032401123626e-02, 5.519711599540980118e-02, 1.884159583300831081e-02, -7.403871175614530620e-02, -1.646611765491192564e-02, -4.961654577408654981e-02, 2.441717584661209136e-03
0.000000000000000000e+00, 0.000000000000000000e+00, 0.000000000000000000e+00, 2.201175220543112321e-01, 4.096798913694336269e-02, -8.528137931369235147e-01, -8.755977649310039967e-02, -2.021312138021491012e-01
2.760841774604013907e-02, 8.179805223596871289e-02, 2.758117659094625265e-02, -1.093792289256994427e-01, -2.427250625627879951e-02, -7.343774839700949186e-02, 3.627165756266884523e-03, 0.000000000000000000e+00
0.000000000000000000e+00, 0.000000000000000000e+00, 2.290445192054501866e-01, 4.262666402788987952e-02, -8.855225020854395890e-01, -9.095604178236317561e-02, -2.103314387107602934e-01, 2.876198347654993284e-02
1.112349063007646577e-01, 3.699804817947292129e-02, -1.482329545755906863e-01, -3.280489742104011897e-02, -9.971533320975989323e-02, 4.967678742117102690e-03, 0.000000000000000000e+00, 0.000000000000000000e+00
0.000000000000000000e+00, 3.642040684134884021e-01, 6.764088771164597502e-02, -1.352765774378087427e+00, -1.400959891548385627e-01, -3.345291055476659059e-01, 4.669705619457752838e-02, 6.760261631543311722e-01
2.025408412854356188e-01, -8.785670054948074847e-01, -1.919832069030894817e-01, -5.941602728856796301e-01, 2.984369848254078347e-02, 0.000000000000000000e+00, 0.000000000000000000e+00, 0.000000000000000000e+00
8.647265670909767277e-01, 1.922420814471992312e-01, -6.488494663208186353e-01, -6.114838667660781324e-01, 2.016899104389216490e-01, 8.524535944595880432e-02, 6.894626408891697533e-01, -3.205608883588521862e-02
-6.574065506601934894e-01, -9.577331762211546140e-01, 3.167628336250969401e-01, 1.422323190928493630e-01, 0.000000000000000000e+00, 0.000000000000000000e+00, 0.000000000000000000e+00, 1.388761053258473988e+00
5.615378813751417120e-01, 1.623484424144615135e+00, -7.582001690620764679e-09, -2.484127704337076847e-07, 3.401442997673669833e-09, 8.853071257827234072e-03, -3.711975234014754099e-02, 2.826668109320382843e-02
-4.204041983613957044e-04, 7.610595668352428253e-04, 2.457175335523793455e-03, 0.000000000000000000e+00, 0.000000000000000000e+00, 0.000000000000000000e+00, 1.450824439498294760e+00, 5.859294983088153552e-01
1.696913044519934299e+00, -1.381760689704310441e-08, -3.583669140078088244e-07, 6.118832949751039070e-09, 1.692157785235717804e-02, -7.129499458635114861e-02, 5.437341662266132608e-02, -8.089525281891187880e-04
1.502936614158653260e-03, 4.724965876959378620e-03, 0.000000000000000000e+00, 0.000000000000000000e+00, 0.000000000000000000e+00, 1.506054506385363423e+00, 6.074873024558745671e-01, 1.762472671453771733e+00
-2.269978929889248005e-08, -3.252898281775335343e-07, 9.813997107129443364e-09, 2.508299424469794675e-02, -1.066137508823380708e-01, 8.153075652655625283e-02, -1.198662163991850993e-03, 2.302886840204962544e-03
7.101269503385731867e-03, 0.000000000000000000e+00, 0.000000000000000000e+00, 0.000000000000000000e+00, 1.554428276301910827e+00, 6.262571439712890653e-01, 1.820057103517655595e+00, -3.368454144897276124e-08
-2.511534525173839213e-07, 1.423674417554902736e-08, 3.284187906857990308e-02, -1.408049813949276696e-01, 1.079631021897255599e-01, -1.564857941330020669e-03, 3.092945357870609171e-03, 9.408307120010877406e-03
0.000000000000000000e+00, 0.000000000000000000e+00, 0.000000000000000000e+00, 1.602843377908958145e+00, 6.449452328039690929e-01, 1.877835304150900386e+00, -4.812803056387000061e-08, -1.990733444258916623e-07
1.990669600456263881e-08, 4.104157505434259667e-02, -1.774808870265188465e-01, 1.364393117181417758e-01, -1.946416483801848268e-03, 3.948399091571362478e-03, 1.187330985663302696e-02, 0.000000000000000000e+00
0.000000000000000000e+00, 0.000000000000000000e+00, 1.647834814468357889e+00, 6.622300056636077903e-01, 1.931650426148617816e+00, -6.501380610064127848e-08, -1.397235525553514911e-07, 2.637261386669167507e-08
4.895591892699498182e-02, -2.133295681073459626e-01, 1.643736491100150909e-01, -2.308215077173220685e-03, 4.789054432369155290e-03, 1.426954666789917274e-02, 0.000000000000000000e+00, 0.000000000000000000e+00
0.000000000000000000e+00, 1.689393338890033069e+00, 6.781292561932342755e-01, 1.981460157068329897e+00, -8.391764707707048304e-08, -5.647099589148550594e-08, 3.349316035997509827e-08, 5.646658916521712923e-02
-2.476930551510059808e-01, 1.912264660429490171e-01, -2.649255391960079944e-03, 5.599285251617776814e-03, 1.655619703610088089e-02, 0.000000000000000000e+00, 0.000000000000000000e+00, 0.000000000000000000e+00
1.670706440970469164e-01, -8.971145701426986863e-01, -5.737665713033825859e-02, 3.983215734788235506e-09, 1.971632330525370348e-08, -2.168041582204402210e-10, 3.018724814139957593e-02, -3.932872705533291269e-02
9.141478911143058328e-03, 7.343426580354775858e-04, 3.097739955444633311e-04, 2.225229030287254918e-03, 0.000000000000000000e+00, 0.000000000000000000e+00, 0.000000000000000000e+00, 1.759567999336749122e-01
-9.429700491946850782e-01, -6.039214546415648532e-02, 7.146694163177817170e-09, 1.191821201286492930e-08, -4.239506494861304531e-10, 6.031981996916802730e-02, -7.850220427061678496e-02, 1.818238438982013039e-02
1.533806093947982395e-03, 5.798559076263391007e-04, 4.414685817861373034e-03, 0.000000000000000000e+00, 0.000000000000000000e+00, 0.000000000000000000e+00, 1.837672284713299520e-01, -9.828601043407051430e-01
-6.303371334966181849e-02, 1.086873722955718676e-08, 1.166104654519890487e-08, -6.764981477711796448e-10, 9.104234973360615657e-02, -1.182082396036640282e-01, 2.716588970690207716e-02, 2.370893706175322430e-03
7.987258340867402348e-04, 6.641577073996705535e-03, 0.000000000000000000e+00, 0.000000000000000000e+00, 0.000000000000000000e+00, -2.223859488390576011e-01, 7.073507613766737423e-01, -2.300364447505917620e-01
-3.258033490606932405e-09, -4.885689797130037564e-09, 2.954778667710666035e-12, -2.786083176185377014e-03, 5.565314009437527173e-03, -2.779230821688926691e-03, -9.560308355208605260e-06, -7.964584412613242431e-05
-3.218961601969547778e-04, 0.000000000000000000e+00, 0.000000000000000000e+00, 0.000000000000000000e+00, -2.369557200088409921e-01, 7.549681613570725647e-01, -2.451077479631065537e-01, -7.839272068394155687e-09
4.828895327363622176e-09, 4.401388911100620296e-12, -2.252620879280971267e-02, 4.499561588440788990e-02, -2.246940707472979901e-02, -5.674131521360328400e-05, -6.763146185456202306e-04, -2.570117796943124575e-03
0.000000000000000000e+00, 0.000000000000000000e+00, 0.000000000000000000e+00, -2.478480915835353793e-01, 7.909044550113558669e-01, -2.563753797633694376e-01, -1.461819315040934369e-08, -2.962400983572951492e-09
4.392428960786934056e-11, -4.080624656887695684e-02, 8.149292145923860142e-02, -4.068667475033949793e-02, -1.275462767937598162e-04, -1.308468976817247012e-03, -4.615273453962035095e-03, 0.000000000000000000e+00
0.000000000000000000e+00, 0.000000000000000000e+00, -2.587063294867110175e-01, 8.270581253361836138e-01, -2.676082474086991514e-01, -2.568400688733030694e-08, 1.043019627865583295e-08, 1.886795721796994821e-10
-6.221928140861529566e-02, 1.242030313255720747e-01, -6.198374994274097327e-02, -2.827628712082118421e-04, -2.102181759782666311e-03, -6.966525995747604484e-03, 0.000000000000000000e+00, 0.000000000000000000e+00
0.000000000000000000e+00, -2.677300357882484438e-01, 8.573458480270954585e-01, -2.769436226780910837e-01, -3.857355287756192841e-08, -6.735373470581996034e-09, 4.098119247550756441e-10, -8.202414164348206804e-02
1.636905265716084579e-01, -8.166638506158893640e-02, -4.613697264234819617e-04, -2.833720206664840265e-03, -9.103024110021781107e-03, 0.000000000000000000e+00, 0.000000000000000000e+00, 0.000000000000000000e+00
-2.767332163519614086e-01, 8.877666027184468733e-01, -2.862578592396721744e-01, -5.518005666464019106e-08, -2.297223928190248332e-09, 7.193823724060430594e-10, -1.031665584421670029e-01, 2.058394472966028621e-01
-1.026728885757808990e-01, -6.620120250010144052e-04, -3.596754523352205940e-03, -1.135082102085684282e-02, 0.000000000000000000e+00, 0.000000000000000000e+00, 0.000000000000000000e+00, -4.077878806965155034e-01
1.352549868835510205e+00, -4.218495172611444466e-01, -1.126729058130157309e-06, 1.157335568345427847e-07, 2.920966919347584976e-08, -4.971038001180244637e-01, 9.921093160764321572e-01, -4.950055147892747365e-01
-5.936592265102831265e-03, -1.778334198188849524e-02, -4.942001250275219332e-02, 0.000000000000000000e+00, 0.000000000000000000e+00, 0.000000000000000000e+00, 5.862065257157338394e-01, 4.703080521700729322e-01
1.252625971074068645e-01, -2.778233374997181489e-03, -1.269182815804920095e-01, 5.243625827309826848e-01, 1.990354248891558139e-02, 4.372337822026098678e-03, -2.427588040352358922e-02, 9.759795745913915632e-03
-3.418783880084520777e-02, 1.279028018357745433e-01, 0.000000000000000000e+00, 0.000000000000000000e+00, 0.000000000000000000e+00, 6.111884502595728019e-01, 4.894764292571044950e-01, 1.303808614655505294e-01
-3.147207374439068683e-03, -1.321278259262990140e-01, 5.457159351174926121e-01, 2.939544178399891919e-02, 6.531603982901517530e-03, -3.592704558879812604e-02, 1.478559378859823151e-02, -5.092764445734614814e-02
1.897013427012122222e-01, 0.000000000000000000e+00, 0.000000000000000000e+00, 0.000000000000000000e+00, 6.327635927005281768e-01, 5.059098043193014371e-01, 1.347716092604688554e-01, -3.501488428581618195e-03
-1.366003264039519494e-01, 5.640195691748106643e-01, 3.822856667062182745e-02, 8.573293491078425380e-03, -4.680186012429091158e-02, 1.965045376075273340e-02, -6.675414787310514353e-02, 2.476550842759314974e-01
0.000000000000000000e+00, 0.000000000000000000e+00, 0.000000000000000000e+00, 9.917607087555798673e-01, 7.664479333128547678e-01, 2.046168246097299914e-01, -1.281907415965447168e-02, -2.084260828055706227e-01
8.539873329322701379e-01, 2.160258862988732598e-01, 5.806694310081506744e-02, -2.740928276516559348e-01, 1.207782020728466188e-01, -3.977980108540142279e-01, 1.441654912639622976e+00, 0.000000000000000000e+00
0.000000000000000000e+00, 0.000000000000000000e+00, 1.007632988605812185e+00, 7.774316549289252976e-01, 2.075695710871007793e-01, -1.335888508343649993e-02, -2.115027718141566371e-01, 8.662045603217686240e-01
2.246528083336860604e-01, 6.090117938659029423e-02, -2.855539871105863825e-01, 1.255377261763054864e-01, -4.139563856089063520e-01, 1.500130416544130929e+00, 0.000000000000000000e+00, 0.000000000000000000e+00
0.000000000000000000e+00, 1.023573921094502071e+00, 7.884165674581119498e-01, 2.105232983164495308e-01, -1.391116556808121192e-02, -2.145849600391905032e-01, 8.784226283558196346e-01, 2.333744511787687603e-01
6.380259611224270433e-02, -2.971770482598241059e-01, 1.303318289948525721e-01, -4.302837982675470352e-01, 1.559256482910470920e+00, 0.000000000000000000e+00, 0.000000000000000000e+00, 0.000000000000000000e+00
1.308010436343954030e-01, 3.869726459042005517e-01, -9.679848639566422663e-02, -3.209730586681593546e-03, 5.022278162060297424e-01, 8.582488754108058560e-02, 9.597687487190912324e-04, 1.204173560993963658e-02
-1.300150432556873917e-02, 4.231949133113725378e-03, 6.396897220969945119e-02, 1.296416440957576417e-02, 0.000000000000000000e+00, 0.000000000000000000e+00, 0.000000000000000000e+00, 1.374232999074610495e-01
4.065929394919353124e-01, -1.007165555207743396e-01, -3.213955701229519006e-03, 5.275328634997514810e-01, 9.023954116546181736e-02, 1.977852802673360933e-03, 2.351812659259689200e-02, -2.549597928577295239e-02
8.346297397274625440e-03, 1.252608660758167403e-01, 2.531924621024135569e-02, 0.000000000000000000e+00, 0.000000000000000000e+00, 0.000000000000000000e+00, 1.431080185865916676e-01, 4.234355683437941442e-01
-1.038687186480931196e-01, -3.183780064478945824e-03, 5.492278328163002765e-01, 9.404614607693347061e-02, 3.145508912439589581e-03, 3.472331993221477314e-02, -3.786882896568098678e-02, 1.257417288370096461e-02
1.861220523602202526e-01, 3.763767390759939491e-02, 0.000000000000000000e+00, 0.000000000000000000e+00, 0.000000000000000000e+00, 1.488003030666951165e-01, 4.403006494105770607e-01, -1.068387683925037107e-01
-3.123838441008773645e-03, 5.709273556241752923e-01, 9.787322418594514295e-02, 4.586949127207152685e-03, 4.691629168553151236e-02, -5.150324104400341718e-02, 1.738512235661666613e-02, 2.532635308042536781e-01
5.129432918227548599e-02, 0.000000000000000000e+00, 0.000000000000000000e+00, 0.000000000000000000e+00, 1.535492092245662188e-01, 4.543709376087258778e-01, -1.091848759879332775e-01, -3.052884702277098086e-03
5.890133678229543257e-01, 1.010772445740988068e-01, 5.978254944379887345e-03, 5.765031255621853867e-02, -6.362856694008328651e-02, 2.176463289759023381e-02, 3.129131382001529293e-01, 6.347595706823397355e-02
0.000000000000000000e+00, 0.000000000000000000e+00, 0.000000000000000000e+00, 2.320498234807829574e-01, 6.870595633822987880e-01, -1.326210215772176959e-01, 5.303365354028244643e-04, 8.859021231546244657e-01
1.555478241348033919e-01, 4.506887486704996837e-02, 2.712557379641700184e-01, -3.163246120583497190e-01, 1.231332479731589435e-01, 1.522054679493465956e+00, 3.175077135151480601e-01, 0.000000000000000000e+00
0.000000000000000000e+00, 0.000000000000000000e+00, -1.978659759902679227e-01, 5.961902831231290917e-02, -3.766641369981019727e-01, 4.597552309408922677e-01, 7.650197482718008590e-01, 2.021796384310610706e-01
-2.723438841397873844e-02, 2.204182934620612100e-01, -1.931839052590275663e-01, 8.707724687460207669e-01, 1.333737049021402887e+00, 3.042736618678711369e-01, 0.000000000000000000e+00, 0.000000000000000000e+00
0.000000000000000000e+00, -2.976190652866897435e-01, -7.000897137567106861e-03, 3.578633317416688997e-01, 1.345384004508515530e-01, -1.301154892450844258e-01, -4.545690144814182876e-01, -3.812291740462130096e-02
-5.336818070850854381e-04, 3.865659904444403161e-02, 4.103173193738048757e-02, -3.704757100092492816e-02, -1.106013528793333422e-01, 0.000000000000000000e+00, 0.000000000000000000e+00, 0.000000000000000000e+00
-3.097219650170426886e-01, -7.222034816812782781e-03, 3.738187303220337210e-01, 1.407686186341542411e-01, -1.359643612865267803e-01, -4.745565646580442443e-01, -5.763355770330795547e-02, -7.580880831200510674e-04
5.839164564184006617e-02, 6.230817365889640413e-02, -5.614427029304286387e-02, -1.670662572972923809e-01, 0.000000000000000000e+00, 0.000000000000000000e+00, 0.000000000000000000e+00, -4.680582071326234161e-01
-8.681123396475825052e-03, 6.105025543584123859e-01, 2.378902190229871538e-01, -2.237215929256192448e-01, -7.660912898614393729e-01, -4.558862955558901087e-01, 1.222734466427664564e-03, 4.546635614970270800e-01
5.069919900188222250e-01, -4.580201269533388242e-01, -1.305047011798293299e+00, 0.000000000000000000e+00, 0.000000000000000000e+00, 0.000000000000000000e+00, -1.388783330339116440e-01, -5.437431525138179955e-01
3.094055323967238591e-01, -7.980527358564597495e-01, 5.997448960732625761e-02, -2.671775571829475004e-01, -2.552154450046332373e-02, -3.842927671014142454e-01, 4.098143106568313265e-01, -1.387052026747049860e+00
4.408445126568686506e-02, -4.282200379821648473e-01, 0.000000000000000000e+00, 0.000000000000000000e+00, 0.000000000000000000e+00, -6.757193384222384136e-01, 2.192765097197788560e-01, -7.325132843918835679e-01
-1.008150183123508288e-09, -1.717283881921445525e-08, -1.689606638319867698e-10, -1.282869010784701540e-03, 2.943120225864710639e-03, -1.660251214326159642e-03, 5.498483759142591237e-06, -4.367047100046003586e-05
-1.747531579323492040e-04, 0.000000000000000000e+00, 0.000000000000000000e+00, 0.000000000000000000e+00, -7.189772258068742872e-01, 2.336704810975122060e-01, -7.793048912068366585e-01, -2.404523219718961415e-09
-1.281647427365748154e-08, -4.232309583204793336e-10, -1.750363807913569644e-02, 4.009063682116154742e-02, -2.258699874306745528e-02, 9.319604569721846356e-05, -6.341268796190370526e-04, -2.347171449567801715e-03
0.000000000000000000e+00, 0.000000000000000000e+00, 0.000000000000000000e+00, -7.549311029430481046e-01, 2.457379336492329924e-01, -8.181590621029883881e-01, -4.650053866870918595e-09, -2.062412664446750976e-08
-7.403809655009113576e-10, -3.410758669606152316e-02, 7.823402712085297805e-02, -4.412644052663469707e-02, 1.650642727087982286e-04, -1.313829178797989517e-03, -4.533119514262049128e-03, 0.000000000000000000e+00
0.000000000000000000e+00, 0.000000000000000000e+00, -7.872061093561659728e-01, 2.566628101466256195e-01, -8.530056002023280737e-01, -7.924948134136499626e-09, -1.826874545899673937e-08, -1.008142745466642901e-09
-5.153410179387169637e-02, 1.184237424849518827e-01, -6.688964068103275817e-02, 1.822525546983525609e-04, -2.068629286325632689e-03, -6.806414167406466507e-03, 0.000000000000000000e+00, 0.000000000000000000e+00
0.000000000000000000e+00, -8.158310371221525470e-01, 2.664226583747660304e-01, -8.838885692901515823e-01, -1.197085600912993376e-08, -3.477822462080785827e-08, -1.191935662911097788e-09, -6.863329435229628683e-02
1.579338875907301820e-01, -8.930059303675215443e-02, 1.628523481977795070e-04, -2.800311092492925851e-03, -9.015658052051987031e-03, 0.000000000000000000e+00, 0.000000000000000000e+00, 0.000000000000000000e+00
-8.408327868666889415e-01, 2.749969000555450571e-01, -9.108468491770134179e-01, -1.641283450947016714e-08, -3.020558658406141067e-08, -1.335516366570951843e-09, -8.452511423381613154e-02, 1.946856520329744433e-01
-1.101605379851664790e-01, 1.346825476645488928e-04, -3.454047419448851106e-03, -1.103585398779585551e-02, 0.000000000000000000e+00, 0.000000000000000000e+00, 0.000000000000000000e+00, -8.657955867469575573e-01
2.836010546716520309e-01, -9.377495064159823146e-01, -2.178723838586468940e-08, -3.002384469836154696e-08, -1.487616710442517540e-09, -1.010803878760278551e-01, 2.329963237797962050e-01, -1.319159355615966978e-01
1.023165088455577857e-04, -4.118336897898842303e-03, -1.310874073134641118e-02, 0.000000000000000000e+00, 0.000000000000000000e+00, 0.000000000000000000e+00, -8.907211881057763847e-01, 2.922338787696863172e-01
-9.645992731018537825e-01, -2.823110111616831770e-08, -4.292028448311109895e-08, -1.645071906286885922e-09, -1.181740024300737546e-01, 2.725711700737137866e-01, -1.543971676537220228e-01, 6.406036882281342917e-05
-4.800421264789885359e-03, -1.522007861610990588e-02, 0.000000000000000000e+00, 0.000000000000000000e+00, 0.000000000000000000e+00, -9.156102214265595673e-01, 3.008946718125207198e-01, -9.913975503088823249e-01
-3.586449205729234313e-08, 1.891574957846745471e-08, -1.798509201601342236e-09, -1.357314540413818438e-01, 3.132226408459810596e-01, -1.774911868538417148e-01, 1.831125919613160364e-05, -5.499298871025021761e-03
-1.736028513000737947e-02, 0.000000000000000000e+00, 0.000000000000000000e+00, 0.000000000000000000e+00, 8.257030763712006616e-01, 1.639382755219262390e-04, -2.479332768981928614e-01, 6.218156158865248469e-14
-4.916131891807489896e-08, 7.008346960247169220e-09, 4.185336539644193138e-02, -8.248104796366541314e-03, -3.360526065368996812e-02, 1.659133174403566377e-03, -7.309487473089635538e-04, -1.560221649003147321e-03
0.000000000000000000e+00, 0.000000000000000000e+00, 0.000000000000000000e+00, 8.640929312594991529e-01, 1.713561701208829880e-04, -2.589976653644508464e-01, -1.398964665499236736e-12, -7.858541080054756761e-09
1.189181120166669209e-08, 7.670704826979793389e-02, -1.514540602334201076e-02, -6.156164237391517635e-02, 3.006346560360791207e-03, -1.325830351803428033e-03, -2.779099934859873694e-03, 0.000000000000000000e+00
0.000000000000000000e+00, 0.000000000000000000e+00, 9.026963098641429539e-01, 1.787673603606154031e-04, -2.700087779821916389e-01, -3.190188509919489829e-12, 5.641284228779081217e-09, 1.904383177104193305e-08
1.170708883049685900e-01, -2.293464025629300337e-02, -9.413624807844650499e-02, 4.543848329420164395e-03, -1.975690942524973431e-03, -4.198634627485387134e-03, 0.000000000000000000e+00, 0.000000000000000000e+00
0.000000000000000000e+00, 1.462650066633734536e+00, 2.818633877889111525e-04, -4.195355030228509752e-01, -4.011235019265984471e-10, -5.010274568572945564e-07, 6.140924346025498606e-07, 9.331471626585877699e-01
-1.718783935369014859e-01, -7.612687714847754528e-01, 3.107656121988926212e-02, -1.281732963934071809e-02, -3.583745904480220568e-02, 0.000000000000000000e+00, 0.000000000000000000e+00, 0.000000000000000000e+00
1.920471569915788712e-01, 3.383016380846173843e-01, -2.417476391463170837e-01, 1.167511760935020376e-01, -1.460227083845317964e-01, -4.278408610408142576e-01, 6.850415748260075752e-03, 1.684789917752699609e-02
-2.369831495504416685e-02, 1.323716913371251851e-02, -2.152656553818657961e-02, -5.209639886259561509e-02, 0.000000000000000000e+00, 0.000000000000000000e+00, 0.000000000000000000e+00, 2.020598991226086050e-01
3.550034940007819606e-01, -2.532958185525622241e-01, 1.226249347163852338e-01, -1.533411847246687609e-01, -4.489631412559447199e-01, 1.311447333938005853e-02, 3.237854307078098792e-02, -4.549301639284340781e-02
2.544868439615980554e-02, -4.139705418930147984e-02, -9.971019180614489053e-02, 0.000000000000000000e+00, 0.000000000000000000e+00, 0.000000000000000000e+00, 2.105384474318234278e-01, 3.689648837025204520e-01
-2.628650506284140875e-01, 1.275600699127863447e-01, -1.594815852915609233e-01, -4.666197942495136641e-01, 1.923176585020174370e-02, 4.757233301862223707e-02, -6.680409888709673560e-02, 3.731821025945243619e-02
-6.089901846842386834e-02, -1.457784890391649046e-01, 0.000000000000000000e+00, 0.000000000000000000e+00, 0.000000000000000000e+00, 2.191358944049382751e-01, 3.829643475971177269e-01, -2.723866286661937308e-01
1.325303370461123897e-01, -1.656591143261903210e-01, -4.843247142511409309e-01, 2.604186303990198292e-02, 6.451519840824938845e-02, -9.055706150130310439e-02, 5.048379278997109504e-02, -8.267369092532285413e-02
-1.966745821257765980e-01, 0.000000000000000000e+00, 0.000000000000000000e+00, 0.000000000000000000e+00, 2.278427652773087897e-01, 3.969991886166344686e-01, -2.818642129723903933e-01, 1.375325924560054092e-01
-1.718711798411865499e-01, -5.020745036557601182e-01, 3.339537850244486683e-02, 8.281929292876639981e-02, -1.162146713648172375e-01, 6.467462506541638012e-02, -1.061968113103613082e-01, -2.512143897714079754e-01
0.000000000000000000e+00, 0.000000000000000000e+00, 0.000000000000000000e+00, 3.582711494302201483e-01, 5.939583893495619105e-01, -4.086364413185925581e-01, 2.094557497884356745e-01, -2.609739156269048621e-01
-7.512212684789735251e-01, 1.602006926841120504e-01, 4.084592463520265171e-01, -5.686599387617294887e-01, 3.190253428560829163e-01, -5.184975046203535998e-01, -1.189430218583756860e+00, 0.000000000000000000e+00
0.000000000000000000e+00, 0.000000000000000000e+00, 2.771520324734084162e-01, 5.655025537326333063e-02, 1.958360470704486045e-01, 1.714540975491291586e-01, -5.374905434125898385e-01, -9.567443079163423514e-02
9.703323606027276782e-03, -6.049376220211588086e-03, -3.653947308204638731e-03, 3.717007083958998037e-02, -1.318764102791083470e-01, -1.817535733834865774e-02, 0.000000000000000000e+00, 0.000000000000000000e+00
0.000000000000000000e+00, 2.875388088900341921e-01, 5.873723158191117982e-02, 2.040618766110559312e-01, 1.780047151442329667e-01, -5.576309858172091571e-01, -9.949468742037061164e-02, 1.411146859312823951e-02
-8.710710265455605394e-03, -5.400758361493345969e-03, 5.380382618896656366e-02, -1.910569772932477484e-01, -2.639166635189017091e-02, 0.000000000000000000e+00, 0.000000000000000000e+00, 0.000000000000000000e+00
4.636625117942447805e-01, 9.739922325230947198e-02, 3.631832106849968711e-01, 2.922362605959185067e-01, -8.990944982250699269e-01, -1.695424192963672083e-01, 1.308966807558089029e-01, -6.986996278182450171e-02
-6.102671790755490738e-02, 4.580713102620449506e-01, -1.609400228274224132e+00, -2.274103069540857336e-01, 0.000000000000000000e+00, 0.000000000000000000e+00, 0.000000000000000000e+00, 1.289118613801280289e-01
4.143278851541435381e-01, -6.788103183882175928e-01, -6.314954305391028998e-09, -2.516768631354411145e-08, 6.735622305873972960e-10, 8.274876937117725886e-03, 3.359356968137541116e-02, -4.186844661449567323e-02
1.255345584208843136e-03, -5.610662031265410167e-04, -4.095017036635383370e-03, 0.000000000000000000e+00, 0.000000000000000000e+00, 0.000000000000000000e+00, 1.361054582206422670e-01, 4.377672969977831063e-01
-7.156645958938752106e-01, -1.297510461928661163e-08, -1.207460177088756236e-07, 1.339554883763754728e-09, 1.651613283068438520e-02, 6.744005954252733914e-02, -8.395619225108219563e-02, 2.521391553602242170e-03
-1.213811307365314377e-03, -8.221007377734290689e-03, 0.000000000000000000e+00, 0.000000000000000000e+00, 0.000000000000000000e+00, -9.084028152479270979e-01, 5.700200549639893727e-02, -3.500064313223437418e-02
8.174532933148791340e-11, -4.908498611517822459e-08, -2.898250540681266699e-09, -3.592862357420679477e-03, 2.237275675336848017e-03, 1.355586680732595497e-03, -1.955758482154962372e-04, 3.881719292868219666e-05
-8.096082646977656504e-05, 0.000000000000000000e+00, 0.000000000000000000e+00, 0.000000000000000000e+00, -9.641931016755512784e-01, 6.060237665600435447e-02, -3.720271591597160143e-02, 1.746732083816802049e-10
3.980158466360856577e-09, -5.865042351509075397e-09, -3.919893914461586304e-02, 2.430652766479397819e-02, 1.489241136659146154e-02, -2.036269728135474931e-03, 4.122182746501827535e-04, -9.152591744583588648e-04
0.000000000000000000e+00, 0.000000000000000000e+00, 0.000000000000000000e+00, -1.013491650653606024e+00, 6.381476408447001036e-02, -3.916405349433205174e-02, 3.324694925601999862e-10, -1.812698632884291253e-08
-1.085344853868654606e-08, -7.781730966413917538e-02, 4.834648548735146628e-02, 2.947082409969906808e-02, -4.008998580671024013e-03, 8.295158258974183419e-04, -1.874218379302414325e-03, 0.000000000000000000e+00
0.000000000000000000e+00, 0.000000000000000000e+00, -1.056376011642063073e+00, 6.663606790500839483e-02, -4.088357879148279278e-02, 5.611882388278187116e-10, 1.932285090137194935e-08, -1.819540024542627802e-08
-1.170923452937320947e-01, 7.300357542542310063e-02, 4.408876979039048905e-02, -6.098770525845793877e-03, 1.277381041321712504e-03, -2.885326986537061801e-03, 0.000000000000000000e+00, 0.000000000000000000e+00
0.000000000000000000e+00, -1.092955818701316195e+00, 6.906173900465030491e-02, -4.235986008467024916e-02, 8.499689675808926949e-10, -4.107378308291595069e-08, -2.748651702638450203e-08, -1.540644511643399495e-01
9.635371465207535902e-02, 5.771073651670381721e-02, -8.141401544698072604e-03, 1.720900830727328541e-03, -3.863758094222498850e-03, 0.000000000000000000e+00, 0.000000000000000000e+00, 0.000000000000000000e+00
-1.129385080331951619e+00, 7.149367553322286128e-02, -4.383820796238270534e-02, 1.234672178290315105e-09, -3.085985820768625243e-08, -3.991999320479029617e-08, -1.933331761344521116e-01, 1.212486313970259355e-01
7.208454489898198647e-02, -1.035726685968661048e-02, 2.203056875351407356e-03, -4.916671069562463491e-03, 0.000000000000000000e+00, 0.000000000000000000e+00, 0.000000000000000000e+00, -1.694760434035728736e+00
1.111438404967756144e-01, -6.774028079491277443e-02, 3.548195535773673725e-08, 3.256823736144964834e-08, -1.038277507289414760e-06, -9.550760508698704632e-01, 6.086864313249721326e-01, 3.463896200302745698e-01
-5.428918194968758437e-02, 1.298683792878122661e-02, -2.719061064624447507e-02, 0.000000000000000000e+00, 0.000000000000000000e+00, 0.000000000000000000e+00, -2.116035966201769702e-01, -3.901204394311889589e-01
-1.249012302844119349e+00, 2.263189993284594910e-09, -3.393584969661453538e-08, -3.032398599127856704e-10, 2.731862606084959483e-02, 9.717682054950008141e-03, -3.703630802745488254e-02, 8.465176337616573841e-04
-7.205377650755295576e-05, -4.233552784068336100e-03, 0.000000000000000000e+00, 0.000000000000000000e+00, 0.000000000000000000e+00, -2.225827647449211966e-01, -4.101539798702101836e-01, -1.311390510468866566e+00
3.330985160789555723e-09, -5.553320600755299728e-08, -4.248318487181917623e-10, 5.493963737077740134e-02, 1.948742963443731227e-02, -7.442706716259876731e-02, 1.685766210872032293e-03, -1.002452489354739324e-04
-8.580773034482055972e-03, 0.000000000000000000e+00, 0.000000000000000000e+00, 0.000000000000000000e+00, -2.317693284150852129e-01, -4.268687256695137822e-01, -1.363089029590711876e+00, 3.845156121256390229e-09
-9.310935918256458001e-08, -4.712669347016316746e-10, 8.163295415964796908e-02, 2.870966464742556734e-02, -1.103426189936951435e-01, 2.448260766701745340e-03, -5.492413320672562965e-05, -1.285714061963959438e-02
0.000000000000000000e+00, 0.000000000000000000e+00, 0.000000000000000000e+00, -2.400647738326998071e-01, -4.419269813780359324e-01, -1.409409385080253374e+00, 3.696660561745676531e-09, -1.569125172585322086e-07
-4.485261357286049297e-10, 1.079898915187827574e-01, 3.764205302213672472e-02, -1.456319446252745398e-01, 3.183693469417542624e-03, 4.247712046609859694e-05, -1.712996466765849893e-02, 0.000000000000000000e+00
0.000000000000000000e+00, 0.000000000000000000e+00, -2.483839849723518955e-01, -4.569981619965534647e-01, -1.455550683280103508e+00, 2.894385829785744303e-09, -2.417537449023065453e-08, -3.271907460850614518e-10
1.360095009595632398e-01, 4.700060889020696991e-02, -1.830101098741449550e-01, 3.958775160083537886e-03, 1.802827581381680818e-04, -2.171706383258312570e-02, 0.000000000000000000e+00, 0.000000000000000000e+00
0.000000000000000000e+00, -2.557973840932132314e-01, -4.704049014278968710e-01, -1.496425623573137464e+00, 1.501491594082656622e-09, -1.320114299712638528e-07, -1.894956592928848541e-10, 1.619810647614254862e-01
5.558277663266554536e-02, -2.175638414873329318e-01, 4.673277222480161884e-03, 3.272046023897263100e-04, -2.600829061108127574e-02, 0.000000000000000000e+00, 0.000000000000000000e+00, 0.000000000000000000e+00
-2.632273509171308978e-01, -4.838207828687492440e-01, -1.537176428687246466e+00, -4.720054809798631952e-10, -2.248513424183696129e-07, 2.040409942820738872e-12, 1.887488158324739651e-01, 6.435596738501406233e-02
-2.531047829213032285e-01, 5.407814327420969180e-03, 4.877399170556843749e-04, -3.047380597150088632e-02, 0.000000000000000000e+00, 0.000000000000000000e+00, 0.000000000000000000e+00, -3.871340146314319886e-01
-7.047701927615120931e-01, -2.187923159709436405e+00, -1.940944297327563296e-07, -4.870331091028340032e-06, 1.551118485267356942e-08, 6.877995473444047381e-01, 2.240681855273319034e-01, -9.118677332386282419e-01
1.906357057067260136e-02, 4.645321067388360516e-03, -1.180672615935134812e-01, 0.000000000000000000e+00, 0.000000000000000000e+00, 0.000000000000000000e+00, -3.938784358227527815e-01, -7.166462585701044441e-01
-2.221802816465928920e+00, -2.149185828941739169e-07, -5.347695470849252531e-06, 1.703915202597874209e-08, 7.168814016959312863e-01, 2.332907908144580822e-01, -9.501721924323338619e-01, 1.987425557608048926e-02
4.916064023073775900e-03, -1.233574753851822692e-01, 0.000000000000000000e+00, 0.000000000000000000e+00, 0.000000000000000000e+00, 4.904874094121036143e-01, -8.119816556623562498e-01, 6.342729699946147992e-01
5.513815203763389183e-02, -4.816447043907850500e-01, 2.615748013476896228e-01, 3.542512015923440227e-01, -8.006447009415130767e-01, 4.463934992375454547e-01, 1.981161824589412063e-02, -8.430369606405428984e-01
4.753831779937729429e-01, 0.000000000000000000e+00, 0.000000000000000000e+00, 0.000000000000000000e+00, 2.000985177606776910e-01, 5.041428023075387663e-03, -2.221805863802431835e-01, -2.179816938126570569e-02
3.397943075682223757e-01, -4.338558129216679160e-01, 2.155697085198774593e-02, 3.590076467362633174e-03, -2.514704742331102388e-02, 5.157572919358209378e-03, 8.462862019882896880e-02, -1.056265101029201514e-01
0.000000000000000000e+00, 0.000000000000000000e+00, 0.000000000000000000e+00, 2.089767575277692857e-01, 5.246171491662629006e-03, -2.307610628414536180e-01, -2.320257994356798859e-02, 3.538029835260412814e-01
-4.515636401523727694e-01, 3.181971050254529115e-02, 5.395049035746512373e-03, -3.721475936264667661e-02, 7.661472486484778577e-03, 1.253755994244030725e-01, -1.564079215043443216e-01, 0.000000000000000000e+00
0.000000000000000000e+00, 0.000000000000000000e+00, 2.736808710085427143e-01, 2.026308456379231904e-02, 2.285837759369452049e-01, -2.524790973429126839e-01, 6.531350634929565524e-02, -8.902884663223560313e-01
2.959570618700365155e-02, -6.186560608837606001e-02, 3.226990024923009209e-02, -4.517861431314562637e-01, 9.949801100610090876e-02, -1.589660799887589571e+00, 0.000000000000000000e+00, 0.000000000000000000e+00
0.000000000000000000e+00, -2.219026876802728757e-03, 3.210283540338633723e-01, 1.778594806627104355e-02, 7.777129380988909158e-02, -5.246374734996633871e-01, 1.671339617074456968e-02, -5.049874107141679412e-03
9.808381767534303172e-03, -4.758507600805108283e-03, 1.029230795883279148e-02, -7.153460269444308905e-02, -9.528105185986928587e-04, 0.000000000000000000e+00, 0.000000000000000000e+00, 0.000000000000000000e+00
-2.324846840916194521e-03, 3.364173683469539600e-01, 1.961785265368250555e-02, 8.143513801156837539e-02, -5.495519363181610162e-01, 1.737278221458993591e-02, -9.416432401752257084e-03, 1.832797387067225045e-02
-8.911541483222644444e-03, 1.933843930076141818e-02, -1.346794305357589261e-01, -1.793432617365329183e-03, 0.000000000000000000e+00, 0.000000000000000000e+00, 0.000000000000000000e+00, -2.415646851188563669e-03
3.496253653953342311e-01, 2.137868556036940509e-02, 8.456871063487629570e-02, -5.708957263728858811e-01, 1.791103772703190808e-02, -1.355013837009200542e-02, 2.644198803684089799e-02, -1.289184956441103390e-02
2.816071784154264637e-02, -1.962788206932730706e-01, -2.675504805209925202e-03, 0.000000000000000000e+00, 0.000000000000000000e+00, 0.000000000000000000e+00, -2.506527861066255337e-03, 3.628491595559310001e-01
2.331067501146069296e-02, 8.769633744931780439e-02, -5.922289032901350003e-01, 1.842530641040568407e-02, -1.796212142951197563e-02, 3.516405101672412381e-02, -1.720192978323461380e-02, 3.781445207895332838e-02
-2.637160560395916953e-01, -3.693050034523638094e-03, 0.000000000000000000e+00, 0.000000000000000000e+00, 0.000000000000000000e+00, -2.582326525514966418e-03, 3.738805176966454313e-01, 2.504484372374669518e-02
9.029853514827915206e-02, -6.099985879491642837e-01, 1.883632029959942875e-02, -2.179621318761479007e-02, 4.279791808264039876e-02, -2.100170472911619748e-02, 4.638261378879606628e-02, -3.235521848762590302e-01
-4.636663385271390381e-03, 0.000000000000000000e+00, 0.000000000000000000e+00, 0.000000000000000000e+00, -2.658188402493506970e-03, 3.849218584914212982e-01, 2.688640915597680786e-02, 9.289729145860355086e-02
-6.277613372906351019e-01, 1.923218726259779202e-02, -2.573758714604048453e-02, 5.069498891727950568e-02, -2.495740127278890316e-02, 5.533804300692776734e-02, -3.860817692238021070e-01, -5.663175611940705033e-03
0.000000000000000000e+00, 0.000000000000000000e+00, 0.000000000000000000e+00, -3.929034173033385015e-03, 5.695932877461495902e-01, 7.226941094257903486e-02, 1.356641986409852507e-01, -9.216031063879088769e-01
2.366592614533590683e-02, -9.462465631827585155e-02, 2.023681482033954648e-01, -1.077434909740481311e-01, 2.369173677313963222e-01, -1.643127155946124685e+00, -3.163986689424901078e-02, 0.000000000000000000e+00
0.000000000000000000e+00, 0.000000000000000000e+00, 3.490590161549163573e-01, 3.187537450089701352e-01, -1.372872293272326127e-01, -1.528199150483808832e-01, -3.696565940618359303e-01, 3.371111452907945005e-01
2.033399545010782655e-02, 1.797411284109010424e-02, -3.830810832002772698e-02, -3.373777831596350835e-02, -9.246812764260382844e-02, 7.308533314505448464e-02, 0.000000000000000000e+00, 0.000000000000000000e+00
0.000000000000000000e+00, 5.997613586957498688e-01, 5.380379431237192200e-01, -2.078882279127982069e-01, -2.685311175065351885e-01, -6.275134872550610643e-01, 5.730735211668114282e-01, 2.556243509185671114e-01
2.272006363589739453e-01, -4.828249867508307980e-01, -4.326856864715461493e-01, -1.135625774557593726e+00, 8.988919103964292390e-01, 0.000000000000000000e+00, 0.000000000000000000e+00, 0.000000000000000000e+00
-7.766497854413496882e-02, -1.480551942648651031e-01, -5.191325126473510521e-01, 6.536760970729432740e-01, 5.763051427177735136e-02, -6.434713727422270990e-01, 8.919555405817185256e-02, 1.290562967091688773e-01
-2.182518516058458424e-01, 1.231688273208358053e+00, 1.282731350340917120e-01, -1.143023356120951739e+00, 0.000000000000000000e+00, 0.000000000000000000e+00, 0.000000000000000000e+00, 7.404308951099873859e-01
-2.321557709645453646e-02, 2.591716437599704270e-01, 1.180870478546299923e-01, -3.364927461418317778e-01, 1.779211585783960770e-01, 2.655419190751256986e-02, -2.215103683213941188e-02, -4.403155071377763685e-03
1.801341463281893457e-02, -4.020859669207743625e-02, 2.474649804968535871e-02, 0.000000000000000000e+00, 0.000000000000000000e+00, 0.000000000000000000e+00, 7.757381064241194446e-01, -2.422896972618522257e-02
2.716403114378194150e-01, 1.234013925546537521e-01, -3.524048865545971188e-01, 1.859726244280639207e-01, 5.127874872854726318e-02, -4.276764668586274798e-02, -8.511102036080218231e-03, 3.471333696954026493e-02
-7.750347810387629710e-02, 4.766054151490657642e-02, 0.000000000000000000e+00, 0.000000000000000000e+00, 0.000000000000000000e+00, 8.067710605108585620e-01, -2.510033502092846522e-02, 2.826199173982680835e-01
1.280095082634024606e-01, -3.663641396180978838e-01, 1.929609025933342326e-01, 7.619710471054139123e-02, -6.353355660772322389e-02, -1.266354816532099838e-02, 5.156098026625774433e-02, -1.148754594443230220e-01
7.070034315031741012e-02, 0.000000000000000000e+00, 0.000000000000000000e+00, 0.000000000000000000e+00, 1.303989756043149484e+00, -3.721246651710966719e-02, 4.605423194300647949e-01, 1.958260293895308091e-01
-5.875810846397068188e-01, 2.965192570239721381e-01, 6.320717412622169906e-01, -5.234060862976878115e-01, -1.086656562743556209e-01, 4.213819860802902606e-01, -9.204682482319246350e-01, 5.764498319556700112e-01
0.000000000000000000e+00, 0.000000000000000000e+00, 0.000000000000000000e+00, 1.322760368149403787e+00, -3.760604578855228364e-02, 4.673319953197972998e-01, 1.981762964241526592e-01, -5.958501198076291416e-01
3.001391074940684689e-01, 6.566331299552790046e-01, -5.436201611362017072e-01, -1.130129685609844725e-01, 4.372128205334207540e-01, -9.552186452410242889e-01, 5.985453851613600218e-01, 0.000000000000000000e+00
0.000000000000000000e+00, 0.000000000000000000e+00, 1.018233726574487852e+00, 1.256320446261631307e+00, 1.840662002037553591e-01, -1.506835041648265452e-08, 2.769754188056061998e-09, 4.040732831637485868e-09
9.609977897328371779e-03, 3.017843004591220027e-02, -3.978840799701132552e-02, 1.190359276724534772e-03, -3.779789437465470620e-04, -4.076300463497817099e-03, 0.000000000000000000e+00, 0.000000000000000000e+00
0.000000000000000000e+00, 1.064080659073523449e+00, 1.313560073951548501e+00, 1.921203456079344785e-01, -2.749313106061612499e-08, 5.984413664750751401e-08, 7.218616566038410217e-09, 1.787112799167458674e-02
5.639800458973477648e-02, -7.426913252607608706e-02, 2.224550566243290589e-03, -7.640402450624095027e-04, -7.619224505311663134e-03, 0.000000000000000000e+00, 0.000000000000000000e+00, 0.000000000000000000e+00
1.104879591088265167e+00, 1.364656271251498465e+00, 1.992401671322491796e-01, -4.452471807616611526e-08, 1.320903745660872035e-08, 1.133623858950020078e-08, 2.618022444389040554e-02, 8.344581306652724961e-02
-1.096260375097031919e-01, 3.251295618247713407e-03, -1.171910796235671546e-03, -1.132692010181529478e-02, 0.000000000000000000e+00, 0.000000000000000000e+00, 0.000000000000000000e+00, 1.145720205062070507e+00
1.415950160128721214e+00, 2.063241211556554877e-01, -6.876249372458774928e-08, 3.437839288982082097e-08, 1.703074251528272537e-08, 3.520642655529912513e-02, 1.134891693691334330e-01, -1.486955956736976392e-01
4.367454667145395132e-03, -1.630965623574321581e-03, -1.549206144407050921e-02, 0.000000000000000000e+00, 0.000000000000000000e+00, 0.000000000000000000e+00, 1.181487669268718399e+00, 1.460983769023173728e+00
2.124952577889999139e-01, -9.630169128309555192e-08, 6.800073569364567599e-08, 2.338330422349029757e-08, 4.354653438744215260e-02, 1.417355928979309454e-01, -1.852821268697403267e-01, 5.406563006662107145e-03
-2.050292863241887260e-03, -1.943395999089737175e-02, 0.000000000000000000e+00, 0.000000000000000000e+00, 0.000000000000000000e+00, 1.217283575282727348e+00, 1.506150059649502326e+00, 2.186425761600223616e-01
-1.300401387812667047e-07, 1.680026701403623654e-08, 3.105127687642386544e-08, 5.220476729718384612e-02, 1.714364524824423530e-01, -2.236412199118615607e-01, 6.495120178011064282e-03, -2.470353871727174171e-03
-2.359545793248748677e-02, 0.000000000000000000e+00, 0.000000000000000000e+00, 0.000000000000000000e+00, 1.247987136812296116e+00, 1.544965981218513251e+00, 2.238935397634701785e-01, -1.637024079710276782e-07
3.858754506740420689e-08, 3.868189109231807150e-08, 5.983354477934495902e-02, 1.978630244683372008e-01, -2.576965690667398778e-01, 7.467177444049158744e-03, -2.821564572700715774e-03, -2.730375532213100490e-02
0.000000000000000000e+00, 0.000000000000000000e+00, 0.000000000000000000e+00, 1.726493785142159787e+00, 2.158978226583782689e+00, 3.031217143664826086e-01, -1.487017950358092508e-06, 7.295867003551823063e-07
3.479665456038585485e-07, 1.958346990015639999e-01, 6.898272326206847938e-01, -8.856619331022937969e-01, 2.668112755802453870e-02, -7.853026416405534116e-03, -9.574221040893077239e-02, 0.000000000000000000e+00
0.000000000000000000e+00, 0.000000000000000000e+00, 1.752370785973316192e+00, 2.192726882897504392e+00, 3.072554088193193977e-01, -1.622473772272328154e-06, 8.661115907115842943e-07, 3.807298322544778353e-07
2.040611758454720925e-01, 7.204971140728987367e-01, -9.245582917068639883e-01, 2.795538043282660978e-02, -8.156651504004373832e-03, -9.996340675513606944e-02, 0.000000000000000000e+00, 0.000000000000000000e+00
0.000000000000000000e+00, -7.328101720263557883e-01, -4.917359767337646237e-01, 3.016227400487336285e-01, 2.744983277821758105e-01, 6.049638276165729689e-01, 3.966881151053380794e-01, -4.205020835786367761e-01
-1.083495282820386846e-01, 5.288516112244763256e-01, 3.568611973781615210e-01, 1.091011742167539600e+00, 7.635622791228486861e-01, 0.000000000000000000e+00, 0.000000000000000000e+00, 0.000000000000000000e+00
9.593833188413336543e-02, -2.238311569323003791e-01, -6.814956173038831944e-01, 2.199647699337433648e-01, -5.387262733913963930e-02, 3.562079975371473251e-01, 4.312369199257634622e-02, 3.017848251035138481e-03
-4.614154024520941699e-02, 5.833092150647266327e-02, -1.480606788453446218e-02, 8.168513611900811433e-02, 0.000000000000000000e+00, 0.000000000000000000e+00, 0.000000000000000000e+00, 1.805468242711158466e-01
-3.708806425840478482e-01, -1.131980150065644564e+00, 3.628463574074225484e-01, -8.157394068659255815e-02, 5.999456700138944276e-01, 5.419024156798818437e-01, 3.792478500110370299e-02, -5.798272010831428958e-01
7.467438434602078345e-01, -1.809944348128101621e-01, 1.045746660716206033e+00, 0.000000000000000000e+00, 0.000000000000000000e+00, 0.000000000000000000e+00, 3.888275281093814262e-01, -7.370120812819455636e-02
-9.125084531888227879e-02, -1.961291868312907694e-01, -3.248344773260601337e-01, 3.223362568501911829e-01, 2.201452356961408272e-02, -1.128465290912434096e-02, -1.072987065709759061e-02, -3.115521584972556074e-02
-4.275461894283225095e-02, 4.343770073935494802e-02, 0.000000000000000000e+00, 0.000000000000000000e+00, 0.000000000000000000e+00, 4.084391000098836488e-01, -7.713017098786553727e-02, -9.533579114438578417e-02
-2.060312791230922980e-01, -3.411398992819890674e-01, 3.382837393610195753e-01, 4.092957882421368460e-02, -2.094739938547120206e-02, -1.998217953364832267e-02, -5.802780770586548481e-02, -7.942201660258697837e-02
8.076251320344131346e-02, 0.000000000000000000e+00, 0.000000000000000000e+00, 0.000000000000000000e+00, 4.253749002996490280e-01, -8.002846821703113456e-02, -9.875534929312521082e-02, -2.145834363709389903e-01
-3.552049334516845236e-01, 3.519927255358576978e-01, 5.979540416404829917e-02, -3.058051415467380463e-02, -2.921488995050617807e-02, -8.503940697431960904e-02, -1.158474868219562526e-01, 1.179809772178926491e-01
0.000000000000000000e+00, 0.000000000000000000e+00, 0.000000000000000000e+00, 4.424234870668802277e-01, -8.289017113801895598e-02, -1.021020690940726283e-01, -2.231932303109192828e-01, -3.693502842030039757e-01
3.657374391041788297e-01, 8.070372236599487881e-02, -4.125732271371214399e-02, -3.944639951364786040e-02, -1.151739928314311490e-01, -1.560462527540820155e-01, 1.592394695205963662e-01, 0.000000000000000000e+00
0.000000000000000000e+00, 0.000000000000000000e+00, 4.567111169087171851e-01, -8.524873953759713741e-02, -1.048391552168603941e-01, -2.304092005559308098e-01, -3.811955263780031911e-01, 3.772169658719665142e-01
9.935715656432902998e-02, -5.078845753342915020e-02, -4.856869883511408248e-02, -1.421926993776563009e-01, -1.917761918277431643e-01, 1.960579970318434562e-01, 0.000000000000000000e+00, 0.000000000000000000e+00
0.000000000000000000e+00, 4.710677496575751411e-01, -8.758472437153987100e-02, -1.075316083679366957e-01, -2.376607931138562668e-01, -3.930906467964531137e-01, 3.887185595592583809e-01, 1.189035324061399473e-01
-6.078417736095954871e-02, -5.811935524208307335e-02, -1.706179216668100296e-01, -2.291078454964459721e-01, 2.346459471235147476e-01, 0.000000000000000000e+00, 0.000000000000000000e+00, 0.000000000000000000e+00
6.946222119380924820e-01, -1.199363607896503231e-01, -1.425610129275962645e-01, -3.507715842427233666e-01, -5.776024586667677374e-01, 5.639337533767387889e-01, 4.784142519677287431e-01, -2.444766987282794013e-01
-2.339375553309284428e-01, -7.033885321893433851e-01, -9.076252596158511654e-01, 9.501750161905323511e-01, 0.000000000000000000e+00, 0.000000000000000000e+00, 0.000000000000000000e+00, -2.499372684308806547e-01
4.207939829448606450e-01, -3.716143151172777159e-01, 2.142265477315291600e-01, -2.508773848771149104e-02, -2.863708208514198494e-01, -9.401793663325037562e-03, 3.016419325189948625e-02, -2.076239960829132439e-02
2.933213050056914309e-02, 1.901610127142781413e-04, -3.652231608400808432e-02, 0.000000000000000000e+00, 0.000000000000000000e+00, 0.000000000000000000e+00, -2.625195282038916833e-01, 4.431745679477189781e-01
-3.906544939100466962e-01, 2.252012849589443699e-01, -2.661357183674988025e-02, -3.014974489835486882e-01, -1.865118086099207956e-02, 5.993486732327658190e-02, -4.128368651743551804e-02, 5.846041426273405894e-02
4.512393873715018263e-04, -7.245666818262982978e-02, 0.000000000000000000e+00, 0.000000000000000000e+00, 0.000000000000000000e+00, -2.732216163814328858e-01, 4.624856794744005573e-01, -4.069216665388351029e-01
2.345753473911813269e-01, -2.797162873302222810e-02, -3.145261435542433537e-01, -2.779044655628914659e-02, 8.970521459022398614e-02, -6.191476802901259985e-02, 8.782727695803112244e-02, 8.901445326731001213e-04
-1.082735854342580517e-01, 0.000000000000000000e+00, 0.000000000000000000e+00, 0.000000000000000000e+00, -2.820830782843299911e-01, 4.786656002040064473e-01, -4.204414026087825440e-01, 2.423651275970145624e-01
-2.913789169896102357e-02, -3.254268515207504597e-01, -3.610380624535889510e-02, 1.170273049562994411e-01, -8.092349863491109241e-02, 1.149022677147393257e-01, 1.391095867486733450e-03, -1.410704489229056002e-01
0.000000000000000000e+00, 0.000000000000000000e+00, 0.000000000000000000e+00, 5.391777520563951764e-01, 3.950463012673698926e-01, -4.546913983175256413e-01, -9.941109533636816596e-10, 3.720721251220626109e-09
3.304762005202240809e-10, 1.672082910729201987e-03, 6.785546141072025311e-04, -2.350637524279585496e-03, 5.098425447011544224e-05, 2.651253087751182807e-07, -2.788825249096387490e-04, 0.000000000000000000e+00
0.000000000000000000e+00, 0.000000000000000000e+00, 5.726165958256492772e-01, 4.193750099670283671e-01, -4.820502803605295483e-01, -2.085745768400954964e-09, 7.176098743868082903e-09, 6.914828733493922734e-10
2.700210953140693912e-02, 1.114806633039465075e-02, -3.815017583410938717e-02, 8.769589776942327041e-04, -3.568825372749187850e-05, -4.431253187018082892e-03, 0.000000000000000000e+00, 0.000000000000000000e+00
0.000000000000000000e+00, 6.009683141120600869e-01, 4.399489797727642038e-01, -5.050234847460726151e-01, -2.895384824539479055e-09, 4.295481452277820679e-09, 9.192409548931753484e-10, 5.278838836959819092e-02
2.172959494540092559e-02, -7.451798334115451727e-02, 1.716121517940763334e-03, -3.379617310683114234e-05, -8.726488045909544522e-03, 0.000000000000000000e+00, 0.000000000000000000e+00, 0.000000000000000000e+00
6.354324990474191637e-01, 4.648831977382464897e-01, -5.326440174060549371e-01, -2.831164441576216544e-09, 1.382041869669687869e-07, 8.569726306441074688e-10, 8.968127222656849251e-02, 3.645055839888098476e-02
-1.261318306316090154e-01, 2.828317772289775430e-03, 8.842694722735313718e-05, -1.502321688598027075e-02, 0.000000000000000000e+00, 0.000000000000000000e+00, 0.000000000000000000e+00, 6.567347822773624832e-01
4.802572555836731039e-01, -5.495645109595926892e-01, -1.383379906749510079e-09, -5.286840994542070313e-08, 3.853894976617823985e-10, 1.147601753528225826e-01, 4.621866122198948351e-02, -1.609788368258714963e-01
3.556513538273042754e-03, 2.550822305224107931e-04, -1.939113485395731543e-02, 0.000000000000000000e+00, 0.000000000000000000e+00, 0.000000000000000000e+00, 6.808053780725346060e-01, 4.976051118116088245e-01
-5.685973341125271086e-01, 1.489106982005005391e-09, -1.259908716950741926e-07, -4.334527454514419501e-10, 1.436055491100104442e-01, 5.722972452106329933e-02, -2.008352733028775372e-01, 4.375316994049468361e-03
4.816707578195801608e-04, -2.446066106056188696e-02, 0.000000000000000000e+00, 0.000000000000000000e+00, 0.000000000000000000e+00, 1.027753465702308633e+00, 7.440063665530809445e-01, -8.281019256555881558e-01
2.793610057509453453e-07, -2.278220793189811606e-06, -6.700220859889675648e-08, 6.793939166992317702e-01, 2.538178449320114272e-01, -9.332117604503583630e-01, 1.949465537304499382e-02, 5.354466714357702765e-03
-1.242846479272359389e-01, 0.000000000000000000e+00, 0.000000000000000000e+00, 0.000000000000000000e+00, -1.829649838614122448e+00, -1.174706609985649353e+00, -7.577261760265330270e-01, 1.266930992424049841e-08
-2.784875022754914760e-07, -1.172908675214607944e-08, -3.482456827167235841e-02, 2.145625400263840698e-03, 3.267894286672774762e-02, -1.097694283636763569e-03, 6.854034907670296731e-04, 2.180177636518282683e-03
0.000000000000000000e+00, 0.000000000000000000e+00, 0.000000000000000000e+00, -1.916414724385796964e+00, -1.231669105188079039e+00, -7.951296045861377948e-01, 2.319827411054459408e-08, -3.065776229972282862e-07
-2.059392088459909334e-08, -6.846414356785139599e-02, 4.272729932041473798e-03, 6.419141360560710885e-02, -2.131220701950833907e-03, 1.363245511994975187e-03, 4.273947796537514061e-03, 0.000000000000000000e+00
0.000000000000000000e+00, 0.000000000000000000e+00, -1.992596875992963090e+00, -1.281940209859710356e+00, -8.282816134286937748e-01, 3.725852086188045097e-08, -2.743437764251652161e-07, -3.193498325127485064e-08
-1.023883968864335720e-01, 6.354664672777634270e-03, 9.603373241756292533e-02, -3.147444363441988420e-03, 2.040093238584254551e-03, 6.404234698949348020e-03, 0.000000000000000000e+00, 0.000000000000000000e+00
0.000000000000000000e+00, -2.058362600949597887e+00, -1.325515160348079480e+00, -8.571171226550916566e-01, 5.413858845370564135e-08, -1.315524143253784210e-07, -4.503586934794551922e-08, -1.342045398006541934e-01
8.241184732747342326e-03, 1.259633551441045607e-01, -4.070441709061209216e-03, 2.686918104044752360e-03, 8.424752190503034116e-03, 0.000000000000000000e+00, 0.000000000000000000e+00, 0.000000000000000000e+00
-2.123911299504252170e+00, -1.369095294811189190e+00, -8.860397086463902561e-01, 7.619288099825216524e-08, -2.407723249402892806e-07, -6.164592650821261273e-08, -1.676373927249872609e-01, 1.016816403259266158e-02
1.574692287299834237e-01, -5.019296214873665216e-03, 3.383323341147886996e-03, 1.056374351641736417e-02, 0.000000000000000000e+00, 0.000000000000000000e+00, 0.000000000000000000e+00, -2.184241276676734067e+00
-1.409327562343806184e+00, -9.128087734552179366e-01, 1.015950982933126359e-07, -1.194556463536562607e-07, -8.034703731417852262e-08, -1.995509854451702481e-01, 1.196408619214629938e-02, 1.875868990939908998e-01
-5.901487670280667307e-03, 4.066557544182654825e-03, 1.261235527599439618e-02, 0.000000000000000000e+00, 0.000000000000000000e+00, 0.000000000000000000e+00, -2.244411811599083872e+00, -1.449563612776909149e+00
-9.396424978408784989e-01, 1.324042217642998048e-07, -2.241683431713144777e-07, -1.024476072207131178e-07, -2.322308221122544036e-01, 1.376682800534854284e-02, 2.184639941937061014e-01, -6.779299953865280080e-03
4.783680086803270524e-03, 1.471101853307587096e-02, 0.000000000000000000e+00, 0.000000000000000000e+00, 0.000000000000000000e+00, -2.424020143794428872e+00, -1.570294461479137205e+00, -1.020512643902712568e+00
2.621494681506332464e-07, -3.503411843182915883e-07, -1.925519901840428219e-07, -3.335394723845284126e-01, 1.917125353117067263e-02, 3.143682194849652944e-01, -9.402212207576142108e-03, 7.130394855264817269e-03
2.120039102275553949e-02, 0.000000000000000000e+00, 0.000000000000000000e+00, 0.000000000000000000e+00, -2.478637661017546456e+00, -1.607190911319847482e+00, -1.045330852919944320e+00, 3.143994867730303235e-07
-2.724681966573002385e-07, -2.282251512586574575e-07, -3.652537354579648010e-01, 2.081782458660619631e-02, 3.444359108636955713e-01, -1.020637510032718423e-02, 7.902146992203925441e-03, 2.321851520276078246e-02
0.000000000000000000e+00, 0.000000000000000000e+00, 0.000000000000000000e+00, -2.533133845210246982e+00, -1.644090583631341973e+00, -1.070199150341764938e+00, 3.733364109183466433e-07, -4.456032863774502444e-07
-2.681706110005554863e-07, -3.972633090024552116e-01, 2.246310641540458578e-02, 3.748002024069586602e-01, -1.101458533793285566e-02, 8.696630364111666497e-03, 2.524744235090148683e-02, 0.000000000000000000e+00
0.000000000000000000e+00, 0.000000000000000000e+00, 7.356082924463436257e-02, 8.641656470132940138e-01, 6.584824823020943851e-01, -1.962718293254429522e-02, -4.366817446656022506e-02, 3.723919113283777893e-01
-2.736157825482053371e-02, 2.214725763715534590e-02, 5.214320596359458930e-03, -4.575645944740840826e-03, -5.273229048694413022e-03, 4.643394763966601085e-02, 0.000000000000000000e+00, 0.000000000000000000e+00
0.000000000000000000e+00, 7.730691650503719592e-02, 9.037966435297060119e-01, 6.883792352223621069e-01, -2.057133841315206269e-02, -4.563605331034514129e-02, 3.894742990119923753e-01, -5.252412661752366152e-02
4.256518678155886415e-02, 9.958939870209973511e-03, -8.759748487471075151e-03, -1.014146359282651864e-02, 8.900028327086242919e-02, 0.000000000000000000e+00, 0.000000000000000000e+00, 0.000000000000000000e+00
8.076638775659411573e-02, 9.395803601977030795e-01, 7.153038893271225218e-01, -2.143231605580727187e-02, -4.740534301366345488e-02, 4.048993559602732106e-01, -7.857322330719915260e-02, 6.383018680273126744e-02
1.474303646102175826e-02, -1.313476441448199923e-02, -1.516842872695895079e-02, 1.329572885326384124e-01, 0.000000000000000000e+00, 0.000000000000000000e+00, 0.000000000000000000e+00, 1.423155009346839805e-01
1.499641369201456298e+00, 1.129793493477061039e+00, -3.573025692848397217e-02, -7.432633243357758546e-02, 6.464238565181752438e-01, -6.446690967562835883e-01, 5.383548758136083023e-01, 1.063142224070148384e-01
-1.144898660592068990e-01, -1.256937580759443784e-01, 1.063727791194030159e+00, 0.000000000000000000e+00, 0.000000000000000000e+00, 0.000000000000000000e+00, 1.453670406604064824e-01, 1.524497127008701547e+00
1.147885074946000561e+00, -3.639883861671201065e-02, -7.548616797137508438e-02, 6.571473986452345262e-01, -6.741316866441207090e-01, 5.633821247977264246e-01, 1.107495597270120730e-01, -1.199150100268588509e-01
-1.315161685654334112e-01, 1.111049837377373173e+00, 0.000000000000000000e+00, 0.000000000000000000e+00, 0.000000000000000000e+00, -5.261437684303909013e-01, 2.387686925803921001e-01, -1.515064254484642936e-01
3.620080246274013924e-01, -8.103253056790002962e-01, -1.396368483650118619e-01, -2.782055893861709039e-01, 2.979828876697078743e-01, -1.977729796602659476e-02, 6.775420455050636948e-01, -1.450832291891040571e+00
-3.155823263215428165e-01, 0.000000000000000000e+00, 0.000000000000000000e+00, 0.000000000000000000e+00, -1.182688109689746359e+00, -3.040533586918358067e-01, -2.272196199893098956e-01, 1.348080118528766614e-10
-3.471279829355070580e-08, -4.364298829124846090e-09, -3.289280434498812258e-03, 1.270928708238584044e-03, 2.018351726058664405e-03, -1.611388489974303700e-04, 4.138355053365818493e-05, 3.362346772944767488e-05
0.000000000000000000e+00, 0.000000000000000000e+00, 0.000000000000000000e+00, -1.257667999479353815e+00, -3.238005545801478924e-01, -2.420320221930703231e-01, 2.782964706258812497e-10, 5.270529299639391626e-09
-9.300929268612461919e-09, -3.988382687304251051e-02, 1.545440192859642153e-02, 2.442942497654240763e-02, -1.900318177740924425e-03, 5.116617979700502318e-04, 3.478964793629360551e-04, 0.000000000000000000e+00
0.000000000000000000e+00, 0.000000000000000000e+00, -1.319798216961101556e+00, -3.402892370485306461e-01, -2.544191998896074280e-01, 4.547735717678814273e-10, 1.126802927372323989e-09, -1.653401977588171030e-08
-7.667566635493841543e-02, 2.960886933934530132e-02, 4.706679698578379589e-02, -3.598988693257935013e-03, 1.007896117220532205e-03, 5.846639606418906022e-04, 0.000000000000000000e+00, 0.000000000000000000e+00
0.000000000000000000e+00, -1.375407694756217047e+00, -3.551578573567422681e-01, -2.656056394368374041e-01, 6.848923264552376721e-10, -3.396401988723553474e-08, -2.683908491543099336e-08, -1.148584165917598959e-01
4.415919847573189505e-02, 7.069921817015285825e-02, -5.364056126913424941e-03, 1.547760278662837835e-03, 7.916106674362716070e-04, 0.000000000000000000e+00, 0.000000000000000000e+00, 0.000000000000000000e+00
-1.424602494185745583e+00, -3.683968531729974738e-01, -2.755782057636269600e-01, 9.743370291900751736e-10, -6.484568895843749674e-09, -4.005723023956984877e-08, -1.521317267204502777e-01, 5.827372281360261586e-02
9.385800409567367220e-02, -7.112300728243578507e-03, 2.099180185952968271e-03, 9.842688317215297043e-04, 0.000000000000000000e+00, 0.000000000000000000e+00, 0.000000000000000000e+00, -1.473593717526133995e+00
-3.816551838139611852e-01, -2.855759564001363326e-01, 1.363709914044209317e-09, 2.135836586694776283e-08, -5.766323401910913614e-08, -1.917768893254208074e-01, 7.321917553608038587e-02, 1.185577134243809144e-01
-8.998465065917398906e-03, 2.697710225894977502e-03, 1.192277883012718550e-03, 0.000000000000000000e+00, 0.000000000000000000e+00, 0.000000000000000000e+00, -1.516305886488745758e+00, -3.932710351066858179e-01
-2.943432836265770791e-01, 1.806279987203377052e-09, -6.106544635757015799e-10, -7.720595562788932975e-08, -2.279486933127381487e-01, 8.680783299120158059e-02, 1.411408603784718996e-01, -1.073824803911356367e-02
3.255893302627316157e-03, 1.390350033383256495e-03, 0.000000000000000000e+00, 0.000000000000000000e+00, 0.000000000000000000e+00, -1.558881310604143700e+00, -4.048999864436875762e-01, -3.031277039589194700e-01
2.360666097371996606e-09, -2.457157299108146053e-09, -1.011011919466447145e-07, -2.652118555476851158e-01, 1.007687066012007693e-01, 1.644431484345200978e-01, -1.254139780216790949e-02, 3.844773123663532220e-03
1.604193400542598723e-03, 0.000000000000000000e+00, 0.000000000000000000e+00, 0.000000000000000000e+00, -2.228497289360086508e+00, -5.943553837394991435e-01, -4.471855633227411198e-01, 3.636704174414930843e-08
-1.506280991015566885e-07, -1.534683491237894960e-06, -9.478180171040593294e-01, 3.539898836908132451e-01, 5.938281335685193785e-01, -4.513728990800953966e-02, 1.716362915428013003e-02, 6.266586980292999758e-03
0.000000000000000000e+00, 0.000000000000000000e+00, 0.000000000000000000e+00, -2.263107326125311403e+00, -6.045088988062230495e-01, -4.549576724795428295e-01, 3.976817523090920377e-08, -1.448123420570543756e-07
-1.694353760133094719e-06, -9.872617177821686463e-01, 3.685368645176034241e-01, 6.187248524675648120e-01, -4.699585453656631578e-02, 1.806808076548306954e-02, 6.539616412658955449e-03, 0.000000000000000000e+00
0.000000000000000000e+00, 0.000000000000000000e+00, 3.152857359611764831e-01, -2.931745775374074436e-01, -2.311004555661137216e-01, -8.760904176656492126e-02, 2.032493586241690409e-01, 3.778686405344672816e-01
2.252040209040169841e-02, -1.512331915914795488e-02, -7.397082862078811251e-03, -1.260689990589577807e-02, 2.407184968425914867e-02, 4.813153885856039788e-02, 0.000000000000000000e+00, 0.000000000000000000e+00
0.000000000000000000e+00, 3.314638002673955808e-01, -3.073623808386302114e-01, -2.422179622600353910e-01, -9.160972173239032013e-02, 2.132108214374937583e-01, 3.961231319123180716e-01, 4.476218031007023895e-02
-3.004835624119531895e-02, -1.471382397014259907e-02, -2.497193317268214113e-02, 4.781550171705967883e-02, 9.566646344360438259e-02, 0.000000000000000000e+00, 0.000000000000000000e+00, 0.000000000000000000e+00
3.454865219946131050e-01, -3.194884333210343264e-01, -2.517072280228268011e-01, -9.497943666453535771e-02, 2.217521028464419786e-01, 4.117179990602120587e-01, 6.673637330747435314e-02, -4.481976621631790503e-02
-2.191660724973731877e-02, -3.727450022709887650e-02, 7.126246962453956779e-02, 1.427270933466265046e-01, 0.000000000000000000e+00, 0.000000000000000000e+00, 0.000000000000000000e+00, 5.887826809469945966e-01
-5.118972250910592825e-01, -4.009219163136398811e-01, -1.432827850863792052e-01, 3.603693281796488956e-01, 6.585440595155679366e-01, 5.677659746728473955e-01, -3.820493773413178862e-01, -1.857165971704889673e-01
-3.193607364341785049e-01, 5.999886100652993548e-01, 1.236571547119114323e+00, 0.000000000000000000e+00, 0.000000000000000000e+00, 0.000000000000000000e+00, 2.797231438373539159e-01, -4.012917999167577299e-01
8.631078009244906590e-02, -2.004146526527174899e-01, 3.264881652683329638e-01, 2.501976055407455490e-01, 3.359105003682346519e-02, -4.609644938947568549e-02, 1.250539946941313200e-02, -4.057663958186757958e-02
7.941577363746300799e-02, 6.048197550312751219e-02, 0.000000000000000000e+00, 0.000000000000000000e+00, 0.000000000000000000e+00, 2.913467185519050817e-01, -4.170602951916077550e-01, 9.018257874031308796e-02
-2.082302651651131709e-01, 3.396205743606973138e-01, 2.599123391778996317e-01, 5.032872908578053806e-02, -6.902257941598763380e-02, 1.869385043810334324e-02, -6.068146756919542278e-02, 1.188449442302057096e-01
9.057744711569243323e-02, 0.000000000000000000e+00, 0.000000000000000000e+00, 0.000000000000000000e+00, 4.886911621644624004e-01, -6.666080824932394400e-01, 1.618476319249710638e-01, -3.305706504571774840e-01
5.541771276193832030e-01, 4.115421292144492704e-01, 4.364941315125702159e-01, -5.894095813545480178e-01, 1.529154512603883853e-01, -5.004781161637565923e-01, 1.008233213552504060e+00, 7.715532082153018223e-01
0.000000000000000000e+00, 0.000000000000000000e+00, 0.000000000000000000e+00, -3.331221818084200703e-01, -2.441748426709245690e-01, 6.321486612103446312e-01, 5.391721873222595501e-10, 3.807457744152710324e-08
-1.810812880228627069e-10, -1.555524280359148626e-03, -8.511744985857477809e-04, 2.406698780018504298e-03, -5.355652569718900012e-05, -1.408355616662617647e-06, 2.882123009232871410e-04, 0.000000000000000000e+00
0.000000000000000000e+00, 0.000000000000000000e+00, -3.581092202732870100e-01, -2.625818584947769430e-01, 6.809728764996283434e-01, 1.244399589588830849e-09, 8.957764862605002214e-08, -4.144793480299466893e-10
-2.997870591833880910e-02, -1.658509427046482229e-02, 4.656380015478352175e-02, -1.092092988519398518e-03, 2.723870137774384316e-05, 5.456511828588972435e-03, 0.000000000000000000e+00, 0.000000000000000000e+00
0.000000000000000000e+00, -3.753047447029310701e-01, -2.752742777310271394e-01, 7.148841975342665744e-01, 1.579430017465839839e-09, 3.357509045636135749e-08, -4.891362315342126064e-10, -5.337891570726832624e-02
-2.937331111650388557e-02, 8.275222674629167940e-02, -1.907483021244321805e-03, 1.391828315233181339e-05, 9.823826742651418573e-03, 0.000000000000000000e+00, 0.000000000000000000e+00, 0.000000000000000000e+00
-3.895657891607939294e-01, -2.858252250233928038e-01, 7.433281065066060789e-01, 1.403396729138121689e-09, 6.433476525286114046e-08, -4.137118666568039373e-10, -7.727240442125975217e-02, -4.221109872995693763e-02
1.194835030064105574e-01, -2.675754155982443781e-03, -6.058726922509968029e-05, 1.438192544974381017e-02, 0.000000000000000000e+00, 0.000000000000000000e+00, 0.000000000000000000e+00, -4.019276074133293353e-01
-2.949874975686740397e-01, 7.682003269363384401e-01, 5.993621431756257872e-10, 1.018157247710465956e-07, -1.798939052498349735e-10, -1.005818602433584119e-01, -5.459649952729093980e-02, 1.551783596409341270e-01
-3.380073273573907817e-03, -1.826575210565278633e-04, 1.888280710488421041e-02, 0.000000000000000000e+00, 0.000000000000000000e+00, 0.000000000000000000e+00, -4.148007827418039306e-01, -3.045420533917127526e-01
7.942741086465022748e-01, -1.086844964015838326e-09, 1.285060753390359289e-07, 2.604387217342233084e-10, -1.264395678310923643e-01, -6.821736901044092583e-02, 1.946569367326449751e-01, -4.126011951303912989e-03
-3.571425620062280309e-04, 2.391275235311762087e-02, 0.000000000000000000e+00, 0.000000000000000000e+00, 0.000000000000000000e+00, 1.966589330068168051e-01, -6.128626726963842114e-02, -8.714197089645926431e-01
4.999845433921944079e-10, -2.876073405186223839e-10, 4.108755749294579521e-10, 3.334366113313320945e-02, 7.879820778798759043e-03, -4.122348188776855243e-02, 9.420726699265210115e-04, -1.757156702217687163e-04
-4.479664626462556698e-03, 0.000000000000000000e+00, 0.000000000000000000e+00, 0.000000000000000000e+00, 2.061934534680199271e-01, -6.421726206921223035e-02, -9.119810888395288861e-01, 7.819114713436347311e-10
-1.486743660011706451e-08, 6.003568319174913336e-10, 6.241016307693515036e-02, 1.476711375321189575e-02, -7.717727678541454195e-02, 1.725269921626395187e-03, -2.837822653865460193e-04, -8.472506077281420286e-03
0.000000000000000000e+00, 0.000000000000000000e+00, 0.000000000000000000e+00, 1.230144508724905633e-01, -5.197999844220683174e-01, -6.618747632864466768e-01, -2.452859821216733238e-01, -2.842072819880310797e-01
1.056889067520535436e-01, 5.401926377950941327e-02, -1.795357104147374955e-02, -3.606569261400534993e-02, -6.453966979913632052e-02, -6.643540713324810887e-02, 2.019319456396188178e-02, 0.000000000000000000e+00
0.000000000000000000e+00, 0.000000000000000000e+00, 2.110665473451007745e-01, -8.570499411446012017e-01, -1.085246968047093086e+00, -4.104964374448014652e-01, -4.879283122598881417e-01, 1.866128628219645147e-01
6.874151162380457425e-01, -2.302620785879555265e-01, -4.571530375214395980e-01, -8.323568312854230378e-01, -8.401989705859523871e-01, 2.633880637194975227e-01, 0.000000000000000000e+00, 0.000000000000000000e+00
0.000000000000000000e+00, 1.062593453779509811e-01, 1.703244639182244780e-01, -3.104478615881615111e-01, -3.526878685270961045e-01, 2.944715169476958549e-01, 2.197317362584078060e-01, 6.166184795568407928e-03
1.112954147297963957e-02, -1.729572628177396959e-02, -4.258392482980168786e-02, 3.196941956313435057e-02, 2.903023981688386199e-02, 0.000000000000000000e+00, 0.000000000000000000e+00, 0.000000000000000000e+00
1.119365245262509967e-01, 1.795916594117197285e-01, -3.259951272382679011e-01, -3.704599700392139927e-01, 3.093777210727773341e-01, 2.307457035649415622e-01, 1.216306962507387839e-02, 2.214373834499299212e-02
-3.430680809313502166e-02, -8.466948470971405460e-02, 6.319638518108534886e-02, 5.771798327828610298e-02, 0.000000000000000000e+00, 0.000000000000000000e+00, 0.000000000000000000e+00, 1.168484631870304463e-01
1.876440884999373837e-01, -3.392303051271803871e-01, -3.856132886358860090e-01, 3.220975488241259455e-01, 2.401237940856594255e-01, 1.801578822981117489e-02, 3.317965053573115886e-02, -5.119543871868332402e-02
-1.265322871201525201e-01, 9.392869845653541161e-02, 8.633806411826931704e-02, 0.000000000000000000e+00, 0.000000000000000000e+00, 0.000000000000000000e+00, 1.218007702997600250e-01, 1.957922985268601423e-01
-3.523850613538996868e-01, -4.006963783855644889e-01, 3.347676734663057041e-01, 2.494474353581721260e-01, 2.439844215465512486e-02, 4.542711542815736775e-02, -6.982555736108109201e-02, -1.727245810488541866e-01
1.275878478417441786e-01, 1.180014354871828097e-01, 0.000000000000000000e+00, 0.000000000000000000e+00, 0.000000000000000000e+00, 2.017812254534413763e-01, 3.305238896039424112e-01, -5.459140119901850774e-01
-6.250550222611559459e-01, 5.242001982249168135e-01, 3.870088987005288472e-01, 1.482715287455062814e-01, 2.900039443277936946e-01, -4.382754719262635379e-01, -1.094118458110903580e+00, 7.781769637812339102e-01
7.432535901635575204e-01, 0.000000000000000000e+00, 0.000000000000000000e+00, 0.000000000000000000e+00, 1.324311694482333684e-02, 9.075102083539825226e-02, -7.499825086770922633e-01, 2.542862729697369373e-01
-6.129250817976963361e-01, 5.591063870606306496e-01, 2.300660575612668013e-01, 2.406131502336785466e-01, -4.706792065781499335e-01, 4.021764858543860344e-01, -1.000898322560090703e+00, 1.059416151754193125e+00
0.000000000000000000e+00, 0.000000000000000000e+00, 0.000000000000000000e+00, 5.595257636117794142e-01, 1.219598990595275101e+00, 1.727319157985328868e+00, -3.599594598764588832e-08, 3.019359071351593448e-07
8.023326151982759224e-09, -9.801288192644068420e-02, 3.216054445325963480e-03, 9.479682749113171880e-02, -2.941322524753962192e-03, 1.895391238747624494e-03, 6.767420850961033095e-03, 0.000000000000000000e+00
0.000000000000000000e+00, 0.000000000000000000e+00, 5.770763552843026778e-01, 1.259081263079599999e+00, 1.784823308494445815e+00, -5.311060719388734581e-08, 2.982974200108599971e-07, 1.147313740662018157e-08
-1.314201353701933417e-01, 4.245894438868688843e-03, 1.271742407653544127e-01, -3.893617368888815586e-03, 2.530972823944996689e-03, 9.114687514316681047e-03, 0.000000000000000000e+00, 0.000000000000000000e+00
0.000000000000000000e+00, 5.932114766646294779e-01, 1.295529088944104457e+00, 1.838107563457233695e+00, -7.376326729979538628e-08, 3.369794990018777923e-07, 1.549773339353393437e-08, -1.644130679869145462e-01
5.213846802637145394e-03, 1.591992209249897539e-01, -4.805951316045427822e-03, 3.160566288133535330e-03, 1.144375951538077404e-02, 0.000000000000000000e+00, 0.000000000000000000e+00, 0.000000000000000000e+00
6.079502173894736350e-01, 1.328941907759085828e+00, 1.887112517325313377e+00, -9.746759018853920224e-08, 3.729644884075643026e-07, 2.000914672672624478e-08, -1.961177103336955163e-01, 6.106681612550914594e-03
1.900110286484246180e-01, -5.661403880647207683e-03, 3.779442402805357256e-03, 1.368685137622965842e-02, 0.000000000000000000e+00, 0.000000000000000000e+00, 0.000000000000000000e+00, 6.769987293774925030e-01
1.486916532609648733e+00, 2.120748654590168591e+00, -2.918619647034890248e-07, 6.954481956475844954e-07, 5.563211588310775463e-08, -3.598878959096801222e-01, 1.026749878962462080e-02, 3.496203978677994706e-01
-9.906247020876191370e-03, 7.298326555210907576e-03, 2.515694885385834703e-02, 0.000000000000000000e+00, 0.000000000000000000e+00, 0.000000000000000000e+00, 6.901597203846432382e-01, 1.517300929424102662e+00
2.166053231245390176e+00, -3.492299263547387820e-07, 7.894017544594933754e-07, 6.595898666676443483e-08, -3.936034266582729702e-01, 1.105226517883268686e-02, 3.825511612632938596e-01, -1.075914938992503407e-02
8.098980244663333411e-03, 2.748348545678812663e-02, 0.000000000000000000e+00, 0.000000000000000000e+00, 0.000000000000000000e+00, -8.365997912760833044e-01, -1.835243697627865767e-01, -6.012350085963535928e-01
3.234693055995905286e-01, -3.301250387906182748e-01, 1.482356526288104992e-01, -3.414892945179837103e-02, 4.174862616940283599e-02, -7.599696724458888247e-03, 7.854502570123063354e-02, -7.200691595859626259e-02
3.023968084821843094e-02, 0.000000000000000000e+00, 0.000000000000000000e+00, 0.000000000000000000e+00, -8.692984124899689746e-01, -1.905486730498188730e-01, -6.246717583989100930e-01, 3.361088868230279192e-01
-3.429152354963858618e-01, 1.538261840912001910e-01, -5.051033869532117054e-02, 6.174118915914111883e-02, -1.123085054671838640e-02, 1.163138224753390293e-01, -1.064789611721181778e-01, 4.463996290261557781e-02
0.000000000000000000e+00, 0.000000000000000000e+00, 0.000000000000000000e+00, -1.393907058886851402e+00, -2.999503127383103540e-01, -9.994392962059114316e-01, 5.389829326813438959e-01, -5.459317355795011428e-01
2.385494244596044200e-01, -4.148516997000332718e-01, 5.056946417321950271e-01, -9.084294104350265631e-02, 9.800237544783286792e-01, -8.817859409428964179e-01, 3.522936260953031806e-01, 0.000000000000000000e+00
0.000000000000000000e+00, 0.000000000000000000e+00, -1.414943908599330058e+00, -3.041995257634088068e-01, -1.014416499768826307e+00, 5.471267818646503578e-01, -5.539885430247633025e-01, 2.417237158034260536e-01
-4.319404071004633860e-01, 5.264349324236838878e-01, -9.449452545818404214e-02, 1.021419478279831372e+00, -9.187070669993697702e-01, 3.661346897698121716e-01, 0.000000000000000000e+00, 0.000000000000000000e+00
0.000000000000000000e+00, -3.689105570483124930e-01, 4.619292778611877592e-01, 6.151249084842697057e-01, -8.264423540629755282e-10, -2.274506192477765367e-09, -1.483313569247549882e-09, -3.322856274946764908e-03
9.414907708487958325e-04, 2.381365499107788823e-03, -1.482168561153025159e-04, 5.131220957759212355e-05, 8.613779493196241073e-05, 0.000000000000000000e+00, 0.000000000000000000e+00, 0.000000000000000000e+00
-3.911027676176890844e-01, 4.903578800972996921e-01, 6.532511512516340213e-01, -1.816124443733619757e-09, 2.958766187614220339e-09, -3.275959809475483231e-09, -3.857443691959702020e-02, 1.106577948264085391e-02
2.750865751432347503e-02, -1.713516258188664673e-03, 6.265485544900672435e-04, 9.296719521434284152e-04, 0.000000000000000000e+00, 0.000000000000000000e+00, 0.000000000000000000e+00, -4.107120627725281414e-01
5.156648888949773024e-01, 6.872886390228660769e-01, -3.312947407553229591e-09, 2.173275611398701548e-08, -6.023974900880322152e-09, -7.687896914665591497e-02, 2.196732871726364902e-02, 5.491164031668105405e-02
-3.372529172590506101e-03, 1.279147716221353502e-03, 1.754806605120355764e-03, 0.000000000000000000e+00, 0.000000000000000000e+00, 0.000000000000000000e+00, -4.277695113344173738e-01, 5.378394109018941327e-01
7.172003834376541320e-01, -5.362301634307350311e-09, 1.955184722229864484e-08, -9.702781954503606424e-09, -1.158736626399684139e-01, 3.281450415763641215e-02, 8.305915833846080898e-02, -5.038686204053838616e-03
1.944414470550859990e-03, 2.575068698698983020e-03, 0.000000000000000000e+00, 0.000000000000000000e+00, 0.000000000000000000e+00, -4.423172856384092744e-01, 5.568684861811983300e-01, 7.429328634594865033e-01
-7.916211888479229527e-09, 1.959909956976214238e-08, -1.416714649715715803e-08, -1.527376688134670923e-01, 4.287601759642339222e-02, 1.098616513606737038e-01, -6.616630545410377533e-03, 2.589468693179056407e-03
3.366249116162161031e-03, 0.000000000000000000e+00, 0.000000000000000000e+00, 0.000000000000000000e+00, -4.568026070575186837e-01, 5.759167211509292894e-01, 7.687462555195008207e-01, -1.143771954559669792e-08
3.868205393785787043e-08, -2.019781372339400621e-08, -1.920693672409602426e-01, 5.345520110327259961e-02, 1.386141661888914411e-01, -8.304153340589195617e-03, 3.315652836912979552e-03, 4.231375322593868178e-03
0.000000000000000000e+00, 0.000000000000000000e+00, 0.000000000000000000e+00, -4.712298189219337741e-01, 5.949829949516834970e-01, 7.946353055892437789e-01, -1.610079531430195839e-08, 6.604518623916194290e-08
-2.798146725471775690e-08, -2.333229180796766722e-01, 6.442175823142629043e-02, 1.689011595507565189e-01, -1.005094868198544607e-02, 4.114398899660850172e-03, 5.158581025664530154e-03, 0.000000000000000000e+00
0.000000000000000000e+00, 0.000000000000000000e+00, -6.652301259641999476e-01, 8.604873367199397105e-01, 1.160204160433782050e+00, -2.980371009766829892e-07, 7.666621034953279958e-07, -4.406479717610049627e-07
-9.152590790161202472e-01, 2.377212996663547739e-01, 6.775377793557426642e-01, -3.627065902302822192e-02, 2.019334575336437926e-02, 2.154087236201498307e-02, 0.000000000000000000e+00, 0.000000000000000000e+00
0.000000000000000000e+00, -6.743022919215057032e-01, 8.733702144876249740e-01, 1.178201589712837061e+00, -3.278382022052932500e-07, 8.032723195611827934e-07, -4.836860937820269544e-07, -9.525468666863925460e-01
2.469366490677619985e-01, 7.056102192781490423e-01, -3.767056028573570470e-02, 2.122275396313428805e-02, 2.244620730756719668e-02, 0.000000000000000000e+00, 0.000000000000000000e+00, 0.000000000000000000e+00
3.183044905493499499e-01, 1.143728525469391716e-01, -8.106454511460928769e-01, 2.412126739691940747e-01, -5.408722813131789930e-01, -3.840101094204783072e-01, 4.179850980729077348e-01, 2.316570003104561626e-01
-6.496420972694596507e-01, 4.353644860627165492e-01, -9.612062838146291366e-01, -6.782103382952352488e-01, 0.000000000000000000e+00, 0.000000000000000000e+00, 0.000000000000000000e+00, -6.200881439761822822e-01
-1.089555411486289316e+00, -1.351317904243761747e-01, 2.891000959852402241e-01, -1.487531218911837816e-01, -9.437556490424624245e-02, 1.394348808284031401e-03, -5.454632834214874493e-02, 5.315197949303576003e-02
6.454046786316358641e-02, -2.964891117009388691e-02, -1.973906297109559102e-02, 0.000000000000000000e+00, 0.000000000000000000e+00, 0.000000000000000000e+00, -6.436624792705046838e-01, -1.129908801888184655e+00
-1.403111591334326169e-01, 3.003531916401154800e-01, -1.544960552055778258e-01, -9.803094136340149978e-02, 2.067873055216723575e-03, -8.052242295463912791e-02, 7.845454991224953822e-02, 9.518968728070797969e-02
-4.374647128070537072e-02, -2.914030246283405567e-02, 0.000000000000000000e+00, 0.000000000000000000e+00, 0.000000000000000000e+00, -1.033872097077975782e+00, -1.776469543360998493e+00, -2.268908579155538008e-01
4.922982628588452036e-01, -2.516393634886373021e-01, -1.602657665516559193e-01, 1.488559907758879759e-02, -6.714445303900277162e-01, 6.565589297834399929e-01, 7.916862788804069906e-01, -3.716943333938936278e-01
-2.518958218622600054e-01, 0.000000000000000000e+00, 0.000000000000000000e+00, 0.000000000000000000e+00, -1.050667334593184954e+00, -1.803409259013992072e+00, -2.306528473687421976e-01, 5.008115052692805325e-01
-2.559193476070443229e-01, -1.630306289715338919e-01, 1.537967598666841948e-02, -7.008608481718229255e-01, 6.854811716621008744e-01, 8.264649364159456502e-01, -3.884394212349780440e-01, -2.634966439139969085e-01
0.000000000000000000e+00, 0.000000000000000000e+00, 0.000000000000000000e+00, 3.900458322271510014e-01, -4.839656539466370977e-01, -5.796730712802443675e-01, 3.719192486521728461e-10, -1.661852512833637282e-08
1.474102487917755237e-09, 5.573931193310346748e-03, -2.009630469720524292e-03, -3.564300723997626888e-03, 2.682630078712295771e-04, -6.779952571369199951e-05, -7.869291641394268093e-05, 0.000000000000000000e+00
0.000000000000000000e+00, 0.000000000000000000e+00, 4.141874274601565209e-01, -5.132022206783095619e-01, -6.145246882737557259e-01, 7.563915005431376193e-10, -1.358706145572503951e-08, 3.020591906037182245e-09
4.134200556915178931e-02, -1.498094389266619274e-02, -2.636106176340226315e-02, 1.944619303923089682e-03, -5.023254950157811588e-04, -5.192339129152220628e-04, 0.000000000000000000e+00, 0.000000000000000000e+00
0.000000000000000000e+00, 4.357709763466372510e-01, -5.391388372189838130e-01, -6.453818775953011899e-01, 1.306343136154768191e-09, -2.482964611385549629e-08, 5.413164768451276667e-09, 7.999564095069892911e-02
-2.889710755566983480e-02, -5.109853337953570995e-02, 3.708652148549870971e-03, -9.773824795570029960e-04, -9.083152195435238024e-04, 0.000000000000000000e+00, 0.000000000000000000e+00, 0.000000000000000000e+00
4.547650948232983548e-01, -5.617884284786551774e-01, -6.722759882813191812e-01, 2.019930334253045584e-09, 4.020141743847727019e-09, 8.678943861015066878e-09, 1.193282173586266842e-01, -4.290959421549996045e-02
-7.641862323528313128e-02, 5.508240181323797308e-03, -1.458127233266520500e-03, -1.256687639248064460e-03, 0.000000000000000000e+00, 0.000000000000000000e+00, 0.000000000000000000e+00, 4.711246682991534485e-01
-5.811692784763412556e-01, -6.952517846542327629e-01, 2.864302465042588060e-09, -7.560483635912180136e-09, 1.260679185130299705e-08, 1.565035581492422723e-01, -5.606399129926124825e-02, -1.004395670833092002e-01
7.237881586384742674e-03, -1.907082482578457278e-03, -1.567557516839803832e-03, 0.000000000000000000e+00, 0.000000000000000000e+00, 0.000000000000000000e+00, 4.875525091180461512e-01, -6.005215115323847552e-01
-7.181624310743243145e-01, 4.000216391590041225e-09, -1.784710390837565258e-09, 1.778739283323626114e-08, 1.961895920134982818e-01, -7.004783949311457758e-02, -1.261417520443253448e-01, 9.114185986426418321e-03
-2.383768112679893712e-03, -1.905201376155256495e-03, 0.000000000000000000e+00, 0.000000000000000000e+00, 0.000000000000000000e+00, 7.530585672022638288e-01, -9.002513652367913899e-01, -1.069643063970259211e+00
8.464983402819666835e-08, -4.591249110671014454e-07, 3.441609037962508597e-07, 9.773569648586624137e-01, -3.455720901047782401e-01, -6.317848742482210511e-01, 4.620412875717804652e-02, -9.406927683680692612e-03
-8.648901362879305235e-03, 0.000000000000000000e+00, 0.000000000000000000e+00, 0.000000000000000000e+00, 4.764116219975069177e-01, 2.580839635462660320e-02, -2.100184562357925444e-01, 4.520819325458704796e-01
-4.842573663630827391e-02, -1.151402734562678720e-01, 4.800647792885547743e-02, -8.337181674113059576e-03, -3.966929625744674420e-02, 1.074654099051217948e-01, -1.594092971590544555e-02, -3.609582818677655597e-02
0.000000000000000000e+00, 0.000000000000000000e+00, 0.000000000000000000e+00, 4.978424537902760849e-01, 2.767501036750820084e-02, -2.191450189010189786e-01, 4.717835234672071443e-01, -5.085323351083772397e-02
-1.202848079566784106e-01, 7.259457725969153952e-02, -1.268200045941061775e-02, -5.991257687202466292e-02, 1.622314089659466496e-01, -2.435038679465082248e-02, -5.491693837813019924e-02, 0.000000000000000000e+00
0.000000000000000000e+00, 0.000000000000000000e+00, 8.165588951972273524e-01, 6.803495735907758024e-02, -3.488145286975524728e-01, 7.529480224436048141e-01, -9.195229314426471567e-02, -1.962823417607067744e-01
5.737839011187827465e-01, -1.069748772439452489e-01, -4.668090231028614312e-01, 1.268985900242562082e+00, -2.059398109819121359e-01, -4.545803820064024392e-01, 0.000000000000000000e+00, 0.000000000000000000e+00
0.000000000000000000e+00, -1.754900145324485572e-01, -3.417955319792580493e-01, -1.542500966202469681e-01, -3.466253151484548489e-01, 3.665297816218047178e-01, -3.151871003336784161e-01, 4.971806474903168495e-03
-1.473446312302817071e-02, 9.762656556044080336e-03, -7.978554136202334335e-02, 8.006318791406334678e-02, -7.247256087938519498e-02, 0.000000000000000000e+00, 0.000000000000000000e+00, 0.000000000000000000e+00
-1.824755080626385417e-01, -3.555501231210715374e-01, -1.602673252467637643e-01, -3.614973680885893437e-01, 3.822065765867150855e-01, -3.286929307416525670e-01, 7.426204278602375163e-03, -2.212093577734069658e-02
1.469473156054683718e-02, -1.198662738636662450e-01, 1.200173692968350692e-01, -1.088461553999211795e-01, 0.000000000000000000e+00, 0.000000000000000000e+00, 0.000000000000000000e+00, -1.884128229163794244e-01
-3.672641196653053108e-01, -1.653611933994555416e-01, -3.743135196949166077e-01, 3.957077834496502966e-01, -3.403280468053729857e-01, 9.752738743871584501e-03, -2.913214001412017806e-02, 1.937940123709094853e-02
-1.577788977265007775e-01, 1.577915487475677059e-01, -1.432425754588340649e-01, 0.000000000000000000e+00, 0.000000000000000000e+00, 0.000000000000000000e+00, -1.943066169010981559e-01, -3.789130012835735806e-01
-1.703996840922487044e-01, -3.871897423598941734e-01, 4.092648931753294361e-01, -3.520142670525165385e-01, 1.224543802171420594e-02, -3.664300839053511588e-02, 2.439757039884942955e-02, -1.982687150665499165e-01
1.981480381773227106e-01, -1.799869877754821657e-01, 0.000000000000000000e+00, 0.000000000000000000e+00, 0.000000000000000000e+00, -2.759021866714904681e-01, -5.426492287629680611e-01, -2.382060386733197699e-01
-5.829641596765846590e-01, 6.145476658915252077e-01, -5.293751360366443226e-01, 5.789705487510367343e-02, -1.766598253855586054e-01, 1.187627721241200224e-01, -9.567622209004118528e-01, 9.567427499560083870e-01
-8.735764652994036927e-01, 0.000000000000000000e+00, 0.000000000000000000e+00, 0.000000000000000000e+00, -2.793671483827811497e-01, -5.497398904293665511e-01, -2.409829853586405168e-01, -5.922242096913832299e-01
6.242144477623280396e-01, -5.377484111290815605e-01, 6.027781346891853548e-02, -1.841001662484886836e-01, 1.238223529133713335e-01, -9.976045587359689826e-01, 9.977858868730811182e-01, -9.112973155553582005e-01
0.000000000000000000e+00, 0.000000000000000000e+00, 0.000000000000000000e+00, 2.474921486692471806e-02, -2.621075072925777016e-01, 1.056994235656743969e-01, -9.349394768648335019e-02, -1.183778145459540715e-01
-5.521373736663560683e-01, 1.377785782408646326e-02, -2.700145059737706771e-02, 1.322359286112101580e-02, -3.005525415665886990e-02, -3.868126048776939635e-02, -1.916422141751915886e-01, 0.000000000000000000e+00
0.000000000000000000e+00, 0.000000000000000000e+00, 7.710456635586940277e-02, -4.237990070053425096e-01, 1.742075061869787500e-01, -1.457180710580907868e-01, -1.877510254923918098e-01, -8.935351756916933841e-01
1.141015034765905101e-01, -2.155591264034890098e-01, 1.014576198525226763e-01, -2.395558403857255825e-01, -3.177111799544093396e-01, -1.642009713048444342e+00, 0.000000000000000000e+00, 0.000000000000000000e+00
0.000000000000000000e+00, -4.152896876028190909e-01, -9.714137304924581884e-02, 6.725325249772695635e-01, 4.271897468080151916e-01, -5.333577596580182378e-01, 4.442205399322176063e-01, -4.300276531514268807e-01
-1.526811675066432616e-01, 5.827088216196086856e-01, 7.352797093686825880e-01, -9.329180385573279111e-01, 6.804440104107232212e-01, 0.000000000000000000e+00, 0.000000000000000000e+00, 0.000000000000000000e+00
-2.606290915503310570e-03, -2.438583224834648677e-01, 2.209490946510557219e-01, 3.976968885683868082e-01, -2.733791496678933397e-01, 1.808334315232476563e-01, -1.571404230781712954e-03, -1.534499268331838799e-02
1.691639693724090315e-02, 5.458543522761859224e-02, -3.628214595946255977e-02, 2.156157361249537441e-02, 0.000000000000000000e+00, 0.000000000000000000e+00, 0.000000000000000000e+00, -2.629989046653887028e-03
-2.554334900825321886e-01, 2.324551892893892968e-01, 4.177300787388444903e-01, -2.869006721075149091e-01, 1.894523149324522648e-01, -3.033496164346964098e-03, -2.962573495092530457e-02, 3.265923118736695219e-02
1.052137542635703249e-01, -7.006571315634267660e-02, 4.154442902306863111e-02, 0.000000000000000000e+00, 0.000000000000000000e+00, 0.000000000000000000e+00, -2.629959766391152219e-03, -2.652120251385384764e-01
2.423946377234943717e-01, 4.349039915981169901e-01, -2.984434924047376647e-01, 1.967421042772337925e-01, -4.501963014762683582e-03, -4.364715628622203858e-02, 4.814911928888854220e-02, 1.548143459696913748e-01
-1.032119676488128940e-01, 6.099556867311441838e-02, 0.000000000000000000e+00, 0.000000000000000000e+00, 0.000000000000000000e+00, -2.616775712388269472e-03, -2.732662581098584398e-01, 2.507281748473959571e-01
4.492177514747954237e-01, -3.080320593052978673e-01, 2.027526427741866144e-01, -5.853760616715571359e-03, -5.632702937553604738e-02, 6.218078993353681749e-02, 1.995867819039258140e-01, -1.331447594464346962e-01
7.844671523746934994e-02, 0.000000000000000000e+00, 0.000000000000000000e+00, 0.000000000000000000e+00, -7.208453837379087594e-04, -4.071555408587231861e-01, 4.091643310707317460e-01, 7.102633845900888643e-01
-4.787112051709818128e-01, 3.037720580084418698e-01, -3.957423398181093843e-02, -3.552201106595671010e-01, 3.947943447541601980e-01, 1.234426952560857993e+00, -8.265743693226487165e-01, 4.710164027946626697e-01
0.000000000000000000e+00, 0.000000000000000000e+00, 0.000000000000000000e+00, -4.180826590749225913e-01, -2.534527038421801604e-01, -6.787450283279703456e-01, -2.450035780923042195e-01, -7.953401597764069714e-03
-5.406886705321616304e-01, -9.011691223051393549e-05, 4.849494244045544911e-02, -4.840482521643463959e-02, -1.406883559372867354e-01, -3.406146680925105363e-02, -2.929886273724275347e-01, 0.000000000000000000e+00
0.000000000000000000e+00, 0.000000000000000000e+00, -5.839148586117953732e-01, -3.646815545193314301e-01, -9.807408394237501215e-01, -3.516924052694625491e-01, -5.200328588346663861e-04, -7.888097789475627675e-01
-8.892828897516805858e-03, 2.256272449595607688e-01, -2.167344157680638761e-01, -6.506255931945852389e-01, -1.510470240749371695e-01, -1.333931676251888021e+00, 0.000000000000000000e+00, 0.000000000000000000e+00
0.000000000000000000e+00, -5.917371262268986687e-01, -3.702180045155077370e-01, -9.958802873853053184e-01, -3.570037726866960859e-01, 1.359879814966043253e-04, -8.014346488913307587e-01, -9.722467247610340479e-03
2.360371205096900016e-01, -2.263146533776582980e-01, -6.802655030880373488e-01, -1.573374897164144248e-01, -1.393933342597146741e+00, 0.000000000000000000e+00, 0.000000000000000000e+00, 0.000000000000000000e+00
-5.995007588844621926e-01, -3.757459079587331385e-01, -1.011008036376837449e+00, -3.623079946252329431e-01, 8.227134701477563199e-04, -8.140698167308672017e-01, -1.059490907428267681e-02, 2.465890678972883776e-01
-2.359941602705407093e-01, -7.102708918214117872e-01, -1.636498679495890785e-01, -1.454643178902689904e+00, 0.000000000000000000e+00, 0.000000000000000000e+00, 0.000000000000000000e+00, -5.522829803082274225e-01
-2.682002713348258793e-01, 3.454065206546963473e-01, -2.704525682522204155e-01, 1.637538459881415220e-01, -2.134301070717095974e-02, -2.990877110628316696e-02, -4.123100983655385646e-03, 3.403187207302940664e-02
-3.483860345778746342e-02, 2.511881822517939358e-02, 1.414172088275473735e-03, 0.000000000000000000e+00, 0.000000000000000000e+00, 0.000000000000000000e+00, -5.821310809250168639e-01, -2.826207230159643036e-01
3.648608569970171467e-01, -2.856055015534724739e-01, 1.725940641026587896e-01, -2.268589659628417535e-02, -5.990479927984418418e-02, -8.214416314336081895e-03, 6.811921565924979050e-02, -6.961658735287899746e-02
5.030659099007819823e-02, 2.792166409574744351e-03, 0.000000000000000000e+00, 0.000000000000000000e+00, 0.000000000000000000e+00, -9.419280702718110243e-01, -4.550365529600562398e-01, 6.160676212962313825e-01
-4.797104163022454792e-01, 2.790262495032977963e-01, -4.293430928562044085e-02, -6.596514846375385321e-01, -8.335154242174853956e-02, 7.430030278403667587e-01, -7.447334245972048183e-01, 5.640301904188214088e-01
2.995037024251386709e-02, 0.000000000000000000e+00, 0.000000000000000000e+00, 0.000000000000000000e+00, -9.116309428699675976e-02, -2.630231443445762290e-02, 3.025095149710949061e-01, -5.171038622077888114e-01
7.832650275864301292e-01, 9.560181136169444704e-02, -1.288825533225593511e-01, -9.836871002965573429e-02, 2.272512624664803360e-01, -8.813710407791446322e-01, 1.416289187390852522e+00, 2.327104069449285884e-01
0.000000000000000000e+00, 0.000000000000000000e+00, 0.000000000000000000e+00, 2.428106013453269069e-03, 4.836057529975806291e-01, -8.033919496244961156e-01, 2.244572094493768599e-01, 5.733674315184934533e-01
3.519500978516726386e-01, 9.175067286756370677e-02, 5.160152918744819184e-01, -6.077659636345388305e-01, 4.541230804989906944e-01, 9.739134259608055455e-01, 6.381588352888405424e-01, 0.000000000000000000e+00
0.000000000000000000e+00, 0.000000000000000000e+00, -1.181312675094364550e+00, -9.610317877820094834e-01, -3.071547766610089880e-01, -1.407643453576788162e-01, 1.765013449560113024e-01, 2.799381386816662265e-01
-6.348458799560516286e-02, -2.751627428727304245e-02, 9.100086229152921924e-02, -4.759508991122306937e-02, 6.540885617803733620e-02, 9.155164414531356820e-02, 0.000000000000000000e+00, 0.000000000000000000e+00
0.000000000000000000e+00, -1.221431315504962756e+00, -9.941340584885401954e-01, -3.179946780048823474e-01, -1.456008098997254585e-01, 1.824070480718910370e-01, 2.895161624984633475e-01, -8.430412680255539026e-02
-3.657693028314193406e-02, 1.208810570065051576e-01, -6.313925234574990775e-02, 8.705944032594656323e-02, 1.216387918844169941e-01, 0.000000000000000000e+00, 0.000000000000000000e+00, 0.000000000000000000e+00
-1.825120725979884284e+00, -1.498408423857730210e+00, -4.868764557635216761e-01, -2.187999693390574041e-01, 2.699824202727838518e-01, 4.344080463389743962e-01, -4.785865145831053602e-01, -2.112126927224133310e-01
6.897992078253404324e-01, -3.589529838954010343e-01, 5.098683398028729385e-01, 6.945248789238015474e-01, 0.000000000000000000e+00, 0.000000000000000000e+00, 0.000000000000000000e+00, -1.853949229835011092e+00
-1.522782352228944092e+00, -4.952225850422832809e-01, -2.223065954959833890e-01, 2.741008430162494847e-01, 4.413589508485129542e-01, -5.000005976053132351e-01, -2.207660107469607003e-01, 7.207666079421359839e-01
-3.750513419494018730e-01, 5.333187455272311306e-01, 7.257270643531447130e-01, 0.000000000000000000e+00, 0.000000000000000000e+00, 0.000000000000000000e+00, -1.882717347389780249e+00, -1.547134003519515577e+00
-5.035795376196586792e-01, -2.258060761742128053e-01, 2.782040991309130407e-01, 4.482980863343159483e-01, -5.215940547892765622e-01, -2.304040875992175996e-01, 7.519981433762885636e-01, -3.912832624217555400e-01
5.570100369374638705e-01, 7.571966379241445999e-01, 0.000000000000000000e+00, 0.000000000000000000e+00, 0.000000000000000000e+00, 2.709221163967417967e-02, -1.298922105492440193e-01, -8.921382346065090396e-02
-3.973795802766590946e-01, -3.836552523387370406e-01, -1.080601110900620970e-01, 1.126389699479948651e-02, -1.172001624757223852e-02, 4.561191965450086226e-04, -9.924383149024375295e-02, -9.567858240349728927e-02
-1.636524145184388088e-02, 0.000000000000000000e+00, 0.000000000000000000e+00, 0.000000000000000000e+00, 2.820403192494335895e-02, -1.345115698788829639e-01, -9.226422481354183691e-02, -4.131347653460938352e-01
-3.989763145504973685e-01, -1.118304281783490950e-01, 1.673222072867097676e-02, -1.743059191418284970e-02, 6.983714144932976885e-04, -1.465320223655298126e-01, -1.414112637698967390e-01, -2.403218519792688079e-02
0.000000000000000000e+00, 0.000000000000000000e+00, 0.000000000000000000e+00, 2.931972048866133412e-02, -1.390289485162418404e-01, -9.522252304764501629e-02, -4.288675332274609064e-01, -4.142971666011194265e-01
-1.155032392552554632e-01, 2.279032278453264546e-02, -2.381188119057964583e-02, 1.021558452385637732e-03, -1.984122089041938652e-01, -1.916659985304175196e-01, -3.224130768009886988e-02, 0.000000000000000000e+00
0.000000000000000000e+00, 0.000000000000000000e+00, -5.124672171245381325e-01, -5.643548812707053219e-01, -2.454334627003596780e-01, 3.800052087184620508e-01, 4.159708198515151278e-01, 7.273626552184671024e-01
-8.363612714109094903e-02, -1.391420839464380943e-01, 2.227782092778991252e-01, 6.031005348887951145e-01, 6.522978283212320649e-01, 1.333743242957760478e+00, 0.000000000000000000e+00, 0.000000000000000000e+00
0.000000000000000000e+00, -5.189447336704272606e-01, -5.724667509341588856e-01, -2.488606129202142470e-01, 3.865219553434697253e-01, 4.229081689676439382e-01, 7.385669059221540156e-01, -8.756077904881383323e-02
-1.449365859648530652e-01, 2.324973640976846223e-01, 6.298533496418942113e-01, 6.814270600709948500e-01, 1.392180286748003537e+00, 0.000000000000000000e+00, 0.000000000000000000e+00, 0.000000000000000000e+00
1.022956817939224550e+00, -6.276804777927376400e-02, 6.516270960298382597e-01, 1.071493966458297709e-11, 7.057852526285315383e-09, -7.373908317131351478e-11, 3.354287318905026238e-02, -3.770530526646920927e-02
4.162432071583888754e-03, 1.036727793328561138e-03, 2.764174763367073349e-05, 2.232685560967646345e-03, 0.000000000000000000e+00, 0.000000000000000000e+00, 0.000000000000000000e+00, 1.070171899447520003e+00
-6.554474489824295425e-02, 6.811880114513660933e-01, 2.916614955480916004e-11, -6.050976987917796640e-08, -2.177597666424593041e-10, 6.395077729766014685e-02, -7.187720753069287705e-02, 7.926430328134517755e-03
2.021235381437465513e-03, 5.415442879272766027e-05, 4.269514103810762365e-03, 0.000000000000000000e+00, 0.000000000000000000e+00, 0.000000000000000000e+00, 1.112870197775014613e+00, -6.803011927454342966e-02
7.078058302944489899e-01, 2.453015486562426766e-11, -2.268917511011925458e-08, -1.831778264838016355e-10, 9.563563210459218034e-02, -1.073807806765397221e-01, 1.174514853462236413e-02, 3.035344449249587333e-03
4.717482916496589424e-05, 6.424894426507076622e-03, 0.000000000000000000e+00, 0.000000000000000000e+00, 0.000000000000000000e+00, 4.220953007121934775e-01, -1.890973002298574623e-01, 2.586916182070415626e-01
-7.234844816827463720e-01, -3.948189419427640123e-01, 2.793148883130982529e-01, 2.509611983144200420e-01, -3.639818396042913129e-01, 1.130206428766296206e-01, -1.348661464829533418e+00, -6.828742622459017531e-01
4.721276229419158477e-01, 0.000000000000000000e+00, 0.000000000000000000e+00, 0.000000000000000000e+00, 4.194253260461835303e-02, -1.907485362921853833e-01, -2.290690511399703921e-02, -2.656459028082184815e-01
-3.089465404710367014e-01, 3.643837912134503254e-01, 7.893716203180007815e-03, -1.251246472160605534e-02, 4.618748569807636616e-03, -3.968044789733473493e-02, -3.770188998935180419e-02, 5.229316580877500786e-02
0.000000000000000000e+00, 0.000000000000000000e+00, 0.000000000000000000e+00, 4.445263156314901987e-02, -1.995621690227285805e-01, -2.370834585756137827e-02, -2.787713940964525183e-01, -3.241829077441283902e-01
3.820530889021637178e-01, 1.466754280521163911e-02, -2.332596170553855389e-02, 8.658418823962805294e-03, -7.382898615404345777e-02, -7.015394889647917631e-02, 9.749466708552594063e-02, 0.000000000000000000e+00
0.000000000000000000e+00, 0.000000000000000000e+00, 4.671095309983672172e-02, -2.070445535371827905e-01, -2.433484277787785130e-02, -2.901028448289957873e-01, -3.373348968491957089e-01, 3.972412241940534439e-01
2.139260918363395519e-02, -3.413465238862582740e-02, 1.274204303375701432e-02, -1.077776193331379390e-01, -1.021674433617710820e-01, 1.424738409443534470e-01, 0.000000000000000000e+00, 0.000000000000000000e+00
0.000000000000000000e+00, 4.906371579797390303e-02, -2.144627163105085610e-01, -2.490772233782759248e-02, -3.015065909930575994e-01, -3.505690239324174562e-01, 4.124681342159291497e-01, 2.881423313930138452e-02
-4.613033251996351974e-02, 1.731609921025348622e-02, -1.453196983052557067e-01, -1.373061012736109532e-01, 1.922057273918776621e-01, 0.000000000000000000e+00, 0.000000000000000000e+00, 0.000000000000000000e+00
5.109169634890842193e-02, -2.205986684666435271e-01, -2.534657601028868223e-02, -3.110618823800797572e-01, -3.616566001775831096e-01, 4.251852648993383887e-01, 3.541394005456393462e-02, -5.684350771941360653e-02
2.142956754249343218e-02, -1.787760574498853394e-01, -1.684556453512922047e-01, 2.365199621531310636e-01, 0.000000000000000000e+00, 0.000000000000000000e+00, 0.000000000000000000e+00, 5.317744494268784178e-02
-2.266953029765190197e-01, -2.575186738682528828e-02, -3.206625685729391217e-01, -3.727952806061718971e-01, 4.379269143821967192e-01, 4.231421598092335867e-02, -6.807240536712333423e-02, 2.575818926990521354e-02
-2.138103023878318576e-01, -2.009755985269098544e-01, 2.829262931286771199e-01, 0.000000000000000000e+00, 0.000000000000000000e+00, 0.000000000000000000e+00, 9.131153810423289774e-02, -3.134510642521129431e-01
-2.765865282559001187e-02, -4.704026246822337609e-01, -5.461838939184069375e-01, 6.321941961236072771e-01, 1.672374841585408944e-01, -2.724501145102850019e-01, 1.052126300902626738e-01, -8.593540289137709953e-01
-8.006036948640811168e-01, 1.139128950417941599e+00, 0.000000000000000000e+00, 0.000000000000000000e+00, 0.000000000000000000e+00, -7.095414110268818408e-01, -1.824341308372253723e+00, -1.486467768526017474e+00
-1.955694136482552969e-08, 2.478348441395595426e-07, -6.805336507556736729e-09, 6.900357436841009218e-02, -5.907914717029762175e-02, -9.924427049113008353e-03, 3.335980930800398672e-03, -8.769036746868310922e-04
3.629578792517807514e-03, 0.000000000000000000e+00, 0.000000000000000000e+00, 0.000000000000000000e+00, -7.392918217412948190e-01, -1.897354089908916075e+00, -1.547049238527134385e+00, -3.125776919640905702e-08
2.038495456506703345e-07, -1.090396197247258299e-08, 1.037755581988563658e-01, -8.890589071031387847e-02, -1.486966767969519036e-02, 5.050638557965056626e-03, -1.290429816387093399e-03, 5.538329633232463682e-03
0.000000000000000000e+00, 0.000000000000000000e+00, 0.000000000000000000e+00, -7.658411981070585295e-01, -1.962020812220529598e+00, -1.600871646110973767e+00, -4.605567492656083849e-08, 2.627740601307489854e-07
-1.612752077269811972e-08, 1.373150531057904244e-01, -1.177437369372630882e-01, -1.957131618352426009e-02, 6.754966676336219937e-03, -1.696091492154084678e-03, 7.417243042729742934e-03, 0.000000000000000000e+00
0.000000000000000000e+00, 0.000000000000000000e+00, -7.908128247551288181e-01, -2.022464136300178961e+00, -1.651307937437179740e+00, -6.433216389975110557e-08, 2.750634869026272356e-07, -2.266969210271726180e-08
1.704239910008561176e-01, -1.462577536367903330e-01, -2.416623729402832266e-02, 8.479625151026553426e-03, -2.108003491049793062e-03, 9.296365036261184170e-03, 0.000000000000000000e+00, 0.000000000000000000e+00
0.000000000000000000e+00, 2.733954546695269716e-01, 1.269611019123870477e-01, -1.539256428498226303e-01, -3.411092507826777309e-01, -1.778793014850508225e-01, -3.640319464413557249e-01, 2.044161647671251941e-02
8.595032655669529800e-03, -2.903664904328659077e-02, -7.500267371525588811e-02, -3.769749673662452921e-02, -9.288133273205982643e-02, 0.000000000000000000e+00, 0.000000000000000000e+00, 0.000000000000000000e+00
2.857263091810438582e-01, 1.328162350044030104e-01, -1.603494982517746081e-01, -3.553662671520596561e-01, -1.850675129464003643e-01, -3.794804713833949128e-01, 3.110029520058879213e-02, 1.321707466172520468e-02
-4.431736974717494226e-02, -1.143790183037741853e-01, -5.731490680403732857e-02, -1.417519838079793204e-01, 0.000000000000000000e+00, 0.000000000000000000e+00, 0.000000000000000000e+00, -2.115138315440509911e-02
2.084687104897556820e-01, -5.413141013225377524e-02, -4.584619343236648326e-01, -2.531402292566295453e-01, 2.017332211468056413e-01, -1.781526964626103460e-03, 1.491678899064367500e-02, -1.313526209038732434e-02
-1.140543299784518988e-01, -6.025293621756709628e-02, 3.807839340846950332e-02, 0.000000000000000000e+00, 0.000000000000000000e+00, 0.000000000000000000e+00, -2.189026155416082253e-02, 2.176687419861885742e-01
-5.607850491514852070e-02, -4.770137336582641052e-01, -2.635850276608087683e-01, 2.103238203695028952e-01, -2.613854835694347147e-03, 2.220597132748370131e-02, -1.959211656716461011e-02, -1.702577452942412306e-01
-8.992413126771250931e-02, 5.680955458094177901e-02, 0.000000000000000000e+00, 0.000000000000000000e+00, 0.000000000000000000e+00, -2.249015119871797599e-02, 2.254511840656152621e-01, -5.766734501123554207e-02
-4.924864271311888975e-01, -2.723251740467173554e-01, 2.175506839668411296e-01, -3.307580471604033671e-03, 2.883550424541880125e-02, -2.552792391486544826e-02, -2.217715845784894169e-01, -1.171124286960778943e-01
7.390121569159263659e-02, 0.000000000000000000e+00, 0.000000000000000000e+00, 0.000000000000000000e+00, -8.012755569097623765e-01, -1.289994845639878651e+00, -1.903492301297285694e-01, 2.200984615099947206e-08
-3.413485738505920418e-08, -4.897917305017055086e-09, -1.298102193052494109e-03, -3.453783351102707871e-02, 3.583593565194363728e-02, -9.674836680540274550e-04, 8.548421505217572479e-04, 2.912215619166987762e-03
0.000000000000000000e+00, 0.000000000000000000e+00, 0.000000000000000000e+00, -8.378477981680425568e-01, -1.347743063284082554e+00, -1.992259112017123190e-01, 4.045177575380357929e-08, -3.870386271361025238e-08
-8.766807380787140269e-09, -2.506929938949786600e-03, -6.534307735970411313e-02, 6.785000735532459304e-02, -1.815554536814519525e-03, 1.669102480625676193e-03, 5.538263488154829793e-03, 0.000000000000000000e+00
0.000000000000000000e+00, 0.000000000000000000e+00, -8.703504090937608240e-01, -1.398839680906309058e+00, -2.071526639293251593e-01, 6.577961439244489648e-08, -3.136873799296187457e-08, -1.386389052232116354e-08
-3.742656904464557090e-03, -9.653135893872107076e-02, 1.002740158327997122e-01, -2.648195482475798786e-03, 2.513174075514383772e-03, 8.242694259497640452e-03, 0.000000000000000000e+00, 0.000000000000000000e+00
0.000000000000000000e+00, -9.028479060984512250e-01, -1.449730901042864728e+00, -2.151111685022245867e-01, 1.011310052070069634e-07, -5.839019738638193579e-08, -2.087370622407147313e-08, -5.086896492125944635e-03
-1.305124671795156455e-01, 1.355993635333867242e-01, -3.549315531639697912e-03, 3.433811002450938912e-03, 1.120961218453541547e-02, 0.000000000000000000e+00, 0.000000000000000000e+00, 0.000000000000000000e+00
-9.312792754562151387e-01, -1.494106145145252418e+00, -2.220989913183622211e-01, 1.414160521812216706e-07, -1.861042254240741247e-08, -2.889257134775738189e-08, -6.328840485809557152e-03, -1.619905159933209549e-01
1.683193567402030688e-01, -4.395194800324718661e-03, 4.284928177628453093e-03, 1.396646351640397528e-02, 0.000000000000000000e+00, 0.000000000000000000e+00, 0.000000000000000000e+00, -1.434291763298328970e+00
-2.260058588548097269e+00, -3.491315217475730037e-01, 3.468299071190471471e-06, -6.015818886407916847e-07, -6.250954484184836790e-07, -3.460778514067294753e-02, -8.280822326178286508e-01, 8.626900179996190854e-01
-2.060268546089773917e-02, 2.229470017532950502e-02, 7.319142956346876006e-02, 0.000000000000000000e+00, 0.000000000000000000e+00, 0.000000000000000000e+00, -1.560238391126795299e-01, 2.594525066076598940e-01
-2.912665245642783590e-02, -1.664719825816407539e-01, -5.138695173187449727e-01, 1.109019778644598775e-02, -1.942157716247774196e-02, 2.404199108710508917e-02, -4.620414051256880456e-03, -4.874367452421594915e-02
-1.233460800986345279e-01, 6.672331548628319953e-03, 0.000000000000000000e+00, 0.000000000000000000e+00, 0.000000000000000000e+00, -1.621795289023710285e-01, 2.699612290246885538e-01, -2.939768808173095355e-02
-1.730990813175975751e-01, -5.341660393952860630e-01, 1.188550116802322351e-02, -2.852812037327040473e-02, 3.530199120489967840e-02, -6.773870834462630483e-03, -7.182312164333878868e-02, -1.817229536145083257e-01
1.015442423512351311e-02, 0.000000000000000000e+00, 0.000000000000000000e+00, 0.000000000000000000e+00, -5.877369453937763416e-02, 3.840621593290231006e-01, 7.999625401724065332e-01, -3.241083355669467925e-01
-1.319890232512748451e-01, -1.222518724260530515e-01, -4.992008337403875534e-02, 4.442434988383796995e-03, 4.547764840089658922e-02, -7.046828363181427413e-02, -3.139440125631147438e-02, -3.069018210835239638e-02
0.000000000000000000e+00, 0.000000000000000000e+00, 0.000000000000000000e+00, -9.331489915350629771e-02, 6.476231060260871919e-01, 1.343134930061905763e+00, -5.413293467617665833e-01, -2.091238878378920418e-01
-1.972293453625720006e-01, -6.598207344324424906e-01, 5.909194875504374805e-02, 6.007287855287363199e-01, -8.981371202445775914e-01, -4.038548710767809191e-01, -3.896832430258749813e-01, 0.000000000000000000e+00
0.000000000000000000e+00, 0.000000000000000000e+00, -9.440234293593030568e-02, 6.567768145049894812e-01, 1.361881163476136303e+00, -5.487757061544588089e-01, -2.115539810781488783e-01, -1.996645875507131185e-01
-6.849052546641867245e-01, 6.123460950880950382e-02, 6.236706465490837736e-01, -9.316220669402665022e-01, -4.189924291400228817e-01, -4.039628174712847630e-01, 0.000000000000000000e+00, 0.000000000000000000e+00
0.000000000000000000e+00, 3.212428935290430054e-01, 4.935123637538520458e-01, 6.377458828022982695e-01, 8.466772980645149715e-01, -4.490027588196617014e-03, 3.959009215355964728e-01, -8.008317775113782400e-02
-5.227399148960204522e-02, 1.323571700049510913e-01, 1.473668419684659447e+00, 2.081736805042117000e-02, 6.962757089900568630e-01, 0.000000000000000000e+00, 0.000000000000000000e+00, 0.000000000000000000e+00
3.259854948527700080e-01, 5.017420287352303276e-01, 6.466810236975399917e-01, 8.585679350453513381e-01, -3.934161229132473667e-03, 4.014060224953342471e-01, -8.338117036918507585e-02, -5.455205560046995361e-02
1.379332260279656774e-01, 1.530768210377797089e+00, 2.197993439187857431e-02, 7.234140834366428185e-01, 0.000000000000000000e+00, 0.000000000000000000e+00, 0.000000000000000000e+00, -1.081841026588761911e+00
5.343446413358445835e-01, -6.236319423844160006e-03, -3.903577814098562748e-01, 1.221903915364344201e-01, 3.193079049033762384e-01, -8.061704984568205390e-01, 6.285528351941361835e-01, 1.776176625231357942e-01
-7.199708791155725596e-01, 1.678796629285376207e-01, 5.212143587728730321e-01, 0.000000000000000000e+00, 0.000000000000000000e+00, 0.000000000000000000e+00, -3.431722538116110249e-02, -7.705775996772106229e-01
-1.160774257547829841e-01, -4.382099313815520647e-01, -8.665153886450704945e-02, -1.123029667407318966e-01, 3.709054710601324134e-02, -7.568000148257227055e-02, 3.858945439900212521e-02, -1.567549422226088285e-01
-4.601464247722569789e-02, -2.465519974312896725e-02, 0.000000000000000000e+00, 0.000000000000000000e+00, 0.000000000000000000e+00, -5.480470950019723786e-02, -1.198933845882445004e+00, -1.866685555235703398e-01
-7.079315066550539992e-01, -1.373139110350616865e-01, -1.736971298630175242e-01, 2.751958716994989396e-01, -5.948340797132388724e-01, 3.196382085537880502e-01, -1.229921821562519613e+00, -3.727891260085812175e-01
-1.741229063016565271e-01, 0.000000000000000000e+00, 0.000000000000000000e+00, 0.000000000000000000e+00, -5.558084334004446958e-02, -1.214433510034763852e+00, -1.893609999179325654e-01, -7.182884577034925888e-01
-1.392115697885671910e-01, -1.758977271404307818e-01, 2.854118203058978454e-01, -6.178497615873691506e-01, 3.324379409453011025e-01, -1.277248178144721802e+00, -3.872399635027818920e-01, -1.803945190599154369e-01
0.000000000000000000e+00, 0.000000000000000000e+00, 0.000000000000000000e+00, 4.163085137736419195e-01, 7.798544625830601262e-01, -3.483494070720029590e-01, -1.754509954765640583e-08, -2.143288022798340658e-08
3.445167547049136200e-09, 7.496906238861253922e-03, 4.738965872039399563e-02, -5.488656495458685280e-02, 1.666154346114124760e-03, -1.033029247500417275e-03, -4.963177226674605341e-03, 0.000000000000000000e+00
0.000000000000000000e+00, 0.000000000000000000e+00, -1.644434722495038415e-01, 1.181197979653227266e-02, 1.253273442513807012e-01, 1.285430636095571955e-01, 3.576056391594588102e-01, -3.884204459848136781e-01
-8.803856298073956671e-03, 1.478466516284418974e-03, 7.325389771613221093e-03, 1.254588783154761238e-02, 4.638389939752329827e-02, -4.959248029723665324e-02, 0.000000000000000000e+00, 0.000000000000000000e+00
0.000000000000000000e+00, -1.718735441539905595e-01, 1.242908951934537480e-02, 1.318975943994719624e-01, 1.343270571563144056e-01, 3.747333165683415790e-01, -4.071994295097370320e-01, -1.682329341967010380e-02
2.812980092961135398e-03, 1.401031334526632241e-02, 2.381581611920787281e-02, 8.879321949957395821e-02, -9.482782122549934800e-02, 0.000000000000000000e+00, 0.000000000000000000e+00, 0.000000000000000000e+00
-1.781293757260034860e-01, 1.296470159872174441e-02, 1.376255274626315972e-01, 1.391909302134595183e-01, 3.893652604081566659e-01, -4.232796988330105870e-01, -2.462574080766193052e-02, 4.090659416464310916e-03
2.053508159892052792e-02, 3.454659655638604721e-02, 1.304667819504775339e-01, -1.392126200911367739e-01, 0.000000000000000000e+00, 0.000000000000000000e+00, 0.000000000000000000e+00, -1.842852231365485483e-01
1.350612156871761581e-02, 1.434386195703064304e-01, 1.439719910254652901e-01, 4.039544014295047836e-01, -4.393458173063163330e-01, -3.311868784070653993e-02, 5.463999118594074431e-03, 2.765468861307232226e-02
4.601212923598923393e-02, 1.761969431518428664e-01, -1.878715873511019874e-01, 0.000000000000000000e+00, 0.000000000000000000e+00, 0.000000000000000000e+00, -1.903480217031843225e-01, 1.405290940445002613e-02
1.493311350747681676e-01, 1.486758701594909360e-01, 4.185042072911653310e-01, -4.553990108696266415e-01, -4.214796671444390880e-02, 6.917626797209123872e-03, 3.523033988649648673e-02, 5.801090452126245883e-02
2.250950008391598145e-01, -2.398515660799500071e-01, 0.000000000000000000e+00, 0.000000000000000000e+00, 0.000000000000000000e+00, -1.953333766548856487e-01, 1.451235777385909836e-02, 1.542985212491589375e-01
1.525405058152301541e-01, 4.306011174290814147e-01, -4.687675360006858805e-01, -4.999631971413166093e-02, 8.184777512721374756e-03, 4.181154236976322019e-02, 6.831064228922169301e-02, 2.677430098490108934e-01
-2.851634606856062182e-01, 0.000000000000000000e+00, 0.000000000000000000e+00, 0.000000000000000000e+00, -2.129866495568162599e-01, 8.646133602912345895e-01, 5.473750872493570174e-01, 5.528110754149056560e-09
-1.934647811898536524e-08, -1.285764705430201214e-09, -3.662372353363696487e-02, 3.103382932725309504e-02, 5.589894278564865385e-03, -1.797447685512856309e-03, 4.864334713233506107e-04, -1.841568056307634794e-03
0.000000000000000000e+00, 0.000000000000000000e+00, 0.000000000000000000e+00, -2.227476886980727377e-01, 9.059130362444397511e-01, 5.731223135777152589e-01, 1.003493257383634527e-08, -1.493740798814512643e-08
-2.304983100608756739e-09, -7.184836081397082130e-02, 6.090386782532036802e-02, 1.094449291678899379e-02, -3.495562368565226317e-03, 9.404119789667412686e-04, -3.655295730208236570e-03, 0.000000000000000000e+00
0.000000000000000000e+00, 0.000000000000000000e+00, -2.313761519524906995e-01, 9.427970865779998766e-01, 5.960241332300050265e-01, 1.634993646360647712e-08, -3.274180147818319494e-08, -3.726457120001279198e-09
-1.080506606582462420e-01, 9.174890943751552730e-02, 1.630175125531177840e-02, -5.279095114833774575e-03, 1.400393159205379776e-03, -5.576260572926641443e-03, 0.000000000000000000e+00, 0.000000000000000000e+00
0.000000000000000000e+00, -1.351347852205945776e-01, -1.235173332005344404e+00, 5.102919792911265739e-01, -2.329924312121754715e-01, 3.129227541776974930e-01, -4.800466128262630833e-02, 1.182293191962846268e-01
-8.252743217639997297e-01, 7.070450028325198089e-01, -3.956790326847075545e-01, 5.579809808115206993e-01, 2.763684931435575996e-03, 0.000000000000000000e+00, 0.000000000000000000e+00, 0.000000000000000000e+00
-1.291887486796211015e-01, 6.557919381146895543e-02, 2.496702236780235784e-01, -3.799850332492010208e-01, -1.442469693612869752e-01, -3.498397297562321206e-01, -2.501580212693863686e-02, 4.370081335394504322e-03
2.064572086726716021e-02, -9.645216146743582075e-02, -2.871251041909947399e-02, -8.094286431845061636e-02, 0.000000000000000000e+00, 0.000000000000000000e+00, 0.000000000000000000e+00, -1.340309313559678583e-01
6.882238298174252200e-02, 2.600654590804592492e-01, -3.955705131995916335e-01, -1.496714034708371832e-01, -3.640385314903505920e-01, -3.757176043759517109e-02, 6.650732221824565138e-03, 3.092102810963951592e-02
-1.447831911346805223e-01, -4.297622453410687021e-02, -1.214583397513360474e-01, 0.000000000000000000e+00, 0.000000000000000000e+00, 0.000000000000000000e+00, -1.380025915713024298e-01, 7.160069133610409697e-02
2.687455344077175901e-01, -4.085560546832558426e-01, -1.541241575582194823e-01, -3.758479762181540784e-01, -4.900974855699119503e-02, 8.766936155255292476e-03, 4.024281218575403996e-02, -1.887210768091905078e-01
-5.582295240989974122e-02, -1.582416601193689931e-01, 0.000000000000000000e+00, 0.000000000000000000e+00, 0.000000000000000000e+00, -2.012560677960979483e-01, 1.314979642385938619e-01, 4.271318824413152804e-01
-6.422464135217500480e-01, -2.257505060666042673e-01, -5.858309327350299522e-01, -3.213180282189431747e-01, 6.123459626301058778e-02, 2.600834327308579330e-01, -1.210064577931879271e+00, -3.386675180522220607e-01
-1.010753558967155019e+00, 0.000000000000000000e+00, 0.000000000000000000e+00, 0.000000000000000000e+00, 1.595470329726618453e-01, 2.589703619299214554e-01, 2.486757586857961944e-01, -1.597951457096585814e-01
1.813670656798291869e-01, 5.237153564792390581e-01, -4.897902676145268232e-03, 5.123268483063751592e-03, -2.253657467756004179e-04, -3.296256769997292502e-02, 3.850801576443167035e-02, 1.312915599855857540e-01
0.000000000000000000e+00, 0.000000000000000000e+00, 0.000000000000000000e+00, 1.672806476143284538e-01, 2.699884974323615849e-01, 2.592631864490564930e-01, -1.662406652222666592e-01, 1.886978889868315690e-01
5.457534839075061095e-01, -7.402420268091923494e-03, 7.852638718645579136e-03, -4.502184602813022810e-04, -4.943435939852994926e-02, 5.767200518669209075e-02, 1.968800388697062587e-01, 0.000000000000000000e+00
0.000000000000000000e+00, 0.000000000000000000e+00, 1.740547890932672148e-01, 2.794467994541343647e-01, 2.683512370857196183e-01, -1.717255907127434311e-01, 1.949373980437826559e-01, 5.646377581626352837e-01
-9.758195641458909317e-03, 1.049648249225392481e-02, -7.382869850405163843e-04, -6.484390522754263086e-02, 7.550196331630192048e-02, 2.582246931146217617e-01, 0.000000000000000000e+00, 0.000000000000000000e+00
0.000000000000000000e+00, 1.809542391508190129e-01, 2.889173608756317457e-01, 2.774503562089912778e-01, -1.771765926928395296e-01, 2.011395859852865564e-01, 5.835172337384436636e-01, -1.226470839270271673e-02
1.338582104061684062e-02, -1.121112690975903511e-03, -8.119546472315512797e-02, 9.432310081940162294e-02, 3.232671873260202777e-01, 0.000000000000000000e+00, 0.000000000000000000e+00, 0.000000000000000000e+00
3.008157563051509498e-01, 4.354441757768370835e-01, 4.181714871826410773e-01, -2.571286673361585784e-01, 2.923443009343481558e-01, 8.725525475528537189e-01, -6.377508178470270295e-02, 7.878588962821697628e-02
-1.501080761907610563e-02, -3.868181834096249272e-01, 4.407666810920595757e-01, 1.541250530323155177e+00, 0.000000000000000000e+00, 0.000000000000000000e+00, 0.000000000000000000e+00, 3.066575704350375520e-01
4.418705881393029666e-01, 4.243420283594274700e-01, -2.604501940706720475e-01, 2.961467464066275812e-01, 8.851014092183294713e-01, -6.658375436334801334e-02, 8.246033650102452262e-02, -1.587658374008851445e-02
-4.017980141313731712e-01, 4.577173665623869847e-01, 1.601366023612821099e+00, 0.000000000000000000e+00, 0.000000000000000000e+00, 0.000000000000000000e+00, -3.955555917587840753e-01, 5.590486628013562331e-01
-3.329094637097709808e-01, -1.991620524459310039e-09, 1.908295149742114265e-09, 1.134151821675049450e-10, -1.285129435246448347e-03, 2.164485753643622182e-03, -8.793563148684960511e-04, -1.411546151613443805e-05
-2.706162728964194977e-05, -1.230335094312768793e-04, 0.000000000000000000e+00, 0.000000000000000000e+00, 0.000000000000000000e+00, -4.226541191784949358e-01, 5.984390248146034263e-01, -3.557886209859985605e-01
-4.813947463856716955e-09, 1.724553578227073548e-08, 3.123329173717922425e-10, -2.509091041087885277e-02, 4.237470875092740064e-02, -1.728379828536967186e-02, -2.800758973987085843e-04, -5.321038187365809439e-04
-2.366758449629648240e-03, 0.000000000000000000e+00, 0.000000000000000000e+00, 0.000000000000000000e+00, -4.436453989508543638e-01, 6.292744274314955311e-01, -3.735379200146287659e-01, -9.295283956566277367e-09
3.242284447921874837e-09, 7.227616783271805829e-10, -4.827751165072392131e-02, 8.140653978135693747e-02, -3.312902798398088128e-02, -5.999413952034884185e-04, -1.079739827523755382e-03, -4.485944327412017159e-03
0.000000000000000000e+00, 0.000000000000000000e+00, 0.000000000000000000e+00, -4.615705678252473576e-01, 6.558621231781125438e-01, -3.887154771958990507e-01, -1.559722679893961746e-08, -9.167086937008609725e-09
1.388603621088103920e-09, -7.161516354396166295e-02, 1.205070717730355317e-01, -4.889190829177430392e-02, -9.759299359789449027e-04, -1.668696037668632214e-03, -6.588153319734493460e-03, 0.000000000000000000e+00
0.000000000000000000e+00, 0.000000000000000000e+00, -4.764630414226373456e-01, 6.781252631316097013e-01, -4.013389460654127605e-01, -2.294456702283586162e-08, 2.566566171094353931e-08, 2.219339134227622464e-09
-9.308340110306040360e-02, 1.563736501850726268e-01, -6.329024902055506441e-02, -1.346427496684373835e-03, -2.216239184879603436e-03, -8.505880435642734078e-03, 0.000000000000000000e+00, 0.000000000000000000e+00
0.000000000000000000e+00, -4.913180012568700850e-01, 7.004776515151015515e-01, -4.139417841165328737e-01, -3.226483524318050067e-08, 2.179818244124416464e-08, 3.333140515458076337e-09, -1.159536257490085404e-01
1.945185356863864956e-01, -7.856490982110458932e-02, -1.761166122341565471e-03, -2.785196601516556382e-03, -1.053849381503057028e-02, 0.000000000000000000e+00, 0.000000000000000000e+00, 0.000000000000000000e+00
2.531079520084976164e-01, -3.216463328605497773e-01, -1.551987990246454230e-01, -4.550676568085002538e-01, 7.620087346188822441e-02, 1.340700125709468893e-01, 2.039883136649355694e-02, -1.532611904379859412e-02
-5.072712376763065245e-03, -5.815061653440095624e-02, 4.278618939373360873e-03, 2.101513284476140206e-02, 0.000000000000000000e+00, 0.000000000000000000e+00, 0.000000000000000000e+00, 2.652027430216041259e-01
-3.359522467214045016e-01, -1.624619679585964926e-01, -4.763735828315044940e-01, 7.957509810178907406e-02, 1.402040645201245717e-01, 3.788694833631717218e-02, -2.849863785852934164e-02, -9.388310598437716453e-03
-1.081780647969040055e-01, 7.817961542273208983e-03, 3.911357994317259806e-02, 0.000000000000000000e+00, 0.000000000000000000e+00, 0.000000000000000000e+00, 2.773499166983908193e-01, -3.500577369101909864e-01
-1.697185518435526674e-01, -4.976615050503417903e-01, 8.289427803692669960e-02, 1.462980895292015637e-01, 5.812201392909138731e-02, -4.372945300826294734e-02, -1.439256091053522403e-02, -1.660531835639425802e-01
1.165269035601912938e-02, 6.021998405959919781e-02, 0.000000000000000000e+00, 0.000000000000000000e+00, 0.000000000000000000e+00, 2.878021583095456970e-01, -3.619950296636933462e-01, -1.759334720473419433e-01
-5.158945950189590679e-01, 8.569672427367450163e-02, 1.514912237928058569e-01, 7.727824008141515044e-02, -5.814957878966053179e-02, -1.912866154791432668e-02, -2.207744737281029657e-01, 1.507652411628887350e-02
8.034125931633161188e-02, 0.000000000000000000e+00, 0.000000000000000000e+00, 0.000000000000000000e+00, 2.982888838607828941e-01, -3.738021275921210584e-01, -1.821441364880839187e-01, -5.341159860175536123e-01
8.846245360824726844e-02, 1.566589635855521467e-01, 9.770879715383132269e-02, -7.353697542681134069e-02, -2.417182132953710205e-02, -2.790790886359036382e-01, 1.858183174596585163e-02, 1.019334516414076020e-01
0.000000000000000000e+00, 0.000000000000000000e+00, 0.000000000000000000e+00, 4.610947980353657383e-01, -5.386362718839899921e-01, -2.759085790727753840e-01, -8.092592282789534686e-01, 1.262663529732826750e-01
2.324537882151350709e-01, 4.771749857496770941e-01, -3.644738071255104184e-01, -1.127011777571425427e-01, -1.371263355958205477e+00, 7.019414224457558305e-02, 5.193774514183004953e-01, 0.000000000000000000e+00
0.000000000000000000e+00, 0.000000000000000000e+00, -5.990975297140935796e-01, 8.790418681493347708e-02, -5.088747226292558157e-01, -3.605682544536079059e-02, -1.597160287978647772e-02, 4.579738701072023077e-01
-3.674200807786226486e-02, 4.834876591825525149e-02, -1.160675780120693466e-02, -8.678720844801654857e-03, -2.512834271581463729e-03, 1.148705678219081594e-01, 0.000000000000000000e+00, 0.000000000000000000e+00
0.000000000000000000e+00, -6.203345929375021495e-01, 9.121772742619779772e-02, -5.276460702994937302e-01, -3.740211943084846558e-02, -1.660931715085091701e-02, 4.752174864106229468e-01, -5.273787835382418021e-02
6.931606618303466638e-02, -1.657818795209662494e-02, -1.252704970401783899e-02, -3.607130643830647274e-03, 1.645264838623270998e-01, 0.000000000000000000e+00, 0.000000000000000000e+00, 0.000000000000000000e+00
-9.501102038091143731e-01, 1.468172400806799505e-01, -8.345537324889120701e-01, -5.971950284976969281e-02, -2.808723487242474268e-02, 7.641525533621426058e-01, -4.234541569080298995e-01, 5.512409848011817770e-01
-1.277868262509606889e-01, -1.033117529553307240e-01, -2.728416372489993191e-02, 1.283300164312401570e+00, 0.000000000000000000e+00, 0.000000000000000000e+00, 0.000000000000000000e+00, -9.636176804793372686e-01
1.492853199466547265e-01, -8.478283506180812612e-01, -6.070159460498937565e-02, -2.863284383552292325e-02, 7.769613843554915578e-01, -4.425236078350662239e-01, 5.761463923678648014e-01, -1.336227861355999968e-01
-1.080088635990656687e-01, -2.851768072469855128e-02, 1.339977002246644622e+00, 0.000000000000000000e+00, 0.000000000000000000e+00, 0.000000000000000000e+00, 1.475426112489534314e-01, 1.190628978240470648e+00
1.021755747034782003e+00, 4.762501321802695111e-09, -2.134064701956019663e-08, 9.207009538873681980e-10, -3.801530092268243233e-02, 2.676736328565897452e-02, 1.124793763063401675e-02, -2.037984161667167997e-03
4.258852091610723384e-04, -1.264494815809676011e-03, 0.000000000000000000e+00, 0.000000000000000000e+00, 0.000000000000000000e+00, 1.545514501789046202e-01, 1.249453220911926898e+00, 1.071760647598109184e+00
9.061482648334000383e-09, -3.361143841594866736e-08, 1.713767931890314546e-09, -7.533327978387929780e-02, 5.316004825208788670e-02, 2.217323156282695676e-02, -4.010597545474194753e-03, 8.599557256905506495e-04
-2.564334495046954095e-03, 0.000000000000000000e+00, 0.000000000000000000e+00, 0.000000000000000000e+00, 1.605235291875786729e-01, 1.300091126823316845e+00, 1.114684939202811753e+00, 1.510755026077968052e-08
-6.314094460063284109e-08, 2.842133550115659579e-09, -1.125929486907739918e-01, 7.974564251124582892e-02, 3.284730607277936559e-02, -6.061560108297776688e-03, 1.311507935813916326e-03, -3.915249343182153688e-03
0.000000000000000000e+00, 0.000000000000000000e+00, 0.000000000000000000e+00, 1.659701177837739905e-01, 1.346679928139969729e+00, 1.154081746157628485e+00, 2.318802319259090987e-08, 6.978272103139586248e-08
4.301003064346662809e-09, -1.503264706430194886e-01, 1.068520644187856000e-01, 4.347440614450795437e-02, -8.221364540635878182e-03, 1.780155921945432602e-03, -5.322045468823636237e-03, 0.000000000000000000e+00
0.000000000000000000e+00, 0.000000000000000000e+00, 1.709000777621485223e-01, 1.389165963717947871e+00, 1.189935726699475449e+00, 3.315253133375643045e-08, -1.037476511834435780e-08, 6.184785393367525107e-09
-1.869783752902768326e-01, 1.333099023323125742e-01, 5.366847316455479466e-02, -1.037532411450921115e-02, 2.251266435007196528e-03, -6.717210554801971226e-03, 0.000000000000000000e+00, 0.000000000000000000e+00
0.000000000000000000e+00, 1.758109481038091226e-01, 1.431770109855557971e+00, 1.225824523936540178e+00, 4.606539555262852728e-08, -7.264425120770570939e-08, 8.606007327116591940e-09, -2.254035264951561035e-01
1.611474120536176557e-01, 6.425611481414592041e-02, -1.266019095325398094e-02, 2.760020866484364042e-03, -8.202879358458032080e-03, 0.000000000000000000e+00, 0.000000000000000000e+00, 0.000000000000000000e+00
2.463402379577001866e-01, 2.076002125810409105e+00, 1.760913976345935827e+00, 9.040371310799867599e-07, -3.216382399207814054e-06, 1.589210123910822466e-07, -9.225720804477637316e-01, 6.739971949602918677e-01
2.485748840224404066e-01, -5.426209008427428787e-02, 1.304934420510021897e-02, -3.673516027845255549e-02, 0.000000000000000000e+00, 0.000000000000000000e+00, 0.000000000000000000e+00, 2.495671921800528270e-01
2.107184994842351333e+00, 1.786420673251698066e+00, 9.957514050497179428e-07, -3.543664053815465717e-06, 1.744849539792406872e-07, -9.610240331129850100e-01, 7.025651105372348049e-01, 2.584589223413655823e-01
-5.652346024148890286e-02, 1.366280373037055684e-02, -3.832914240894071123e-02, 0.000000000000000000e+00, 0.000000000000000000e+00, 0.000000000000000000e+00, -1.804643185109696124e-01, 1.450546273718544554e-01
4.257884799060708547e-02, 5.452270302564775628e-01, -1.292626553465319739e-01, -1.907932021015746856e-03, -1.384786256715319665e-02, 1.317720828693630039e-02, 6.706542909596981952e-04, 1.311626553088380831e-01
-2.642292795155245025e-02, 1.125492357113196075e-03, 0.000000000000000000e+00, 0.000000000000000000e+00, 0.000000000000000000e+00, -1.875533864554038699e-01, 1.518099331587878242e-01, 4.430778237704641187e-02
5.667527147762584372e-01, -1.343323462116241263e-01, -2.222059162703347943e-03, -2.034004820923238088e-02, 1.932263102968629839e-02, 1.017417158186125501e-03, 1.935096066829050943e-01, -3.900821370049212949e-02
1.708816403068255359e-03, 0.000000000000000000e+00, 0.000000000000000000e+00, 0.000000000000000000e+00, -1.946368851296775560e-01, 1.587471246540630987e-01, 4.604540780221902385e-02, 5.882781541080448484e-01
-1.393962839155598044e-01, -2.578552381742622336e-03, -2.738400201751704094e-02, 2.598378367518383927e-02, 1.400218466014634382e-03, 2.620006278659225418e-01, -5.288245167039483385e-02, 2.390546338598583103e-03
0.000000000000000000e+00, 0.000000000000000000e+00, 0.000000000000000000e+00, -2.005357229817115450e-01, 1.646592551980841090e-01, 4.749964406768752284e-02, 6.062160377312949544e-01, -1.436124841285428277e-01
-2.906229443893636015e-03, -3.358883913490110645e-02, 3.183410095655411082e-02, 1.754737903686449160e-03, 3.228509738996179212e-01, -6.524036991406488573e-02, 3.011125706821751648e-03, 0.000000000000000000e+00
0.000000000000000000e+00, 0.000000000000000000e+00, -3.025853831419617057e-01, 2.849951060411871073e-01, 7.362872880568019363e-02, 9.183844885573689831e-01, -2.165900899447098793e-01, -1.271404832004994871e-02
-1.702174064221115002e-01, 1.519050438837835082e-01, 1.831236123278060304e-02, 1.656973338479956981e+00, -3.393468625543279993e-01, 1.545520368724063835e-02, 0.000000000000000000e+00, 0.000000000000000000e+00
0.000000000000000000e+00, -5.864421864052959954e-01, -6.343375595177350723e-01, 3.351316025038430513e-01, 1.480374911874396108e-09, -4.303886944029427102e-08, -3.443264224560191957e-10, -5.071653028825587502e-03
-5.926653040920376939e-03, 1.099830607950453079e-02, -2.630261861025966837e-04, -7.180530953747100906e-06, 1.294263752384639974e-03, 0.000000000000000000e+00, 0.000000000000000000e+00, 0.000000000000000000e+00
-6.271124297497864264e-01, -6.782660710941602611e-01, 3.590234912778876297e-01, 3.325828385362752224e-09, 3.242284447921874837e-09, -7.896192978327287819e-10, -2.511783696716401310e-02, -2.929920316022856935e-02
5.441704019668273246e-02, -1.408708174651443316e-03, 2.393875202508303143e-05, 6.354449981626348644e-03, 0.000000000000000000e+00, 0.000000000000000000e+00, 0.000000000000000000e+00, -6.580583070716249372e-01
-7.116734257195503899e-01, 3.773516091077984691e-01, 4.806660125950944269e-09, 1.162242579425572515e-09, -1.098399951139956458e-09, -4.310185539961181034e-02, -5.033963388161610125e-02, 9.344148932319605583e-02
-2.436215987275391470e-03, 3.677404293202829097e-05, 1.110556718893521838e-02, 0.000000000000000000e+00, 0.000000000000000000e+00, 0.000000000000000000e+00, -6.871603006211781661e-01, -7.430722703477827817e-01
3.947378897971565714e-01, 5.501443753126157004e-09, 3.185807840122556896e-08, -1.195514480715524508e-09, -6.275297397413084899e-02, -7.343404907287713612e-02, 1.361870232389944257e-01, -3.484049916189112771e-03
-2.399176727425429821e-07, 1.647951592444052080e-02, 0.000000000000000000e+00, 0.000000000000000000e+00, 0.000000000000000000e+00, -7.092159414776233461e-01, -7.668559961894005905e-01, 4.080297411396526797e-01
5.109934890656915431e-09, 5.575811240011487702e-08, -1.069196709125894067e-09, -7.969814415557259502e-02, -9.339218981065457170e-02, 1.730903341443695009e-01, -4.339739680461814943e-03, -6.566234354706412411e-05
2.120250124930412455e-02, 0.000000000000000000e+00, 0.000000000000000000e+00, 0.000000000000000000e+00, -7.304892925242164603e-01, -7.897883592604326708e-01, 4.209145804112938150e-01, 3.306875147905918830e-09
9.811749421127623175e-08, -6.790502427151353484e-10, -9.675530549545816039e-02, -1.135167285206706983e-01, 2.102720334615670872e-01, -5.165725943575313721e-03, -1.660778548191434644e-04, 2.604055086332021651e-02
0.000000000000000000e+00, 0.000000000000000000e+00, 0.000000000000000000e+00, -7.531875360873661052e-01, -8.142495045039728208e-01, 4.347286821820559033e-01, -3.354908123127283225e-10, 1.194531326866061049e-07
3.592219043071704333e-11, -1.155501382718065878e-01, -1.357224453054755586e-01, 2.512725839394406857e-01, -6.045549814457303571e-03, -3.018309709697952368e-04, 3.144471963922781249e-02, 0.000000000000000000e+00
0.000000000000000000e+00, 0.000000000000000000e+00, 3.226569627469854096e-01, 4.540620707893798791e-01, -5.446212758026593992e-01, -1.387918051804388730e-09, -1.840823310264677446e-08, 2.759247714822178208e-10
2.726512119085838359e-03, 5.029799223774783154e-03, -7.756311335516065560e-03, 2.020423182899873447e-04, -8.184441121821160671e-06, -8.884466762775646400e-04, 0.000000000000000000e+00, 0.000000000000000000e+00
0.000000000000000000e+00, 3.444237721459199597e-01, 4.848341098231242485e-01, -5.805581298866442364e-01, -3.259290846072840187e-09, -2.053143830363821109e-08, 6.589628278289050016e-10, 1.529642981258380087e-02
2.800983046406834570e-02, -4.330626028149190537e-02, 1.196446552491991491e-03, -1.149706771573036921e-04, -4.881354138830280680e-03, 0.000000000000000000e+00, 0.000000000000000000e+00, 0.000000000000000000e+00
3.623408848433510854e-01, 5.102326087696034129e-01, -6.098129456104782742e-01, -5.788640652422487118e-09, -5.731882405349858979e-08, 1.128565652049466754e-09, 2.945571171047482381e-02, 5.424955769986944398e-02
-8.370526939295934443e-02, 2.326702188706202511e-03, -2.453651872423286227e-04, -9.532912883969610340e-03, 0.000000000000000000e+00, 0.000000000000000000e+00, 0.000000000000000000e+00, 3.810878538215652922e-01
5.368640180329525835e-01, -6.401677097044552456e-01, -9.455281787177009542e-09, -9.193075832501702396e-08, 1.759967524694313037e-09, 4.640160555199401848e-02, 8.624797433890604714e-02, -1.326495798837054596e-01
3.646669478236038830e-03, -3.766575163408292194e-04, -1.535157808069273835e-02, 0.000000000000000000e+00, 0.000000000000000000e+00, 0.000000000000000000e+00, 3.969469986006642359e-01, 5.594349740001050009e-01
-6.656564728597634817e-01, -1.316950774570544293e-08, -1.373990702671749579e-07, 2.365845838195437800e-09, 6.200948499341048942e-02, 1.161319528632418774e-01, -1.781414376656512977e-01, 4.854640768913603271e-03
-4.643324576863459342e-04, -2.089096663754367797e-02, 0.000000000000000000e+00, 0.000000000000000000e+00, 0.000000000000000000e+00, 6.129891108911148523e-01, 8.701125066853918621e-01, -9.983487000064152905e-01
9.527227364210573211e-08, -3.088768416788928355e-06, -1.803252756470918789e-08, 3.218674485643671090e-01, 6.287292513850764042e-01, -9.505966998539175927e-01, 2.590916032199653413e-02, 1.450948809062240462e-03
-1.205808415853123899e-01, 0.000000000000000000e+00, 0.000000000000000000e+00, 0.000000000000000000e+00, 4.899145977166880633e-02, -4.294772807429036443e-01, 8.791502762697561701e-01, 5.157008614764548859e-01
4.435634361069816789e-01, -2.480271488732265772e-01, -7.351096548487101590e-02, -5.301607572372082355e-01, 6.036717218181381073e-01, 9.263558025702843812e-01, 8.019323115732945872e-01, -4.378342022618139096e-01
0.000000000000000000e+00, 0.000000000000000000e+00, 0.000000000000000000e+00, -4.143075695774571243e-01, 2.735497654852027116e-01, -4.059471143144460226e-01, -2.823297724336443215e-01, 1.947564142769919390e-02
-3.122451246146370485e-01, -2.790350460873372920e-02, 4.904927119991369516e-02, -2.114576665515149542e-02, -6.410473930254123598e-02, -1.011274240866642804e-02, -7.564428165492119438e-02, 0.000000000000000000e+00
0.000000000000000000e+00, 0.000000000000000000e+00, -4.319699669754684113e-01, 2.861089951001598020e-01, -4.236810715799923521e-01, -2.946093826543125238e-01, 2.067782005647387372e-02, -3.262633629042410721e-01
-4.336238232238429080e-02, 7.614275474115857201e-02, -3.278037252001449187e-02, -9.970250109791564674e-02, -1.591081335478479811e-02, -1.174861066461869302e-01, 0.000000000000000000e+00, 0.000000000000000000e+00
0.000000000000000000e+00, -6.754267941179542545e-01, 4.773961218491010738e-01, -6.769377125937205975e-01, -4.690481011200962613e-01, 4.493449164767953502e-02, -5.340740238436392229e-01, -3.705664267225436959e-01
6.387065913099815306e-01, -2.681401642416482711e-01, -8.459453926733823126e-01, -1.398716486217403687e-01, -9.846616025967658281e-01, 0.000000000000000000e+00, 0.000000000000000000e+00, 0.000000000000000000e+00
-7.629191176424273690e-01, 3.039638300469901799e-01, 8.635964255706549131e-02, 1.583846289336289386e-09, -4.614802922525721893e-08, -5.250654314672059024e-09, -4.184579547378024234e-02, 3.156062539364449387e-02
1.028517014797107609e-02, -2.237460746903591202e-03, 5.024622211365421982e-04, -1.641129427433326215e-03, 0.000000000000000000e+00, 0.000000000000000000e+00, 0.000000000000000000e+00, -7.999333978279186130e-01
3.193142097375202826e-01, 9.067051160606429128e-02, 2.960930154306480605e-09, -7.949412544845522179e-09, -9.691485067121244543e-09, -7.966346616803990366e-02, 6.018864038334249822e-02, 1.947482579744816075e-02
-4.254267277709172443e-03, 9.631225868624623387e-04, -3.182174482381513493e-03, 0.000000000000000000e+00, 0.000000000000000000e+00, 0.000000000000000000e+00, -8.314855199795642138e-01, 3.325276009217793538e-01
9.436954904166713898e-02, 4.848597549915340578e-09, -8.378324731265733009e-09, -1.577379520710603110e-08, -1.168431725057249154e-01, 8.855235790711760147e-02, 2.829081483842119452e-02, -6.305663175319027071e-03
1.425155911573090231e-03, -4.755806635354969600e-03, 0.000000000000000000e+00, 0.000000000000000000e+00, 0.000000000000000000e+00, -8.770803641934066253e-02, 1.784214646811549676e-01, 1.808160231756388014e-01
3.862883962652888248e-01, 2.365749430533964637e-01, 2.909282702124498243e-01, -1.059306763393602635e-02, 4.454252068550239828e-03, 6.138815520912297395e-03, 4.753949224007718993e-02, 2.932577880187269004e-02
3.722354675731912033e-02, 0.000000000000000000e+00, 0.000000000000000000e+00, 0.000000000000000000e+00, -9.154082390593834551e-02, 1.873729456048866537e-01, 1.895852068254663958e-01, 4.048545916378503695e-01
2.480830692493986855e-01, 3.050271052985286668e-01, -2.016849412445144776e-02, 8.451788487603221697e-03, 1.171670566467368675e-02, 9.018801578070985425e-02, 5.575061318078947115e-02, 7.066112743262693840e-02
0.000000000000000000e+00, 0.000000000000000000e+00, 0.000000000000000000e+00, -9.475677969539525458e-02, 1.951537414220646249e-01, 1.971482757035363520e-01, 4.208326525942774898e-01, 2.580175613833293746e-01
3.171839463876696130e-01, -2.974171627069688295e-02, 1.240605993414760876e-02, 1.733565614918114103e-02, 1.325538861425014925e-01, 8.207966014739039029e-02, 1.040569356969387738e-01, 0.000000000000000000e+00
0.000000000000000000e+00, 0.000000000000000000e+00, -9.790861006757865803e-02, 2.030339784844368833e-01, 2.047543750746394497e-01, 4.368700140185150516e-01, 2.680175537386455531e-01, 3.294076187187375271e-01
-4.042566649946369856e-02, 1.677537987193084695e-02, 2.365028626447044507e-02, 1.796097755595983392e-01, 1.113965730972762552e-01, 1.413585138100073024e-01, 0.000000000000000000e+00, 0.000000000000000000e+00
0.000000000000000000e+00, -1.004889247380316986e-01, 2.096721807338585153e-01, 2.111238863089552886e-01, 4.502775240406983182e-01, 2.763980443634921902e-01, 3.396422910116379534e-01, -5.001555290301117757e-02
2.066568211009042755e-02, 2.934987074355829145e-02, 2.216802683724036493e-01, 1.376747775657988226e-01, 1.748640318551400730e-01, 0.000000000000000000e+00, 0.000000000000000000e+00, 0.000000000000000000e+00
-1.030297991682280201e-01, 2.163715223610493121e-01, 2.175201405480988448e-01, 4.637220924769060448e-01, 2.848189209537171362e-01, 3.499186452636018352e-01, -6.011051313248613054e-02, 2.473713786208789692e-02
3.537337476288811289e-02, 2.658200746476784837e-01, 1.653124556552527935e-01, 2.101278607709957391e-01, 0.000000000000000000e+00, 0.000000000000000000e+00, 0.000000000000000000e+00, -1.055328183234177514e-01
2.231297091069179561e-01, 2.239422095803766388e-01, 4.772025284140222201e-01, 2.932784146530744152e-01, 3.602354555346567455e-01, -7.063069264286608862e-02, 2.896138571454283384e-02, 4.166930708642394010e-02
3.116819399685401004e-01, 1.940941033253887338e-01, 2.468541342654458903e-01, 0.000000000000000000e+00, 0.000000000000000000e+00, 0.000000000000000000e+00, -1.079987703078689049e-01, 2.299454624912074252e-01
2.303896555700842563e-01, 4.907182714223450870e-01, 3.017759124915777580e-01, 3.705920913413883189e-01, -8.152157498547794867e-02, 3.331827406196673919e-02, 4.820330086524580310e-02, 3.590292572840468321e-01
2.238794971639587184e-01, 2.848461846035710843e-01, 0.000000000000000000e+00, 0.000000000000000000e+00, 0.000000000000000000e+00, -1.388137172406491704e-01, 3.333088399259405143e-01, 3.248749333451511623e-01
6.867696811190977524e-01, 4.267784264338282951e-01, 5.223501497259130932e-01, -2.667169554277706855e-01, 1.060821491616173173e-01, 1.606348049663313404e-01, 1.155727450902144016e+00, 7.348620206797208398e-01
9.268776126041726737e-01, 0.000000000000000000e+00, 0.000000000000000000e+00, 0.000000000000000000e+00, -5.788771910501265827e-01, -5.196919966239232913e-01, -5.897356216010121166e-01, -4.632376710535044961e-01
-3.312593835337027670e-01, 1.405391927250233541e-01, 3.652818437499611142e-03, 2.628282767553571930e-03, -6.281101168773983376e-03, -1.624489020009106943e-01, -1.100308310062065864e-01, 3.401291343241331921e-02
0.000000000000000000e+00, 0.000000000000000000e+00, 0.000000000000000000e+00, -5.989836924309370758e-01, -5.370382065896102119e-01, -6.098486029502484529e-01, -4.794775227343353041e-01, -3.429592292279687871e-01
1.459761752058630346e-01, 4.997693522257425774e-03, 3.398762263037291217e-03, -8.396455937278659784e-03, -2.171792660367812544e-01, -1.470137234776670854e-01, 4.555474369021003667e-02, 0.000000000000000000e+00
0.000000000000000000e+00, 0.000000000000000000e+00, -6.165741796928497775e-01, -5.521326100138916892e-01, -6.274009109387332916e-01, -4.937031200135660880e-01, -3.532188756694509268e-01, 1.507988128963632379e-01
6.304845586481801385e-03, 4.076689824484392745e-03, -1.038153561271531501e-02, -2.682662777078908545e-01, -1.815309238853797247e-01, 5.634809916181508782e-02, 0.000000000000000000e+00, 0.000000000000000000e+00
0.000000000000000000e+00, -6.341620749673921864e-01, -5.671535621203949162e-01, -6.449122375052818157e-01, -5.079430082501898980e-01, -3.634987676339067608e-01, 1.556796301952705075e-01, 7.718019600406460234e-03
4.747243703954765956e-03, -1.246526366711365671e-02, -3.217521751124157725e-01, -2.176747493863165628e-01, 6.766951696479654721e-02, 0.000000000000000000e+00, 0.000000000000000000e+00, 0.000000000000000000e+00
-8.875420805692058046e-01, -7.760406684093212881e-01, -8.932394789703371751e-01, -7.151994392414693369e-01, -5.142662665206878536e-01, 2.326690807877263845e-01, 3.529859746606728993e-02, 1.033887012219131436e-02
-4.563746792272090763e-02, -1.254902616427342910e+00, -8.474903921747639624e-01, 2.715537350580104481e-01, 0.000000000000000000e+00, 0.000000000000000000e+00, 0.000000000000000000e+00, -9.000606089770772922e-01
-7.859695912730915168e-01, -9.053052502329529405e-01, -7.255668282931021507e-01, -5.218728387543517533e-01, 2.368438442296403879e-01, 3.695326908743451488e-02, 1.033771816819685149e-02, -4.729098686370008381e-02
-1.307988936982771966e+00, -8.832631803068602405e-01, 2.835648649259046583e-01, 0.000000000000000000e+00, 0.000000000000000000e+00, 0.000000000000000000e+00, -9.125761250753022802e-01, -7.958546605127040374e-01
-9.173467829109703819e-01, -7.359470371741612116e-01, -5.294961538253538658e-01, 2.410589235832200083e-01, 3.863614870295067200e-02, 1.030359068278741477e-02, -4.893973990634777060e-02, -1.361757620767751975e+00
-9.194894721050311803e-01, 2.957774654890730770e-01, 0.000000000000000000e+00, 0.000000000000000000e+00, 0.000000000000000000e+00, 1.157722717822107450e+00, -2.352941685373162728e-01, 3.133378224255144451e-01
4.907966265000131001e-01, -3.132802470303795023e-02, -4.615121430288458004e-01, 6.755259841164333867e-01, -5.479053787025842670e-01, -1.276206070685433902e-01, 8.149711766442203631e-01, -4.299073400480989821e-02
-8.569484232430879533e-01, 0.000000000000000000e+00, 0.000000000000000000e+00, 0.000000000000000000e+00, 4.337244622103334502e-01, -1.689994154557105110e-01, 1.381735664138894759e-01, -1.043168522483099853e-01
8.669626925466274517e-03, 4.677969067842087103e-01, 3.648250248709991594e-02, -3.706548923488672820e-02, 5.829866815913279385e-04, -2.335486328667181477e-02, 7.478068092428960577e-04, 1.186875989542818116e-01
0.000000000000000000e+00, 0.000000000000000000e+00, 0.000000000000000000e+00, 7.471662793723683471e-01, -2.728793339411234031e-01, 2.266816425025402482e-01, -1.711992421422839361e-01, 8.253276366329933764e-03
7.586941081750708804e-01, 4.246991097973394358e-01, -4.265456726327556680e-01, 1.846562333683441498e-03, -2.768213060471862996e-01, 4.239283797299070455e-03, 1.402286814436908502e+00, 0.000000000000000000e+00
0.000000000000000000e+00, 0.000000000000000000e+00, 3.356235897282174863e-01, 3.462688818581776129e-01, -4.383052044308400341e-01, 3.219214688172250538e-01, 1.195397079115624733e-01, -4.877289437718676339e-03
1.609093851145518284e-02, 2.037320041743312729e-02, -3.646413888947503540e-02, 4.955433925716283550e-02, 1.707600796788204950e-02, -3.485680173142348447e-06, 0.000000000000000000e+00, 0.000000000000000000e+00
0.000000000000000000e+00, 3.542127977454048171e-01, 3.659357261380093429e-01, -4.618869303918535230e-01, 3.392810940688963384e-01, 1.261625158576157313e-01, -4.984415794115289872e-03, 3.085997985554738907e-02
3.932394122660956559e-02, -7.018392103743675836e-02, 9.549481006642823733e-02, 3.283025998881632795e-02, 6.811821357685876816e-05, 0.000000000000000000e+00, 0.000000000000000000e+00, 0.000000000000000000e+00
3.691129422243367153e-01, 3.818025417986502523e-01, -4.806504670731239770e-01, 3.531021661840732517e-01, 1.314729813332980446e-01, -5.036915578846418162e-03, 4.441469669455321706e-02, 5.697803943947128691e-02
-1.013927363149693950e-01, 1.381857807555612050e-01, 4.740377109196587668e-02, 2.466047296165129171e-04, 0.000000000000000000e+00, 0.000000000000000000e+00, 0.000000000000000000e+00, 3.840374303684358503e-01
3.977812332384917382e-01, -4.993284331443171298e-01, 3.668673704633625410e-01, 1.367937271913208241e-01, -5.061625384121585386e-03, 5.917546493812435998e-02, 7.640248514852948647e-02, -1.355779499233183139e-01
1.850834184029219731e-01, 6.334886278646860436e-02, 5.273094813605888696e-04, 0.000000000000000000e+00, 0.000000000000000000e+00, 0.000000000000000000e+00, 5.892025829009887028e-01, 6.246992895080059061e-01
-7.463233230473083069e-01, 5.495327065740216455e-01, 2.101481781983064456e-01, -3.053688130794760588e-03, 3.100283075045861536e-01, 4.149442866569473254e-01, -7.249725931931096934e-01, 1.010160955430451368e+00
3.382055888185725445e-01, 1.145883459799229565e-02, 0.000000000000000000e+00, 0.000000000000000000e+00, 0.000000000000000000e+00, 6.359390574440376698e-01, 2.459803545220719256e-01, -6.899272121121530210e-01
5.207568831108541629e-02, 5.260823663511989823e-01, 4.452033234678503537e-01, 4.971125166820170027e-01, 1.691220716785107325e-01, -6.662345878310473868e-01, 1.155979088723048664e-01, 9.357937634526390935e-01
7.495013753217403263e-01, 0.000000000000000000e+00, 0.000000000000000000e+00, 0.000000000000000000e+00, -1.051775234059720843e+00, -1.012598465816531679e+00, -1.940376316603989570e+00, 1.975604639523548592e-09
1.217219677309664667e-08, -5.296863041440629072e-10, 3.495112785916481722e-04, 3.922529886036371562e-04, -7.417642678557113609e-04, 1.763307123895352008e-05, 6.775697190808772848e-07, -8.796641143721034214e-05
0.000000000000000000e+00, 0.000000000000000000e+00, 0.000000000000000000e+00, -1.122752394812406074e+00, -1.080994847792917213e+00, -2.068106932280372678e+00, 4.249556139381391454e-09, 2.054234269151440537e-08
-1.163605105969263863e-09, 1.773953493899498718e-02, 1.987671610679182799e-02, -3.761625110714919562e-02, 9.778928266876922137e-04, -7.905610869718512318e-06, -4.405940423347030725e-03, 0.000000000000000000e+00
0.000000000000000000e+00, 0.000000000000000000e+00, 4.516322139804034713e-02, 9.974373712577484785e-02, -5.232509003639603806e-01, -2.510645902892658099e-01, -2.855849583022198046e-01, -2.620191870742764051e-01
2.008055602122865713e-02, 2.707964991722559139e-02, -4.716020590094644610e-02, -5.336701612360161134e-02, -6.334434328694329985e-02, -7.324207269330967884e-02, 0.000000000000000000e+00, 0.000000000000000000e+00
0.000000000000000000e+00, 4.742307535969361026e-02, 1.042916153983056010e-01, -5.451853482974141629e-01, -2.614717173094343039e-01, -2.977160896787954814e-01, -2.732091117937138214e-01, 3.046519828665462254e-02
4.103247246033298740e-02, -7.149767092138571700e-02, -8.068962621865093110e-02, -9.579315118252872130e-02, -1.112753439260110028e-01, 0.000000000000000000e+00, 0.000000000000000000e+00, 0.000000000000000000e+00
8.694193777383940613e-02, 1.760505493147113965e-01, -8.585556756456268479e-01, -4.081708293170541735e-01, -4.739812485423992583e-01, -4.372420692867269865e-01, 2.455736247366078762e-01, 3.287550120704578194e-01
-5.743286368319173718e-01, -6.337387987072730100e-01, -7.481511886042571113e-01, -9.046148154444585421e-01, 0.000000000000000000e+00, 0.000000000000000000e+00, 0.000000000000000000e+00, 1.016905017805484590e+00
1.274376422931085273e-01, 5.375748968394087474e-02, -5.319563471552378729e-11, -9.392447418094907769e-09, 3.802581668505717775e-09, 5.974367944188649533e-03, -2.339544391154633248e-03, -3.634823547343838789e-03
2.946776078832598128e-04, -6.944875268750641463e-05, -5.601647395089265195e-05, 0.000000000000000000e+00, 0.000000000000000000e+00, 0.000000000000000000e+00, 1.079450653803612603e+00, 1.350802308918203354e-01
5.696905835963921028e-02, -1.056009776124519485e-10, -3.774425987839870653e-08, 7.753527106461899490e-09, 4.225451469419678335e-02, -1.658765638425796149e-02, -2.566685831902092846e-02, 2.030124964936514276e-03
-4.873796071821548935e-04, -3.345479126172067746e-04, 0.000000000000000000e+00, 0.000000000000000000e+00, 0.000000000000000000e+00, 1.135385320933135933e+00, 1.418581640279595879e-01, 5.981261299067765908e-02
-1.738288059783223665e-10, -4.734752859374499270e-08, 1.388329106307159635e-08, 8.175103041086496936e-02, -3.199113808495431671e-02, -4.975989244036337772e-02, 3.867929857969066004e-03, -9.415900439124999001e-04
-5.511696280251770098e-04, 0.000000000000000000e+00, 0.000000000000000000e+00, 0.000000000000000000e+00, 1.184628037102159359e+00, 1.477750144408745692e-01, 6.229089880692310899e-02, -2.600422098079024865e-10
1.059194678658267988e-08, 2.243434063021194498e-08, 1.222784913804390999e-01, -4.766979186910598465e-02, -7.460869960566506032e-02, 5.768928044383957870e-03, -1.407291129268088605e-03, -7.258726796998962120e-04
0.000000000000000000e+00, 0.000000000000000000e+00, 0.000000000000000000e+00, 1.227055928098586657e+00, 1.528363951842962865e-01, 6.440804022071146273e-02, -3.622257635077807577e-10, -3.240830425150216657e-08
3.276973783931115717e-08, 1.608123622319422019e-01, -6.251090410267255704e-02, -9.830145806038949330e-02, 7.608258611700099115e-03, -1.841381374143802102e-03, -8.749987522781673722e-04, 0.000000000000000000e+00
0.000000000000000000e+00, 0.000000000000000000e+00, 1.269674365193590226e+00, 1.578889316464881509e-01, 6.651906506970868549e-02, -5.002694578442294365e-10, -1.558622846171354147e-08, 4.632053275821878131e-08
2.021354932303404961e-01, -7.838115387752463137e-02, -1.237543394155258270e-01, 9.614987155002896121e-03, -2.293574334109569918e-03, -1.035724200857365265e-03, 0.000000000000000000e+00, 0.000000000000000000e+00
0.000000000000000000e+00, 1.305328202278219774e+00, 1.620929425134593205e-01, 6.827381862763931553e-02, -6.530500211059754482e-10, 1.192230168025933323e-09, 6.037172279222610750e-08, 2.383013908476971365e-01
-9.224371159723063207e-02, -1.460576792534777901e-01, 1.139220595953616307e-02, -2.679861289662140589e-03, -1.187044549674933338e-03, 0.000000000000000000e+00, 0.000000000000000000e+00, 0.000000000000000000e+00
1.341103792715542253e+00, 1.662913841102699186e-01, 7.002471047465672060e-02, -8.460055446253907497e-10, -4.204792092643575599e-08, 7.713004455318545593e-08, 2.757964382320394203e-01, -1.065961664050650015e-01
-1.692002717218761276e-01, 1.324506451240712625e-02, -3.070861749058904130e-03, -1.353466911840764354e-03, 0.000000000000000000e+00, 0.000000000000000000e+00, 0.000000000000000000e+00, 1.915647776339029162e+00
2.310315227128053872e-01, 9.683180569277273497e-02, -9.932108142036550027e-09, -9.479683564986110958e-09, 8.237264542519754467e-07, 9.858244225322327914e-01, -3.785589763416747355e-01, -6.072654450031813589e-01
4.852515259836912703e-02, -8.304233230852582984e-03, -3.859477969874110324e-03, 0.000000000000000000e+00, 0.000000000000000000e+00, 0.000000000000000000e+00, 9.021763186681121260e-02, -1.470205884952538733e-01
2.537278397988554368e-01, -2.268540797163801359e-01, 9.044746934150427187e-01, 7.109200505796203773e-02, 1.343321185575930415e-02, -1.227822835063991230e-01, 1.093490698047401011e-01, -3.860670863662887808e-01
1.589518709398799690e+00, 1.958865741962756979e-01, 0.000000000000000000e+00, 0.000000000000000000e+00, 0.000000000000000000e+00, 8.503011766230922364e-01, 4.765592251701905591e-01, 2.978380882194829882e-01
-6.168713475421728765e-01, -5.468379504071398944e-01, 2.956002924206198035e-01, 2.852382729013006046e-01, -8.749390706693245534e-02, -1.977443649677189663e-01, -1.124958774381102256e+00, -8.678666123018510259e-01
4.096052951095572325e-01, 0.000000000000000000e+00, 0.000000000000000000e+00, 0.000000000000000000e+00, 8.633991192888024191e-01, 4.844713016449901932e-01, 3.027970854617765273e-01, -6.262237984040383010e-01
-5.555013179239165488e-01, 3.007067877550278490e-01, 2.978522464956925853e-01, -9.156092446960131803e-02, -2.062913237315782689e-01, -1.174526446311884076e+00, -9.057293112998920925e-01, 4.281292223327372026e-01
0.000000000000000000e+00, 0.000000000000000000e+00, 0.000000000000000000e+00, 8.765166069403590443e-01, 4.924186151372839659e-01, 3.077793405366903712e-01, -6.355850760337052874e-01, -5.641884686761586831e-01
3.058428457562002989e-01, 3.106325747191673314e-01, -9.569748915656650645e-02, -2.149350853778434767e-01, -1.224742706160793393e+00, -9.440649445877293822e-01, 4.469379232101666766e-01, 0.000000000000000000e+00
0.000000000000000000e+00, 0.000000000000000000e+00, -9.264284061194921760e-01, 2.806108294579805207e-02, 2.393049712646285257e-02, 5.773402301066596354e-02, -1.041301503472191609e-01, -7.182065561566185197e-02
-3.787185261631426103e-02, 1.915433472581988539e-02, 1.871751789186682988e-02, 8.476927619746511475e-03, -1.209724478758946418e-02, -9.873486284337351301e-03, 0.000000000000000000e+00, 0.000000000000000000e+00
0.000000000000000000e+00, -9.764147424489506566e-01, 2.964190408095809803e-02, 2.530426794616784728e-02, 6.098073675836035434e-02, -1.097691414653771957e-01, -7.585517590308406277e-02, -7.749976152622177483e-02
3.915001392806951447e-02, 3.834974775951827120e-02, 1.750680155315085390e-02, -2.473750168121645679e-02, -2.019681601489495271e-02, 0.000000000000000000e+00, 0.000000000000000000e+00, 0.000000000000000000e+00
-1.013689482338303804e+00, 3.083425329816791641e-02, 2.634491147014339160e-02, 6.342771294338071797e-02, -1.139783450638031104e-01, -7.889584854662215485e-02, -1.120122540317541188e-01, 5.654171819533500287e-02
5.547053602095853436e-02, 2.557408217214063306e-02, -3.575702419316619668e-02, -2.921628435173728028e-02, 0.000000000000000000e+00, 0.000000000000000000e+00, 0.000000000000000000e+00, -1.050787406656772838e+00
3.203218273143092903e-02, 2.739406652021341218e-02, 6.588456232353637199e-02, -1.181710072293150060e-01, -8.194879810331297254e-02, -1.498880126715848859e-01, 7.563426134590398031e-02, 7.425375136557234301e-02
3.459431091391163698e-02, -4.787364651396949777e-02, -3.915399169478860075e-02, 0.000000000000000000e+00, 0.000000000000000000e+00, 0.000000000000000000e+00, -1.642665831222211104e+00, 5.245579099954511548e-02
4.570167174737080340e-02, 1.076081595625024284e-01, -1.854852782621566887e-01, -1.338010413409902732e-01, -9.521711441585728464e-01, 4.818027036903155813e-01, 4.703684405246976175e-01, 2.364773637180492827e-01
-3.103893302316791947e-01, -2.524408921401617434e-01, 0.000000000000000000e+00, 0.000000000000000000e+00, 0.000000000000000000e+00, -3.918164047890833057e-01, -3.163489761858586102e-01, -2.216499470198801114e-01
5.393464413966050364e-01, -7.893009955810973421e-01, -1.907065566048428973e-01, -5.491525268111749347e-02, 4.583250344610289434e-02, 9.082750218269826370e-03, 9.033386613572580437e-01, -1.434843701715449393e+00
-2.424819107559673670e-01, 0.000000000000000000e+00, 0.000000000000000000e+00, 0.000000000000000000e+00, -6.793609843537021242e-02, 3.430856411525570748e-01, 1.776161622266774209e-01, -3.607654468981772999e-01
-3.636065102440574348e-01, -1.237198567326412146e-01, -2.689305755443090890e-02, 2.279844097930434563e-02, 4.094616663267585527e-03, -8.920303099983531436e-02, -7.990020322519374163e-02, -2.502610364320260322e-02
0.000000000000000000e+00, 0.000000000000000000e+00, 0.000000000000000000e+00, -7.049661855362514273e-02, 3.569337890276970682e-01, 1.849116259221885994e-01, -3.746160816801185067e-01, -3.774193510479906810e-01
-1.280922416981150058e-01, -3.981191804038564097e-02, 3.373712116812558476e-02, 6.074796875253423052e-03, -1.320279670980870068e-01, -1.181778815376326591e-01, -3.693982381854578334e-02, 0.000000000000000000e+00
0.000000000000000000e+00, 0.000000000000000000e+00, -1.122017040990071213e-01, 6.029537063840229028e-01, 3.169545204785387260e-01, -6.058166615151254764e-01, -6.045542936120602562e-01, -1.925486715208820920e-01
-3.520978295355135512e-01, 2.933737083209845831e-01, 5.872412299377162415e-02, -1.158237945144304115e+00, -1.029146482047527789e+00, -3.027472738725385248e-01, 0.000000000000000000e+00, 0.000000000000000000e+00
0.000000000000000000e+00, 2.087567363295699252e-01, -1.180655501215415876e-01, 4.300690594810359091e-01, 8.734690077359766325e-02, 7.997179476344735971e-02, -5.200250319741547278e-01, 6.841869697086054233e-03
-2.908754863825389197e-02, 2.224567882306774380e-02, 1.759292431588178884e-02, 1.755239237853058187e-02, -1.292811048431578846e-01, 0.000000000000000000e+00, 0.000000000000000000e+00, 0.000000000000000000e+00
2.187950655791675858e-01, -1.230941632408424219e-01, 4.488099337862441196e-01, 9.101520214274823328e-02, 8.327209522300917099e-02, -5.422517089701854864e-01, 1.038063282258787703e-02, -4.345161208544639359e-02
3.307097933704055553e-02, 2.622029049346710772e-02, 2.630275976804123672e-02, -1.939278342229585061e-01, 0.000000000000000000e+00, 0.000000000000000000e+00, 0.000000000000000000e+00, 2.275535134975221474e-01
-1.273936485615255743e-01, 4.648957023259654986e-01, 9.414387976288041138e-02, 8.607837690052794200e-02, -5.612670186949417772e-01, 1.376093318475616646e-02, -5.687883599912581939e-02, 4.311790272380245509e-02
3.427292334310180766e-02, 3.450562654877021435e-02, -2.547650127195867920e-01, 0.000000000000000000e+00, 0.000000000000000000e+00, 0.000000000000000000e+00, 3.840998482264620373e-01, -1.950194834816526279e-01
7.246602631968998010e-01, 1.426588254239700149e-01, 1.287329879814327338e-01, -8.615831168941765483e-01, 8.164315438875716091e-02, -3.259745171277404485e-01, 2.443313637746206968e-01, 1.974239331449310908e-01
2.007902416242536014e-01, -1.523471593404996716e+00, 0.000000000000000000e+00, 0.000000000000000000e+00, 0.000000000000000000e+00, 3.913207047179351750e-01, -1.977879361543070647e-01, 7.355842289960270453e-01
1.446149615141616163e-01, 1.304210109996484235e-01, -8.739287527390754429e-01, 8.471183404634519132e-02, -3.385415610159699384e-01, 2.538297279950575969e-01, 2.051156886032231286e-01, 2.087878896033949216e-01
-1.585027230123477349e+00, 0.000000000000000000e+00, 0.000000000000000000e+00, 0.000000000000000000e+00, 9.130560630610902173e-01, -1.729205844576081064e-01, 1.855562776999900021e-01, -1.124448843731763070e-09
-1.219854956573827591e-08, 4.901877270114539773e-09, 3.693483425441641821e-02, -3.249795925595107965e-02, -4.436875065188363235e-03, 1.713425505745714379e-03, -4.622582566904574687e-04, 2.011280200541168146e-03
0.000000000000000000e+00, 0.000000000000000000e+00, 0.000000000000000000e+00, 9.586045667439738738e-01, -1.811889716286878282e-01, 1.945830138246022190e-01, -2.081363944625461752e-09, -1.339804997810771349e-08
9.018418354111865461e-09, 7.389023787032085455e-02, -6.497989994390872270e-02, -8.910337787645671720e-03, 3.414586002409323012e-03, -8.999047210432101467e-04, 4.084025196642289066e-03, 0.000000000000000000e+00
0.000000000000000000e+00, 0.000000000000000000e+00, 3.618404911734513507e-01, -8.884636371599284876e-01, -6.729529085505385477e-02, -8.864951453461572539e-02, -5.285163825993677289e-01, -5.061002103104518257e-01
4.842685938325907435e-01, -5.970739002719426258e-01, 1.128053055356084550e-01, -2.217462113086469400e-01, -9.087998819945838358e-01, -9.183010438879442017e-01, 0.000000000000000000e+00, 0.000000000000000000e+00
0.000000000000000000e+00, -2.790075626754319194e-01, 5.864509431193850597e-01, -4.766706806271148872e-02, 5.857599332971966666e-01, 4.729769935438203898e-01, -2.906637824201067088e-01, -3.262747205358981772e-01
4.554596869754397592e-01, -1.291849681665036831e-01, 1.141181821812957908e+00, 7.822559231431263083e-01, -4.541099220237396761e-01, 0.000000000000000000e+00, 0.000000000000000000e+00, 0.000000000000000000e+00
3.203863818105731620e-01, 4.653808680700646100e-02, 1.016073760450447450e-01, 3.825262316778186844e-01, -7.819646730576469695e-02, 3.874798347842333679e-01, 2.057233434436610275e-02, -1.200872565567929692e-02
-8.563608634318820023e-03, 8.577294721699391111e-02, -5.800006507821950201e-03, 9.731570023332472563e-02, 0.000000000000000000e+00, 0.000000000000000000e+00, 0.000000000000000000e+00, 3.335017328238921719e-01
4.881185080899004547e-02, 1.055595875983877246e-01, 3.973554117457735457e-01, -8.073789340894862998e-02, 4.024170026503334219e-01, 3.050513231816723986e-02, -1.784834441938460553e-02, -1.265678796580806467e-02
1.272956730491307809e-01, -8.527506192872508564e-03, 1.444574540733788992e-01, 0.000000000000000000e+00, 0.000000000000000000e+00, 0.000000000000000000e+00, 5.637052731927295612e-01, 9.621472880763747015e-02
1.704651142599214464e-01, 6.409938531384645755e-01, -1.118827670584588430e-01, 6.459859507600143047e-01, 2.578307994044513607e-01, -1.521580467303350892e-01, -1.056727540560206818e-01, 1.092188376243065306e+00
-5.188420810860821381e-02, 1.246364490037693784e+00, 0.000000000000000000e+00, 0.000000000000000000e+00, 0.000000000000000000e+00, 3.005764177956713468e-01, 1.642183371302765316e-01, -7.475964792221311273e-01
-8.438917494956716078e-10, 6.069560169324265249e-08, 3.772494715419337124e-10, 3.170539199761816113e-02, 1.427490817228342125e-02, -4.598030015734517334e-02, 1.069039176468887607e-03, -3.140280802239653926e-05
-5.370788871666833802e-03, 0.000000000000000000e+00, 0.000000000000000000e+00, 0.000000000000000000e+00, 3.158462707434393502e-01, 1.724872321907734152e-01, -7.841122571879656222e-01, -1.070193420388486344e-09
8.998065793282638335e-09, 4.466518788197803077e-10, 5.851500115273287894e-02, 2.617144854021054984e-02, -8.468644973121682018e-02, 1.946224782940511990e-03, 1.917885329674804971e-07, -1.002285185653508347e-02
0.000000000000000000e+00, 0.000000000000000000e+00, 0.000000000000000000e+00, 3.311819391542999425e-01, 1.807698227521054024e-01, -8.204042135416862447e-01, -8.373783193595442639e-10, -5.495526718682483651e-08
3.200808680623978056e-10, 8.986990326760418979e-02, 3.974773184775639429e-02, -1.296176350795633092e-01, 2.910606034473931132e-03, 1.411699460345968685e-04, -1.560517538515919164e-02, 0.000000000000000000e+00
0.000000000000000000e+00, 0.000000000000000000e+00, -1.819604906802101407e-01, -4.197761375260157246e-01, 3.537058540533665196e-01, 2.958318199411320015e-01, -2.000750147400629231e-01, -8.176209795356496057e-01
-8.434687653122334428e-02, -2.420861217575436541e-01, 3.264329970037267437e-01, 5.673223564780259798e-01, -4.365567131855332406e-01, -1.424112450282752018e+00, 0.000000000000000000e+00, 0.000000000000000000e+00
0.000000000000000000e+00, -4.133828255428060872e-01, -5.759310558918929318e-02, 3.900166198289501951e-01, 8.360683638114522198e-01, -2.542570386797509199e-02, -2.949287575305652442e-01, -2.801656802443731054e-01
-5.670744147003221186e-02, 3.368731210818525779e-01, 1.460374001584431536e+00, 1.173725293504723072e-01, -6.413468936403398102e-01, 0.000000000000000000e+00, 0.000000000000000000e+00, 0.000000000000000000e+00
-8.071317670776112507e-01, 5.682416714130896773e-01, -6.329329738211510181e-02, -1.537005777843080678e-01, 5.739598057131838349e-01, -3.541650561401918362e-01, -6.219720634367955636e-01, 6.131571055827662597e-01
8.814956028685906608e-03, -3.266272653693242933e-01, 9.369537434419098476e-01, -6.412524265618155805e-01, 0.000000000000000000e+00, 0.000000000000000000e+00, 0.000000000000000000e+00, 3.797631381141866602e-01
1.987312444228266917e-01, 4.306168795144415529e-01, 1.726540300807400119e-01, 3.033774104178804110e-01, 8.505548411168213363e-01, 1.421930181388301843e-02, -1.253437620272801201e-01, 1.111244609729727661e-01
3.212638531200898151e-01, 4.893158098539535095e-01, 1.509186301065266633e+00, 0.000000000000000000e+00, 0.000000000000000000e+00, 0.000000000000000000e+00, 3.871925445084026807e-01, 2.018112784961947070e-01
4.374656106839900915e-01, 1.758550819428175149e-01, 3.083769337329776983e-01, 8.635647963193655574e-01, 1.454861554623992914e-02, -1.304609962922138600e-01, 1.159123816749447894e-01, 3.357190358052514756e-01
5.108575959417186452e-01, 1.574733643226544633e+00, 0.000000000000000000e+00, 0.000000000000000000e+00, 0.000000000000000000e+00, 9.944032573930630670e-02, -8.090499778390834729e-02, -5.392747414216445545e-01
-5.894646012999586737e-02, 5.366021572548361485e-02, -4.483012737782443580e-01, 1.817054186994414289e-02, 7.685733935408896322e-03, -2.585627585985702040e-02, -8.593002071202117745e-03, 3.944235445264180490e-03
-5.559295591596796066e-02, 0.000000000000000000e+00, 0.000000000000000000e+00, 0.000000000000000000e+00, 1.049489118712514796e-01, -8.481385484579687106e-02, -5.649292166343723443e-01, -6.179871017812465367e-02
5.636480130393018567e-02, -4.700474523587853115e-01, 3.437022844832789831e-02, 1.463221519136367714e-02, -4.900244354555409465e-02, -1.628556694569378849e-02, 7.438556208229218404e-03, -1.050147586666083516e-01
0.000000000000000000e+00, 0.000000000000000000e+00, 0.000000000000000000e+00, 1.098182403612740360e-01, -8.816505808435783076e-02, -5.868356781095978025e-01, -6.424418896503580889e-02, 5.870739307865303208e-02
-4.887103919086018267e-01, 5.050347320566692805e-02, 2.162950831651525366e-02, -7.213298168455062331e-02, -2.397787720566097944e-02, 1.087369808706105390e-02, -1.539112401069305802e-01, 0.000000000000000000e+00
0.000000000000000000e+00, 0.000000000000000000e+00, 1.148190509133423798e-01, -9.151692683318957133e-02, -6.086678476224924861e-01, -6.669093747548984763e-02, 6.107185474681307846e-02, -5.073939272499554676e-01
6.838313468964409003e-02, 2.945232304493173442e-02, -9.783545802931678526e-02, -3.251530494557451634e-02, 1.467396525579487201e-02, -2.077753231227495723e-01, 0.000000000000000000e+00, 0.000000000000000000e+00
0.000000000000000000e+00, 1.190797264771832481e-01, -9.431061635584840619e-02, -6.268090271200320585e-01, -6.873116866943482228e-02, 6.305793004247485511e-02, -5.229780411529482143e-01, 8.431946165851451902e-02
3.647231912509881629e-02, -1.207917809033555723e-01, -4.013284461440935758e-02, 1.807003680350081215e-02, -2.555981843660651842e-01, 0.000000000000000000e+00, 0.000000000000000000e+00, 0.000000000000000000e+00
2.057397505976425178e-01, -1.429704418515399256e-01, -9.357187193381822921e-01, -1.045476879884091881e-01, 9.981037571999187841e-02, -7.959762737579716418e-01, 4.316196822408955303e-01, 1.965277501741177768e-01
-6.281474316192742213e-01, -2.085291223798655946e-01, 9.819276555283830421e-02, -1.303091350599317577e+00, 0.000000000000000000e+00, 0.000000000000000000e+00, 0.000000000000000000e+00, -6.422761162959398362e-01
8.382997847224584742e-01, -4.764465437732937070e-01, 1.533900471892852002e-01, -4.349359711179698884e-01, 3.045523863143377308e-01, -4.829824862698810506e-01, 8.166720655391855876e-01, -3.336895798072628816e-01
2.477650356791595565e-01, -7.868142225979701809e-01, 4.827043359503029318e-01, 0.000000000000000000e+00, 0.000000000000000000e+00, 0.000000000000000000e+00, 4.561982887048111057e-01, 9.011518356599877988e-01
-9.754676512799444199e-02, -6.385136714936188174e-01, 5.039333438957093181e-01, -2.569779642866874547e-01, 6.602899835223340064e-02, 3.865525134474684377e-01, -4.525815103790087335e-01, -1.148251501391154950e+00
8.401142308013707094e-01, -4.254845465332552368e-01, 0.000000000000000000e+00, 0.000000000000000000e+00, 0.000000000000000000e+00, -1.258323877364617427e-01, -2.893756435074777353e-02, 5.092721023146130205e-02
1.763548451293029118e-01, -2.726301178581514439e-01, 4.518939434078085293e-01, -3.136390935588532613e-03, 8.321213081192986409e-04, 2.304269594390177117e-03, 1.787979036652409190e-02, -3.074467818596047716e-02
6.037142995251829763e-02, 0.000000000000000000e+00, 0.000000000000000000e+00, 0.000000000000000000e+00, -1.311129052499598047e-01, -3.024056997472131941e-02, 5.359998704597971481e-02, 1.844448580343903965e-01
-2.853924156728315786e-01, 4.734384023225960969e-01, -5.995059228974163913e-03, 1.617109442749598306e-03, 4.377949705791154590e-03, 3.411363613300793379e-02, -5.876965071833852028e-02, 1.154630634917315213e-01
0.000000000000000000e+00, 0.000000000000000000e+00, 0.000000000000000000e+00, -1.354870853418218279e-01, -3.134245795703508725e-02, 5.593564350314410294e-02, 1.913070570302077555e-01, -2.962717222301052833e-01
4.918839652018681119e-01, -8.702433210845126818e-03, 2.422151173597062931e-03, 6.280282119765165545e-03, 4.983356513630785023e-02, -8.620345434724081823e-02, 1.696507539007933996e-01, 0.000000000000000000e+00
0.000000000000000000e+00, 0.000000000000000000e+00, -1.397272526812663451e-01, -3.243138381331866354e-02, 5.831100728034490505e-02, 1.981050868251811869e-01, -3.070990139056904988e-01, 5.103113491426913839e-01
-1.156933070812942409e-02, 3.349378680576720058e-03, 8.219952015404647164e-03, 6.684115735886982101e-02, -1.162236228743431382e-01, 2.291345821155314488e-01, 0.000000000000000000e+00, 0.000000000000000000e+00
0.000000000000000000e+00, -1.438438452714873861e-01, -3.350839834926272465e-02, 6.072321055371798088e-02, 2.048435709643496583e-01, -3.178789842983389402e-01, 5.287220252730329140e-01, -1.454616682417728298e-02
4.387886159755579121e-03, 1.015828054492698244e-02, 8.479758924968726352e-02, -1.482390846823190278e-01, 2.926770281683629960e-01, 0.000000000000000000e+00, 0.000000000000000000e+00, 0.000000000000000000e+00
-1.471860903915353236e-01, -3.439742593632341000e-02, 6.275979019788786861e-02, 2.104164313777078243e-01, -3.268289065269627813e-01, 5.440523696017274258e-01, -1.709331060792135606e-02, 5.329988954007336584e-03
1.176332191836292757e-02, 1.003118707129757037e-01, -1.761131535250194946e-01, 3.480359997684218110e-01, 0.000000000000000000e+00, 0.000000000000000000e+00, 0.000000000000000000e+00, -1.504514340484539858e-01
-3.527908474847823300e-02, 6.481930367625675371e-02, 2.159523384576105542e-01, -3.357499666259494142e-01, 5.593724510615097900e-01, -1.970035159744389433e-02, 6.340759006550039656e-03, 1.335959281899343036e-02
1.162279236471525923e-01, -2.048705478282782377e-01, 4.051763967485899065e-01, 0.000000000000000000e+00, 0.000000000000000000e+00, 0.000000000000000000e+00, -1.924011384019112259e-01, -4.845530368142966088e-02
1.008204276632976293e-01, 2.996402900327046481e-01, -4.748493541503228665e-01, 8.031941879935108330e-01, -6.913897153584332156e-02, 3.122883941516697154e-02, 3.791013107411486671e-02, 4.029394240407738192e-01
-7.408789465585730039e-01, 1.471347151754635929e+00, 0.000000000000000000e+00, 0.000000000000000000e+00, 0.000000000000000000e+00, -9.558598622799286959e-01, -7.995766843227903875e-01, 2.598144653845272517e-02
2.387858170872564269e-09, -1.811880855987659872e-08, -6.985270520697431597e-10, -2.285941427173285561e-03, -8.557337300099976700e-04, 3.141675153831384720e-03, -6.811651761675952292e-05, 3.772923469394410538e-06
3.654288522196051593e-04, 0.000000000000000000e+00, 0.000000000000000000e+00, 0.000000000000000000e+00, -1.013947350054795749e+00, -8.485337915050882307e-01, 2.760796020772899109e-02, 5.009140808696215726e-09
-4.579908672545574537e-09, -1.440105480326013417e-09, -2.773509300714414524e-02, -1.057606009712042973e-02, 3.831115304728525961e-02, -8.658571932342026605e-04, 8.475656059192929507e-05, 4.376133680575765815e-03
0.000000000000000000e+00, 0.000000000000000000e+00, 0.000000000000000000e+00, -1.064546586316769128e+00, -8.913071874126098360e-01, 2.903944215163731246e-02, 7.236966961833507643e-09, -1.146431034325802615e-08
-1.954444636226176344e-09, -5.510939497219114608e-02, -2.097811447754984945e-02, 7.608750945493077122e-02, -1.690240215925682037e-03, 1.273127850133756777e-04, 8.750104860881241162e-03, 0.000000000000000000e+00
0.000000000000000000e+00, 0.000000000000000000e+00, -1.107731687893897421e+00, -9.279190790722849913e-01, 3.027318435634566637e-02, 7.982041676000037776e-09, 2.775206381994157899e-09, -2.027036689175088346e-09
-8.245914798053383121e-02, -3.115838052607492956e-02, 1.136175285197725954e-01, -2.448949192238960605e-03, 9.185317872566960227e-05, 1.318319076495984635e-02, 0.000000000000000000e+00, 0.000000000000000000e+00
0.000000000000000000e+00, -1.150753984642683747e+00, -9.644855759261227179e-01, 3.151288988334861180e-02, 6.767178457161722418e-09, 2.032516102327608164e-08, -1.635138589329881057e-09, -1.127396800839376434e-01
-4.224094006432985160e-02, 1.549806202722019410e-01, -3.263699398338671624e-03, -8.568274130242053800e-06, 1.814638763519062920e-02, 0.000000000000000000e+00, 0.000000000000000000e+00, 0.000000000000000000e+00
-1.186492866934545365e+00, -9.949258055496080777e-01, 3.255014893732877113e-02, 4.124027020389929877e-09, -8.386957110697301993e-09, -9.576732851957594423e-10, -1.396565791828205672e-01, -5.197958772831356294e-02
1.916361667455291906e-01, -3.969934899620577301e-03, -1.189888089963630840e-04, 2.259350999265533760e-02, 0.000000000000000000e+00, 0.000000000000000000e+00, 0.000000000000000000e+00, -1.222136896499395275e+00
-1.025338854332561223e+00, 3.359094351462235672e-02, -1.848970343440204712e-10, 5.088928859905181539e-09, 4.064111458618690299e-11, -1.677389359661640156e-01, -6.206588711643309941e-02, 2.298048229349041460e-01
-4.686226142231411478e-03, -2.411737949613209904e-04, 2.726491064971215197e-02, 0.000000000000000000e+00, 0.000000000000000000e+00, 0.000000000000000000e+00, -1.787549238563483911e+00, -1.514273908497829391e+00
5.092061642575231029e-02, -6.320417209555011073e-07, 1.147594231665496280e-07, 1.053030828833639701e-07, -7.043930127176135647e-01, -2.554277185170580888e-01, 9.598207326606862377e-01, -1.657435440440098093e-02
-2.877780530257480641e-03, 1.188904356809500767e-01, 0.000000000000000000e+00, 0.000000000000000000e+00, 0.000000000000000000e+00, -6.581936508445840328e-01, 1.698951922801552883e-01, 3.369049421874275030e-01
-3.704517141372081625e-10, -1.547354769922956054e-08, -2.875401536849366707e-09, -6.349603068778028950e-03, 1.702547425915566922e-03, 4.647055643739685452e-03, -2.784416495316878611e-04, 1.016918201172581072e-04
1.780541831944495459e-04, 0.000000000000000000e+00, 0.000000000000000000e+00, 0.000000000000000000e+00, -6.997075510512617003e-01, 1.808604197160698646e-01, 3.588194248127584696e-01, -8.310677937221184560e-10
1.315814926930482537e-08, -6.499858108655223100e-09, -4.403644207860239052e-02, 1.195944615177216459e-02, 3.207699585575179285e-02, -1.923533991661538099e-03, 7.412868726659869621e-04, 1.149634336366241140e-03
0.000000000000000000e+00, 0.000000000000000000e+00, 0.000000000000000000e+00, -7.350725566783806730e-01, 1.902724512605965534e-01, 3.776896182716324990e-01, -1.514995899731598065e-09, 4.577363897821797621e-08
-1.183734458801399680e-08, -8.354493013467156892e-02, 2.257474566413861933e-02, 6.097018435402346698e-02, -3.597488718484036837e-03, 1.436305833503075721e-03, 2.085631235670533552e-03, 0.000000000000000000e+00
0.000000000000000000e+00, 0.000000000000000000e+00, -7.643765851353947482e-01, 1.981256475898620639e-01, 3.934816165670972921e-01, -2.394378777695140324e-09, -2.166369316397821689e-09, -1.853949078324723254e-08
-1.214229397138422012e-01, 3.251086182316958312e-02, 8.891207793225017197e-02, -5.185760840830479224e-03, 2.104236731885861158e-03, 2.970851019241047171e-03, 0.000000000000000000e+00, 0.000000000000000000e+00
0.000000000000000000e+00, -7.935356024070953085e-01, 2.059873729586502444e-01, 4.093321797663890260e-01, -3.668858600382131855e-09, 2.002801175618235652e-08, -2.811318006772430703e-08, -1.629619933705683255e-01
4.319301306742025226e-02, 1.197689802565151951e-01, -6.934185011602237228e-03, 2.864773579038082819e-03, 3.953408447270189904e-03, 0.000000000000000000e+00, 0.000000000000000000e+00, 0.000000000000000000e+00
-1.211135801562572167e+00, 3.231889856681745554e-01, 6.496950846869616880e-01, -1.375546002842580050e-07, 4.419393452426231166e-07, -8.628373765332237307e-07, -9.498207574826682542e-01, 2.327453137972972652e-01
7.170754425920115027e-01, -3.637369285120316265e-02, 2.186204295709850629e-02, 2.444048962224373844e-02, 0.000000000000000000e+00, 0.000000000000000000e+00, 0.000000000000000000e+00, 4.772203220570510052e-01
4.273657567612034192e-01, 1.157258191653115942e+00, 1.929819537340040636e-01, -3.536455378067216992e-01, -5.932260478368735906e-02, -1.439507875762185106e-02, -1.422036406215014190e-02, 2.861544278976477923e-02
2.256845797868171910e-02, -4.505934239557371490e-02, -6.280480083672404686e-03, 0.000000000000000000e+00, 0.000000000000000000e+00, 0.000000000000000000e+00, 5.005392765416828427e-01, 4.483650576836684110e-01
1.215611953590000294e+00, 2.027137629636316107e-01, -3.709515719681684698e-01, -6.243787149619229454e-02, -2.782657494202424309e-02, -2.738179081820002816e-02, 5.520836582284424643e-02, 4.343899413705933771e-02
-8.694450915857025730e-02, -1.207261914228193594e-02, 0.000000000000000000e+00, 0.000000000000000000e+00, 0.000000000000000000e+00, 5.202292385467094382e-01, 4.661247947154926186e-01, 1.265289282992687392e+00
2.109991907003284373e-01, -3.855696801997229306e-01, -6.511520180203696218e-02, -4.118470348453801694e-02, -4.033002015563347947e-02, 8.151472374225864070e-02, 6.401278602883668511e-02, -1.284399472053218416e-01
-1.774195255350639183e-02, 0.000000000000000000e+00, 0.000000000000000000e+00, 0.000000000000000000e+00, 5.380970684572478069e-01, 4.822625781369024311e-01, 1.310685209689284703e+00, 2.185710338059155267e-01
-3.988391844078641446e-01, -6.758072908585478766e-02, -5.467537096204302949e-02, -5.334012018472122918e-02, 1.080154913017484924e-01, 8.467394637408470759e-02, -1.702502727751304401e-01, -2.340864842982762900e-02
0.000000000000000000e+00, 0.000000000000000000e+00, 0.000000000000000000e+00, 5.541542901090391604e-01, 4.967806846935609588e-01, 1.351718751587898115e+00, 2.254158069406958231e-01, -4.107670549370068258e-01
-6.982299518726037268e-02, -6.766847996247320196e-02, -6.585439066983576895e-02, 1.335228707212775257e-01, 1.044948832822420876e-01, -2.104703700070023609e-01, -2.884411484702872203e-02, 0.000000000000000000e+00
0.000000000000000000e+00, 0.000000000000000000e+00, 5.701902154321661920e-01, 5.112934321411970462e-01, 1.392910474769814666e+00, 2.322874982145856082e-01, -4.226822457441486436e-01, -7.208554621685304975e-02
-8.129683080116523186e-02, -7.898517049152187219e-02, 1.602820009405290513e-01, 1.252240331591283895e-01, -2.526327055007965283e-01, -3.455147324558684868e-02, 0.000000000000000000e+00, 0.000000000000000000e+00
0.000000000000000000e+00, 8.152295559448097251e-01, 7.347594866362721078e-01, 2.048934912400280250e+00, 3.418418725102169153e-01, -6.051373506629599275e-01, -1.093489680532463981e-01, -3.402510384726851189e-01
-3.329857087316604458e-01, 6.732367465903993375e-01, 5.128674541770297246e-01, -1.056112216192778952e+00, -1.492066738461724495e-01, 0.000000000000000000e+00, 0.000000000000000000e+00, 0.000000000000000000e+00
8.256834613316413884e-01, 7.443732378465521826e-01, 2.078196348199965460e+00, 3.467351593699868340e-01, -6.129396529699403517e-01, -1.110587602626872533e-01, -3.532693644539828259e-01, -3.460562885643186926e-01
6.993256533594914837e-01, 5.321736190882619955e-01, -1.096766657862971783e+00, -1.552888458966495966e-01, 0.000000000000000000e+00, 0.000000000000000000e+00, 0.000000000000000000e+00, 3.224940397030031519e-02
-1.405414300654730768e-02, 4.744233575233229583e-02, -3.660560433895917315e-02, 1.162881385659057659e-01, 5.764474130515769845e-01, 3.771985775009829584e-03, -8.137862387138315376e-03, 4.365876713756662586e-03
-5.445182782088405123e-03, 3.705090136397774792e-02, 2.000268236924646337e-01, 0.000000000000000000e+00, 0.000000000000000000e+00, 0.000000000000000000e+00, 3.271514338202875516e-01, -2.912647031677478293e-01
-7.484706795030605930e-02, 1.183574902125535816e-01, -3.455313913976050255e-01, 3.237300455183035330e-01, 4.212285076510403209e-02, -3.364837506088449309e-02, -8.474475684882692636e-03, 3.179576447444505682e-02
-8.095426099482827542e-02, 8.344403263199820509e-02, 0.000000000000000000e+00, 0.000000000000000000e+00, 0.000000000000000000e+00, 5.717453728275100344e-01, -4.828719053300689623e-01, -1.108645451009080823e-01
1.849225192745152513e-01, -5.841821485526469404e-01, 5.334923678669938329e-01, 5.106600869286852529e-01, -4.035604684414946242e-01, -1.070996182949051495e-01, 3.792556927099704489e-01, -9.664063278303620663e-01
1.013627995503221024e+00, 0.000000000000000000e+00, 0.000000000000000000e+00, 0.000000000000000000e+00, -3.018720261854182518e-01, -7.049380414571694287e-01, 2.329466160840620026e-01, -5.253682738306720834e-01
4.936928571446537739e-01, 4.005566212287046124e-01, -8.773719578515506989e-02, -4.124068290396660785e-01, 5.001440245698799414e-01, -8.822982195274707840e-01, 9.169199882977976390e-01, 6.570800776442674573e-01
0.000000000000000000e+00, 0.000000000000000000e+00, 0.000000000000000000e+00, -3.916561218943989120e-01, 2.505479616714450519e-01, 2.543785862496627526e-01, 3.183653146854118626e-02, 3.271803660036375350e-01
3.087072720152697625e-01, -5.091428750228511185e-02, 2.098234230532291730e-02, 2.993194532575416469e-02, 1.941396479674091860e-02, 8.637876787860745975e-02, 7.579102876923225762e-02, 0.000000000000000000e+00
0.000000000000000000e+00, 0.000000000000000000e+00, -4.070375353796603091e-01, 2.608548068018667343e-01, 2.652648806647794344e-01, 3.352235655152053379e-02, 3.403376791908708787e-01, 3.214913390211751043e-01
-7.494763276642421590e-02, 3.077756092629397797e-02, 4.417007210165087988e-02, 2.890236397640532848e-02, 1.273853410290042842e-01, 1.115230511431866134e-01, 0.000000000000000000e+00, 0.000000000000000000e+00
0.000000000000000000e+00, -6.265525604777943958e-01, 4.169419744708376396e-01, 4.380894039688316144e-01, 6.624000610512155440e-02, 5.343535031305026717e-01, 5.171371727481831604e-01, -5.728054263875275165e-01
2.327390331810697821e-01, 3.400663930537091151e-01, 2.501042005009130320e-01, 9.989818996564562292e-01, 8.531907271669205706e-01, 0.000000000000000000e+00, 0.000000000000000000e+00, 0.000000000000000000e+00
-1.244696013389099409e+00, -1.605221281133244471e-01, -7.749257635715143255e-01, -3.837753303941389190e-10, 6.564535450817489732e-09, -1.355801597032765319e-09, -3.208495944398547656e-02, 3.358435152261267376e-02
-1.499392133635828097e-03, -9.838479909713875645e-04, 1.407737818520073602e-04, -2.026055741469374311e-03, 0.000000000000000000e+00, 0.000000000000000000e+00, 0.000000000000000000e+00, -1.300151373016249057e+00
-1.679690129088619865e-01, -8.101119220700804258e-01, -6.234923160239245477e-10, 2.823186314978401934e-08, -2.247082377247491488e-09, -6.230317765948241437e-02, 6.524362577184923684e-02, -2.940448207684737483e-03
-1.923440637866041022e-03, 2.557897110827219746e-04, -3.943931600077436872e-03, 0.000000000000000000e+00, 0.000000000000000000e+00, 0.000000000000000000e+00, -1.350746826377735799e+00, -1.748276917056156010e-01
-8.423593273203900944e-01, -1.026858173631589680e-09, 2.178182690331154364e-08, -3.723346091668135152e-09, -9.406704291393469530e-02, 9.851542061897680669e-02, -4.448377431531008730e-03, -2.920365035743781919e-03
3.997973916242137651e-04, -6.000680239143918633e-03, 0.000000000000000000e+00, 0.000000000000000000e+00, 0.000000000000000000e+00, -1.396559572664968218e+00, -1.810878490943884644e-01, -8.716695205041224970e-01
-1.675929700740519722e-09, 1.057740760274775527e-09, -6.061906950894789462e-09, -1.255734244709035274e-01, 1.315140075096477290e-01, -5.940583062962699439e-03, -3.906193740413378690e-03, 5.928703191954488340e-04
-8.080524970216301783e-03, 0.000000000000000000e+00, 0.000000000000000000e+00, 0.000000000000000000e+00, -1.442213857454046400e+00, -1.873697056206737599e-01, -9.009748799816779119e-01, -2.664888706630100232e-09
-1.502900651651580594e-07, -9.552834616566814464e-09, -1.589446795805657675e-01, 1.664653325671338890e-01, -7.520652975164929775e-03, -4.949472457737460682e-03, 8.395533730998765588e-04, -1.031025398798153872e-02
0.000000000000000000e+00, 0.000000000000000000e+00, 0.000000000000000000e+00, -2.159006668391143968e+00, -2.911017757454085753e-01, -1.372119373481528903e+00, -1.186253929833609258e-07, 1.859820862585967907e-06
-4.196608728471537823e-07, -7.994962492654251740e-01, 8.395897585175181588e-01, -4.009350930046679667e-02, -2.598965941284483300e-02, 8.129290203694371220e-03, -5.407904747836535242e-02, 0.000000000000000000e+00
0.000000000000000000e+00, 0.000000000000000000e+00, -2.189388403164514774e+00, -2.957269145063462501e-01, -1.392570434048311823e+00, -1.302722229041594976e-07, 1.995444240034071432e-06, -4.606709248666371263e-07
-8.303179766733627121e-01, 8.721430511631691473e-01, -4.182507669959135976e-02, -2.704958644784560134e-02, 8.503406942686586589e-03, -5.620791459506273985e-02, 0.000000000000000000e+00, 0.000000000000000000e+00
0.000000000000000000e+00, -1.548527139812428365e-02, 1.497489179039526996e-01, -8.493048727209060456e-01, -5.808526206691681288e-10, -1.512923063908722877e-08, -1.927124214212725017e-11, 1.843236410386771924e-03
4.136326267223972182e-03, -5.979562673249324244e-03, 1.639052657066592000e-04, -1.946457461102352239e-05, -6.600150808825369034e-04, 0.000000000000000000e+00, 0.000000000000000000e+00, 0.000000000000000000e+00
-1.652339627220999335e-02, 1.598544111506127186e-01, -9.049107777766731697e-01, -1.458537951317047703e-09, -3.122712083071453741e-08, -4.889373313003368574e-11, 1.398116859716786765e-02, 3.112058767151819685e-02
-4.510175642468121360e-02, 1.292991890945231065e-03, -2.234906809135983358e-04, -4.921386189577534910e-03, 0.000000000000000000e+00, 0.000000000000000000e+00, 0.000000000000000000e+00, -1.730329987747251941e-02
1.674658170904537446e-01, -9.463616996956230043e-01, -2.596704965953939453e-09, -6.042701929180276280e-08, -8.757777347683680415e-11, 2.499424101673396875e-02, 5.595312968333761294e-02, -8.094737087512370033e-02
2.337096469955980260e-03, -4.458268280373681885e-04, -8.894856532999378604e-03, 0.000000000000000000e+00, 0.000000000000000000e+00, 0.000000000000000000e+00, -1.808438673372631672e-02, 1.751069958581972230e-01
-9.875810240403478657e-01, -4.225935706998801904e-09, -1.025141818178021401e-07, -1.425969593648236016e-10, 3.745240371079838759e-02, 8.463891584722341155e-02, -1.220913195305044913e-01, 3.510925823133091445e-03
-6.834514600219874754e-04, -1.358395796010757224e-02, 0.000000000000000000e+00, 0.000000000000000000e+00, 0.000000000000000000e+00, -1.873615224713576222e-02, 1.814962096992132345e-01, -1.021763382889467886e+00
-6.002540356704964686e-09, -1.511848638265850090e-07, -2.033924644479960136e-10, 4.868697659621663842e-02, 1.109323541815760428e-01, -1.596193307177717902e-01, 4.558049956561402785e-03, -8.810201709885601617e-04
-1.795164645344596993e-02, 0.000000000000000000e+00, 0.000000000000000000e+00, 0.000000000000000000e+00, -2.965227859797499657e-02, 2.899195492896855519e-01, -1.571221131990887976e+00, -7.486686734745125922e-08
-4.739461934832669264e-06, -6.097876503378408859e-09, 2.781793244135111753e-01, 6.685998924519778175e-01, -9.467792179267924269e-01, 2.728008094202769018e-02, -2.214904317142705505e-03, -1.137394925242849603e-01
0.000000000000000000e+00, 0.000000000000000000e+00, 0.000000000000000000e+00, 6.098139263624561268e-01, 1.750733875895237879e-01, 8.327386407925514433e-01, -2.573690566513288092e-01, 7.963678915254583657e-02
3.461378463885503298e-01, 2.152332666350993337e-03, -2.272304812956477474e-02, 2.057071539684177455e-02, -3.437343515928299037e-02, 7.038453125424994246e-03, 4.204165472425010208e-02, 0.000000000000000000e+00
0.000000000000000000e+00, 0.000000000000000000e+00, 6.402080606429770837e-01, 1.838083324872635260e-01, 8.741340101173207255e-01, -2.700931401657247211e-01, 8.325565011395009984e-02, 3.628392119287259243e-01
4.164062660116055192e-03, -4.418826453256682885e-02, 4.002420178887177576e-02, -6.676208323835737535e-02, 1.358048404343105073e-02, 8.158891220038967662e-02, 0.000000000000000000e+00, 0.000000000000000000e+00
0.000000000000000000e+00, 6.651614032720296610e-01, 1.909838992534686197e-01, 9.081088698693886574e-01, -2.805250311733368251e-01, 8.615988439526801879e-02, 3.764439581790490208e-01, 5.961254725033743145e-03
-6.459312584348769759e-02, 5.863187114798536215e-02, -9.756196299174615949e-02, 1.964563378042872774e-02, 1.189858133792497108e-01, 0.000000000000000000e+00, 0.000000000000000000e+00, 0.000000000000000000e+00
6.901878119234405862e-01, 1.981842825474018077e-01, 9.421765507907994275e-01, -2.909761694385164521e-01, 8.901579912824303387e-02, 3.899968997088218425e-01, 7.815754950549185648e-03, -8.712718001215147279e-02
7.931142516839720380e-02, -1.315731755540098802e-01, 2.619364579498247372e-02, 1.601067522157966772e-01, 0.000000000000000000e+00, 0.000000000000000000e+00, 0.000000000000000000e+00, 7.124896915800672526e-01
2.046037245654528935e-01, 9.725307544550746419e-01, -3.002814566382986383e-01, 9.151759234346031058e-02, 4.020043862824614345e-01, 9.470876591294653465e-03, -1.085348918754525382e-01, 9.906401562634607749e-02
-1.638654809181139260e-01, 3.228880715174916455e-02, 1.990461163125686050e-01, 0.000000000000000000e+00, 0.000000000000000000e+00, 0.000000000000000000e+00, 7.348410291578685305e-01, 2.110399094208421367e-01
1.002948076514503128e+00, -3.096008071209077617e-01, 9.398805403566729000e-02, 4.139773013488776687e-01, 1.111806555433146777e-02, -1.309561227022134622e-01, 1.198380572251874082e-01, -1.976510723248682544e-01
3.855051833507677772e-02, 2.397191541875818566e-01, 0.000000000000000000e+00, 0.000000000000000000e+00, 0.000000000000000000e+00, 7.544372943221432370e-01, 2.166846449434425004e-01, 1.029612621183964905e+00
-3.177664430088675274e-01, 9.612490243451285443e-02, 4.244266182175268631e-01, 1.255468036559375354e-02, -1.512602445917767824e-01, 1.387055642393031363e-01, -2.282076885076409489e-01, 4.412421746768589031e-02
2.764686424001431275e-01, 0.000000000000000000e+00, 0.000000000000000000e+00, 0.000000000000000000e+00, 1.046893190820841202e+00, 3.011208402240104776e-01, 1.427230769379263853e+00, -4.391722942599293189e-01
1.251381291733463241e-01, 5.753913533324478413e-01, 3.293290200281420027e-02, -4.993968428118545910e-01, 4.664639420200415998e-01, -7.451490647103864440e-01, 1.323287984217609570e-01, 9.001975667506122436e-01
0.000000000000000000e+00, 0.000000000000000000e+00, 0.000000000000000000e+00, 1.064178313949043497e+00, 3.061247068692959372e-01, 1.450719779251503194e+00, -4.463262494557628246e-01, 1.266887943743625067e-01
5.840177675157689485e-01, 3.403606927152540845e-02, -5.221845811646214086e-01, 4.881485133822284217e-01, -7.785846407934201574e-01, 1.377804729015068008e-01, 9.407401565204601690e-01, 0.000000000000000000e+00
0.000000000000000000e+00, 0.000000000000000000e+00, 1.081492859636584702e+00, 3.111390115177753435e-01, 1.474248159310286743e+00, -4.534904675205085889e-01, 1.282238200840157827e-01, 5.926244966058180630e-01
3.512515447408659508e-02, -5.452479504321470216e-01, 5.101227968357383569e-01, -8.123876885454494046e-01, 1.432662803308795141e-01, 9.817471752817600317e-01, 0.000000000000000000e+00, 0.000000000000000000e+00
0.000000000000000000e+00, 3.469381049757127022e-01, -1.472940957031086129e-01, 2.105265777058758919e-02, 2.744278537471878110e-01, 3.763339738500916520e-01, 1.393216942249500268e-01, 1.795071162015446711e-02
-1.437871989738480002e-02, -3.571991709965371270e-03, 3.967546153112150309e-02, 4.448350057074824948e-02, 1.497176290838159521e-02, 0.000000000000000000e+00, 0.000000000000000000e+00, 0.000000000000000000e+00
3.641635073138282386e-01, -1.541264167904544402e-01, 2.257005840395830479e-02, 2.880168554255789215e-01, 3.950748131284435583e-01, 1.465160704130181735e-01, 3.548124986542376680e-02, -2.844849325719790017e-02
-7.032756557331073903e-03, 7.836271978590730880e-02, 8.788703223292144984e-02, 2.965910032596888110e-02, 0.000000000000000000e+00, 0.000000000000000000e+00, 0.000000000000000000e+00, 3.789798325255006040e-01
-1.599005590338615501e-01, 2.397296500061581181e-02, 2.996980493188354799e-01, 4.112064668499910702e-01, 1.527642048333468783e-01, 5.292346131544518884e-02, -4.245981920891186284e-02, -1.046364227034865188e-02
1.168579076991306115e-01, 1.308601516151306210e-01, 4.420616580299274734e-02, 0.000000000000000000e+00, 0.000000000000000000e+00, 0.000000000000000000e+00, 3.938430236709770105e-01, -1.656017403354794193e-01
2.546651672316523063e-02, 3.114092086877044419e-01, 4.274000130267194275e-01, 1.590846084150518147e-01, 7.224978731297246326e-02, -5.798230734909024658e-02, -1.426747999911274177e-02, 1.594568985639580605e-01
1.781768070220031142e-01, 6.028540534749313867e-02, 0.000000000000000000e+00, 0.000000000000000000e+00, 0.000000000000000000e+00, 4.062627763439250472e-01, -1.703006981961870669e-01, 2.677607674763437043e-02
3.211903182176528149e-01, 4.409393291093697820e-01, 1.644029812035564808e-01, 8.951133545034117844e-02, -7.184158731196610415e-02, -1.766974808109294040e-02, 1.974298750010135828e-01, 2.202018060770035979e-01
7.462889548732805356e-02, 0.000000000000000000e+00, 0.000000000000000000e+00, 0.000000000000000000e+00, 6.088882366026835413e-01, -2.395800196541628957e-01, 5.525071521889048792e-02, 4.804388698338782349e-01
6.628817153529650286e-01, 2.553134880726570244e-01, 4.422698010652453271e-01, -3.557563109916610511e-01, -8.651349039593517198e-02, 9.640352867412057547e-01, 1.058165384629430328e+00, 3.748000546089743645e-01
0.000000000000000000e+00, 0.000000000000000000e+00, 0.000000000000000000e+00, -2.298892794136126461e-01, -4.477078487778633487e-01, 8.308757374372650883e-02, 1.717870825482546368e-02, -5.926127275820823881e-01
7.081390758058186963e-01, -1.092409787202132908e-02, -1.937798226353528719e-01, 2.047039193322228445e-01, -2.657510275198743735e-02, -1.027254406022214406e+00, 1.232676078148378762e+00, 0.000000000000000000e+00
0.000000000000000000e+00, 0.000000000000000000e+00, -2.324835085027530113e-01, -4.548410680747341783e-01, 8.524737349019925747e-02, 1.647511612908048387e-02, -6.022161808965939001e-01, 7.194823831292384009e-01
-1.148668467038573698e-02, -2.021744203363648185e-01, 2.136611055253532232e-01, -2.859480061278276211e-02, -1.073875003946101359e+00, 1.288375268034974708e+00, 0.000000000000000000e+00, 0.000000000000000000e+00
0.000000000000000000e+00, 5.648549509421838671e-02, 4.464508750106769841e-01, 2.923120411996444346e-01, 5.548883129108326262e-01, -7.630513089983143038e-01, -1.522179084681926919e-01, -1.510392339626596692e-01
1.637045728785889442e-01, -1.266533932796164511e-02, 9.460924959571300752e-01, -1.396426908221630292e+00, -2.347921232624782251e-01, 0.000000000000000000e+00, 0.000000000000000000e+00, 0.000000000000000000e+00
2.246326939997196903e-01, -7.093471520815323172e-01, 2.157072380302604286e-01, 3.070268668668444414e-09, 1.547536561914976050e-09, -2.402292012367867556e-11, 2.158354239937863329e-03, -4.132653733191724368e-03
1.974299483232347906e-03, 1.202055886778922859e-05, 5.744265422324783108e-05, 2.400677166837045197e-04, 0.000000000000000000e+00, 0.000000000000000000e+00, 0.000000000000000000e+00, 2.394972336791658385e-01
-7.550454306021936457e-01, 2.299706993412118372e-01, 7.075577636962871050e-09, -5.716707288804408368e-09, -5.807909256316811690e-11, 2.187990988386955341e-02, -4.191784307530650733e-02, 2.003793318438355092e-02
1.041785883667014875e-04, 5.946177040859754789e-04, 2.416301843859911674e-03, 0.000000000000000000e+00, 0.000000000000000000e+00, 0.000000000000000000e+00, 2.525466291219667925e-01, -7.947761135517943387e-01
2.424881419165363372e-01, 1.422496814648227442e-08, 7.262426191769601856e-09, -1.738146809545381532e-10, 4.324024531678997280e-02, -8.278737289957069367e-02, 3.954712770069759853e-02, 2.452536256997262074e-04
1.252248842718412056e-03, 4.751685894709519430e-03, 0.000000000000000000e+00, 0.000000000000000000e+00, 0.000000000000000000e+00, 2.637677977972736065e-01, -8.286185017331243463e-01, 2.532481119742055475e-01
2.425975144524047674e-08, -1.610237705599537227e-09, -4.178656022884191724e-10, 6.470640015768820696e-02, -1.237701069441333040e-01, 5.906370663353948530e-02, 4.564574681446554845e-04, 1.955044734025835739e-03
7.074511477905992898e-03, 0.000000000000000000e+00, 0.000000000000000000e+00, 0.000000000000000000e+00, 2.731428059546321951e-01, -8.566792168969307175e-01, 2.622352852645638555e-01, 3.587931100141358193e-08
-4.819808337466795537e-09, -7.608193203545100016e-10, 8.438048583717534801e-02, -1.612713808115668057e-01, 7.689089522166299429e-02, 6.872962597685672260e-04, 2.600675817207223108e-03, 9.192136198146898252e-03
0.000000000000000000e+00, 0.000000000000000000e+00, 0.000000000000000000e+00, 2.825375867724036483e-01, -8.846236428976355093e-01, 2.712394816071111436e-01, 5.071764209293749685e-08, -1.488470240286186794e-08
-1.241102358863631013e-09, 1.052500910866493722e-01, -2.010157129642763107e-01, 9.576562214499767522e-02, 9.458494208708834085e-04, 3.276322858835742455e-03, 1.142400086160318476e-02, 0.000000000000000000e+00
0.000000000000000000e+00, 0.000000000000000000e+00, 4.333031241552288138e-01, -1.312742407016777246e+00, 4.155260138026520278e-01, 9.193818241142094395e-07, -1.524891480366400685e-07, -4.119500279742245246e-08
5.061665608133643079e-01, -9.636083972540284703e-01, 4.574418364473450405e-01, 6.286089894159779985e-03, 1.416159761986791193e-02, 5.404748355642154112e-02, 0.000000000000000000e+00, 0.000000000000000000e+00
0.000000000000000000e+00, 8.433892570046776227e-02, 1.427121275426295466e-01, 4.909801322004615498e-01, 2.778264395656841468e-01, -3.788268001900818027e-01, -2.345467829898231216e-01, -1.110125342308760157e-02
-3.479793376761275078e-03, 1.458104677786129649e-02, 3.001210158063387715e-02, -4.669830509685873182e-02, -2.988208622348210997e-02, 0.000000000000000000e+00, 0.000000000000000000e+00, 0.000000000000000000e+00
8.862834079994862113e-02, 1.498990780371502740e-01, 5.156451687748490054e-01, 2.918119452580236195e-01, -3.974247999482145577e-01, -2.462919008959290890e-01, -2.181013759251701836e-02, -6.782448380119483582e-03
2.859258586304700561e-02, 5.882162471691012445e-02, -9.175492878399010843e-02, -5.872498656008766360e-02, 0.000000000000000000e+00, 0.000000000000000000e+00, 0.000000000000000000e+00, 9.242180188357275450e-02
1.562368549396076778e-01, 5.373884401263124833e-01, 3.041477210428584765e-01, -4.137244774997010932e-01, -2.566349988226790946e-01, -3.281376861525603372e-02, -1.004676504338390501e-02, 4.286053364445185920e-02
8.797474518064193894e-02, -1.377673136535257636e-01, -8.824486181032294152e-02, 0.000000000000000000e+00, 0.000000000000000000e+00, 0.000000000000000000e+00, 9.570259238414435821e-02, 1.617054228881662781e-01
5.561420992340906366e-01, 3.147926979311114204e-01, -4.277150795996403909e-01, -2.655490885772508469e-01, -4.328181714479092945e-02, -1.307094667712351520e-02, 5.635276395142692352e-02, 1.154436076502544511e-01
-1.813562886101086069e-01, -1.162703816909207433e-01, 0.000000000000000000e+00, 0.000000000000000000e+00, 0.000000000000000000e+00, 9.900852341086535668e-02, 1.672055325208733345e-01, 5.749960402316155461e-01
3.254992870596943866e-01, -4.417224245369176794e-01, -2.745053856937315073e-01, -5.450352394047359300e-02, -1.625939246730994867e-02, 7.076291623466170189e-02, 1.447261148887482585e-01, -2.279639495733618293e-01
-1.462792185604723516e-01, 0.000000000000000000e+00, 0.000000000000000000e+00, 0.000000000000000000e+00, 1.023381150790547700e-01, 1.727355375754801026e-01, 5.939440983921686623e-01, 3.362639507161152563e-01
-4.557457417206933759e-01, -2.835016309398859513e-01, -6.631449564987364209e-02, -1.958560699660173710e-02, 8.590010263968642090e-02, 1.754537903657679421e-01, -2.769552122208432388e-01, -1.778634537342757838e-01
0.000000000000000000e+00, 0.000000000000000000e+00, 0.000000000000000000e+00, 1.520311277566750718e-01, 2.543135588908381206e-01, 8.722897760764721786e-01, 4.950078003591090736e-01, -6.561694488157788774e-01
-4.152231716025993058e-01, -2.691049107979326949e-01, -7.836216424282820003e-02, 3.474670745425667562e-01, 7.091977569338878684e-01, -1.130567768213572633e+00, -7.294685789683528210e-01, 0.000000000000000000e+00
0.000000000000000000e+00, 0.000000000000000000e+00, 1.545009414520394642e-01, 2.583209289862274938e-01, 8.858946974610769631e-01, 5.028025018382603628e-01, -6.656951425091802710e-01, -4.216421932983741572e-01
-2.800499053662400262e-01, -8.168742141180801442e-02, 3.617373272481504420e-01, 7.384911493390630133e-01, -1.177493678147844891e+00, -7.598857176313881245e-01, 0.000000000000000000e+00, 0.000000000000000000e+00
0.000000000000000000e+00, 3.387834762773626884e-02, 5.345540318831399906e-01, -4.221387690409311166e-01, -3.201149587006716368e-01, -2.270317534452452324e-01, -6.982546370496205412e-01, -4.604766390908818924e-02
4.262830513567004709e-01, -3.802353875369918201e-01, -6.363000462697382398e-01, -4.852653754928400454e-01, -1.223248716273150904e+00, 0.000000000000000000e+00, 0.000000000000000000e+00, 0.000000000000000000e+00
2.792683201075730759e-01, -7.257763589478227750e-01, -5.050040098139388922e-01, -1.851444440850978286e-09, 1.454484376131222381e-08, 8.984501594923147182e-10, 4.483734659034139397e-03, -3.480653091825753817e-03
-1.003081566131786484e-03, 2.457920601629639602e-04, -5.379271970420143660e-05, 1.878149948901185727e-04, 0.000000000000000000e+00, 0.000000000000000000e+00, 0.000000000000000000e+00, 2.975517436687737938e-01
-7.718279183416894007e-01, -5.373519071151332538e-01, -4.275550358670975669e-09, 6.451854981925226389e-11, 2.036072528870313111e-09, 4.203144893700925394e-02, -3.247057665303524493e-02, -9.560872245899973768e-03
2.242555017619825113e-03, -5.013865869832065478e-04, 1.771828417612782711e-03, 0.000000000000000000e+00, 0.000000000000000000e+00, 0.000000000000000000e+00, 3.126039747580028338e-01, -8.093142904971448726e-01
-5.637846440492320088e-01, -8.053074169740924087e-09, 2.735041364709351272e-08, 3.818044687614470863e-09, 8.016760161649683081e-02, -6.198234633293261270e-02, -1.818525531184788172e-02, 4.287211253639341274e-03
-9.637867472870842141e-04, 3.444391979827566945e-03, 0.000000000000000000e+00, 0.000000000000000000e+00, 0.000000000000000000e+00, 3.260568795860232516e-01, -8.424836026067406003e-01, -5.872550196338901518e-01
-1.349532826661953154e-08, 5.058436345743293488e-08, 6.407193255163396504e-09, 1.191505561825498827e-01, -9.233330349109665491e-02, -2.681725292443468828e-02, 6.457950798941396175e-03, -1.447759212211915426e-03
5.222915931787658166e-03, 0.000000000000000000e+00, 0.000000000000000000e+00, 0.000000000000000000e+00, 3.378815960231980053e-01, -8.713970115616739287e-01, -6.077728413888874304e-01, -2.020232955547828767e-08
7.072687441796030956e-08, 9.629844898664297927e-09, 1.563681955726156925e-01, -1.214391417220607033e-01, -3.492905370294280276e-02, 8.595928473331007277e-03, -1.906969774460096209e-03, 6.962109703405838963e-03
0.000000000000000000e+00, 0.000000000000000000e+00, 0.000000000000000000e+00, 5.383038670171729212e-01, -1.334410440680788179e+00, -9.425062936165334859e-01, -6.584728715304587025e-07, 2.011466637747542709e-06
3.450368290771683639e-07, 9.413839642676095076e-01, -7.369293288572058565e-01, -2.044546361580768246e-01, 5.724950223521230869e-02, -1.139426278266839759e-02, 4.518475875716285867e-02, 0.000000000000000000e+00
0.000000000000000000e+00, 0.000000000000000000e+00, 1.716775934114789903e+00, 1.091900179304463148e+00, 5.386895827593635167e-01, -3.250514306583287121e-08, 5.587488100320034939e-08, 2.263349863761642716e-08
1.019186564642775572e-01, -1.086250474273621654e-03, -1.008324060426256247e-01, 3.052959542472758175e-03, -1.629519254169149549e-03, -7.664645211124951167e-03, 0.000000000000000000e+00, 0.000000000000000000e+00
0.000000000000000000e+00, 1.775173829890682509e+00, 1.127929013913238743e+00, 5.559348453250329003e-01, -4.773867105374969910e-08, -1.720010083278660146e-08, 3.224373213143389200e-08, 1.363291762766612736e-01
-1.466628414668227258e-03, -1.348625478597824112e-01, 4.040037006619119977e-03, -2.129032026933372519e-03, -1.030934159135673753e-02, 0.000000000000000000e+00, 0.000000000000000000e+00, 0.000000000000000000e+00
1.827936324801193724e+00, 1.160353655056708844e+00, 5.713935280554154339e-01, -6.534101289640695412e-08, 7.572115504920950403e-08, 4.299959026099067318e-08, 1.694028013126131216e-01, -1.833901978722390219e-03
-1.675688997516842915e-01, 4.956050456312956209e-03, -2.591930395531786679e-03, -1.286605909745524613e-02, 0.000000000000000000e+00, 0.000000000000000000e+00, 0.000000000000000000e+00, 1.880881099472180518e+00
1.192777525609339140e+00, 5.867973237018881960e-01, -8.707523044472545505e-08, -2.165933198296265311e-07, 5.581076161578821045e-08, 2.040763652122091210e-01, -2.220372010141163054e-03, -2.018559933872554613e-01
5.882915583892409962e-03, -3.060679871340551104e-03, -1.555587649158457139e-02, 0.000000000000000000e+00, 0.000000000000000000e+00, 0.000000000000000000e+00, 1.928090156361182972e+00, 1.221597623018940482e+00
6.004453631466670771e-01, -1.103233603436069191e-07, -5.900085145850201365e-08, 6.924488396872357154e-08, 2.360269182444227343e-01, -2.577468521203005528e-03, -2.334494494708221346e-01, 6.712037674946834225e-03
-3.485406925651615608e-03, -1.804280615441032284e-02, 0.000000000000000000e+00, 0.000000000000000000e+00, 0.000000000000000000e+00, 1.975435677882547703e+00, 1.250417019891414627e+00, 6.140526663575041066e-01
-1.377218468291528671e-07, -3.492361854692041874e-08, 8.472187021415878192e-08, 2.689166158085218861e-01, -2.947332960389669691e-03, -2.659692831658696521e-01, 7.544114767532304408e-03, -3.917150053955272861e-03
-2.060723037486978867e-02, 0.000000000000000000e+00, 0.000000000000000000e+00, 0.000000000000000000e+00, 2.641404099925016791e+00, 1.646527752296582658e+00, 7.968008760103012511e-01, -1.201166338943632508e-06
8.736429714486075059e-07, 6.299188163924293702e-07, 8.034594752168282561e-01, -1.041383447264839467e-02, -7.930456407896778748e-01, 1.983916751627558608e-02, -1.033984971010151917e-02, -6.245639598069575860e-02
0.000000000000000000e+00, 0.000000000000000000e+00, 0.000000000000000000e+00, 2.678648016180776636e+00, 1.668121949347395772e+00, 8.065076585510624341e-01, -1.317303034526278158e-06, 9.444788772187496999e-07
6.865864587120324374e-07, 8.372623003388397489e-01, -1.099290378676964948e-02, -8.262693964255694024e-01, 2.056954671342037591e-02, -1.071912808059515172e-02, -6.515254926132608981e-02, 0.000000000000000000e+00
0.000000000000000000e+00, 0.000000000000000000e+00, -3.329928626547542514e-01, 9.647189948968782902e-01, 1.136256929226695078e+00, 3.901432769415329460e-01, 1.245002550922497675e-01, 3.528074852415513663e-01
-8.018245826611755112e-01, 2.867535822818620961e-01, 5.150709992653009772e-01, 7.439387710531448761e-01, 2.926167473857204659e-01, 5.900648353596488205e-01, 0.000000000000000000e+00, 0.000000000000000000e+00
0.000000000000000000e+00, -2.886720502871434890e-01, 8.053266996297039557e-03, 1.146373753661386191e-01, -3.962832396727207218e-01, 2.773337167773262668e-01, 2.361065989570622636e-01, -2.923673913973328167e-02
4.058412673433487751e-03, 2.517832652827027562e-02, -9.668886704831809731e-02, 6.217180532565744905e-02, 5.008261655980853627e-02, 0.000000000000000000e+00, 0.000000000000000000e+00, 0.000000000000000000e+00
-3.002370776112958106e-01, 8.949489318571072008e-03, 1.196443856717819554e-01, -4.125029859380032193e-01, 2.883232528515518034e-01, 2.454293470447378722e-01, -4.382608864524417669e-02, 6.000766055860105863e-03
3.782532238379298500e-02, -1.448591742835887430e-01, 9.318615018306912468e-02, 7.495402744536171225e-02, 0.000000000000000000e+00, 0.000000000000000000e+00, 0.000000000000000000e+00, -4.792726506515098683e-01
3.521835693627126118e-02, 2.057184017286935729e-01, -6.711516962460087887e-01, 4.561772375641411914e-01, 3.868619610381160423e-01, -3.731649072009208257e-01, 4.405858812880860537e-02, 3.291063190787631432e-01
-1.220541802662635344e+00, 7.812588428653857164e-01, 6.167936023542954782e-01, 0.000000000000000000e+00, 0.000000000000000000e+00, 0.000000000000000000e+00, 1.792996405102809387e-01, -6.524532394638475896e-01
3.160322633506889578e-01, 1.417787318744586078e-01, -2.589563128767550029e-03, -2.124410537287892142e-01, 1.486258472555006260e-02, -4.173466630629824037e-02, 2.687208156391122926e-02, 2.078407267974819936e-02
-1.880671618228856338e-03, -2.724377980361335563e-02, 0.000000000000000000e+00, 0.000000000000000000e+00, 0.000000000000000000e+00, 1.878997144976224387e-01, -6.823359115878603331e-01, 3.310443186356777923e-01
1.485237660357656142e-01, -2.801198404990122570e-03, -2.221948948510645838e-01, 2.638129968450269799e-02, -7.426074806687066321e-02, 4.787944841025208731e-02, 3.703253358588215471e-02, -3.425750870559051038e-03
-4.849946449725738712e-02, 0.000000000000000000e+00, 0.000000000000000000e+00, 0.000000000000000000e+00, 1.965466369053399109e-01, -7.120478628139945698e-01, 3.461054815732775292e-01, 1.552944748827814747e-01
-3.034657328253602317e-03, -2.318992430253090931e-01, 3.955274600288270770e-02, -1.116691495452761668e-01, 7.211640336420249708e-02, 5.579255220079343269e-02, -5.331446908524429401e-03, -7.293761212743116173e-02
0.000000000000000000e+00, 0.000000000000000000e+00, 0.000000000000000000e+00, 2.037866355738116031e-01, -7.366830214799103826e-01, 3.586925575390375043e-01, 1.609556380010127574e-01, -3.245155599881185959e-03
-2.399500083378498516e-01, 5.156002361165367559e-02, -1.459005056369955811e-01, 9.434048238515589657e-02, 7.297748179815215230e-02, -7.168430512860176143e-03, -9.528588561463154083e-02, 0.000000000000000000e+00
0.000000000000000000e+00, 0.000000000000000000e+00, 3.277675562235871087e-01, -1.131996752795557448e+00, 5.716649161384605993e-01, 2.570809082175173343e-01, -8.538418510735746106e-03, -3.696743877048647708e-01
3.040055610741748682e-01, -8.753537876713693988e-01, 5.713482270928110784e-01, 4.369559691799942969e-01, -5.418436303430792383e-02, -5.764187122129039720e-01, 0.000000000000000000e+00, 0.000000000000000000e+00
0.000000000000000000e+00, -4.494076320631005816e-01, -2.722403039737670838e-01, -9.786245342761573304e-03, -5.223995375933748742e-01, -9.311035982581623849e-02, -2.545173538978306310e-02, -1.825947473943237073e-02
-6.983079346860418535e-03, 2.524255415562230709e-02, -1.321854733478809996e-01, -2.851701745969640808e-02, -1.146290388567106945e-02, 0.000000000000000000e+00, 0.000000000000000000e+00, 0.000000000000000000e+00
-4.671490150221943027e-01, -2.820739537882492876e-01, -1.014146801731600177e-02, -5.433244414729400118e-01, -9.670564771289301420e-02, -2.628818547627508051e-02, -2.667675271868288900e-02, -1.034657088517961995e-02
3.702332360323847688e-02, -1.941980236075356858e-01, -4.196183467075904894e-02, -1.687142926819103911e-02, 0.000000000000000000e+00, 0.000000000000000000e+00, 0.000000000000000000e+00, -4.848719038011322091e-01
-2.917320840255323011e-01, -1.049072080204027820e-02, -5.642775069450153280e-01, -1.002829230390887977e-01, -2.709325587782929201e-02, -3.579168553728847429e-02, -1.413159797142156740e-02, 4.992328383072368314e-02
-2.623286985514864389e-01, -5.675085313375912571e-02, -2.283362861568168783e-02, 0.000000000000000000e+00, 0.000000000000000000e+00, 0.000000000000000000e+00, -7.370943768809536945e-01, -4.135767342195921237e-01
-1.495977989105623865e-02, -8.673013913016959231e-01, -1.501273830868777581e-01, -3.561692972392311446e-02, -2.010312148840061319e-01, -9.492590355830253512e-02, 2.959571181056754319e-01, -1.534224654988179726e+00
-3.297063114049783583e-01, -1.281945535191127972e-01, 0.000000000000000000e+00, 0.000000000000000000e+00, 0.000000000000000000e+00, 7.385396024876246523e-02, -1.246994002840610127e-01, 3.212854161326589852e-01
-6.586543941130889035e-01, 2.160995563348742377e-01, -6.290983123977382796e-01, -5.138483774969462847e-02, -1.808599348437560095e-01, 2.322447730220167927e-01, -1.122587814993364574e+00, 2.560556588162001823e-01
-1.148457507918319465e+00, 0.000000000000000000e+00, 0.000000000000000000e+00, 0.000000000000000000e+00, -3.114736230765428604e-01, -1.251719178303300151e+00, -3.564822227955573575e-01, 4.591916965282868911e-09
-9.211613709443893900e-09, 7.256419435696791633e-11, 7.648997273360756818e-04, -1.340946635110403266e-03, 5.760469092600678260e-04, 7.227920237493961139e-06, 1.723955135183831899e-05, 7.733070790986734265e-05
0.000000000000000000e+00, 0.000000000000000000e+00, 0.000000000000000000e+00, -3.323374050917670131e-01, -1.333352349403990500e+00, -3.803075255156694867e-01, 1.061644460150499062e-08, -6.826244413431927894e-09
1.870731687819420014e-10, 2.183950906043672160e-02, -3.836877549193069836e-02, 1.652926651207704822e-02, 2.009040043449244713e-04, 4.989109005623537261e-04, 2.187663380915462214e-03, 0.000000000000000000e+00
0.000000000000000000e+00, 0.000000000000000000e+00, -3.502826793817083173e-01, -1.402899573772804276e+00, -4.007793219814152486e-01, 2.076620102688427320e-08, 2.528400187198682271e-08, 4.552619452807526140e-10
4.409986303740676822e-02, -7.736949816706686911e-02, 3.326963510226083054e-02, 4.575208045763442936e-04, 1.054899129798718849e-03, 4.380654449464758265e-03, 0.000000000000000000e+00, 0.000000000000000000e+00
0.000000000000000000e+00, -3.652860830331772779e-01, -1.460520573874723782e+00, -4.178788377977878388e-01, 3.443189600069640681e-08, 1.000855368415308112e-08, 8.925353954912627327e-10, 6.575281562019673343e-02
-1.151433660130878750e-01, 4.939055049810558290e-02, 7.626945293077529685e-04, 1.620700690212064027e-03, 6.495660736536314032e-03, 0.000000000000000000e+00, 0.000000000000000000e+00, 0.000000000000000000e+00
-3.788252940352585529e-01, -1.512133767574486365e+00, -4.332978350999190376e-01, 5.146748317078799298e-08, 2.134019188715410790e-08, 1.488892594807985421e-09, 8.717427316589843045e-02, -1.524100147758150059e-01
6.523574134061559116e-02, 1.087535560095259602e-03, 2.181023017931558831e-03, 8.581513651465260892e-03, 0.000000000000000000e+00, 0.000000000000000000e+00, 0.000000000000000000e+00, -3.923952936440766592e-01
-1.563538061102942800e+00, -4.487419816849137488e-01, 7.335360637904746532e-08, 2.347457539057072178e-07, 2.313658540159021090e-09, 1.099299940661060265e-01, -1.919179643010284486e-01, 8.198797052033668376e-02
1.447630087617489967e-03, 2.759122112356331841e-03, 1.079440525159251416e-02, 0.000000000000000000e+00, 0.000000000000000000e+00, 0.000000000000000000e+00, -4.044812403759532882e-01, -1.609069611787350196e+00
-4.624895324285996923e-01, 9.690748504218178539e-08, 1.909567385741162150e-07, 3.237285559596954764e-09, 1.309839093384090325e-01, -2.284205920226270448e-01, 9.743668268565768009e-02, 1.792562842858184003e-03
3.277185936614091574e-03, 1.283678642611464464e-02, 0.000000000000000000e+00, 0.000000000000000000e+00, 0.000000000000000000e+00, -4.165884133827816305e-01, -1.654457832575549459e+00, -4.762545265467508782e-01
1.246363642503360633e-07, 1.707469891077606433e-07, 4.362096760751800990e-09, 1.526419763937007512e-01, -2.659403189846448190e-01, 1.132983430247243573e-01, 2.152346427297440780e-03, 3.793555488256050712e-03
1.493449077075938679e-02, 0.000000000000000000e+00, 0.000000000000000000e+00, 0.000000000000000000e+00, -4.287161121274344899e-01, -1.699707907442281174e+00, -4.900366487976600682e-01, 1.567531123527073880e-07
1.872600947144771556e-07, 5.695041524840176590e-09, 1.747935371247476832e-01, -3.042979662110169015e-01, 1.295044294357453607e-01, 2.519261402253659705e-03, 4.309664692099537779e-03, 1.707453750012225685e-02
0.000000000000000000e+00, 0.000000000000000000e+00, 0.000000000000000000e+00, -6.161743831544039818e-01, -2.373101182387639785e+00, -7.023014999255511315e-01, 1.385044908444551832e-06, 4.371122694010021789e-07
6.611675476613798219e-08, 5.504801513569516080e-01, -9.538787398883451507e-01, 4.033985889659842949e-01, 8.868988827921364670e-03, 1.198873266962959504e-02, 5.297219511508596823e-02, 0.000000000000000000e+00
0.000000000000000000e+00, 0.000000000000000000e+00, -6.270791542362483817e-01, -2.410769063712731253e+00, -7.146040527371324558e-01, 1.509725065618512456e-06, 4.428117296769317424e-07, 7.271680515897383945e-08
5.737624493253069557e-01, -9.940868550819135230e-01, 4.203244054782033778e-01, 9.259295674192717998e-03, 1.242315794533347881e-02, 5.521711507547757275e-02, 0.000000000000000000e+00, 0.000000000000000000e+00
0.000000000000000000e+00, -6.349035409761612236e-02, -3.578119823702511915e-01, 7.395507402634773353e-01, 5.986016231883388027e-09, 3.359281139151225131e-09, -3.584473685774611119e-10, -8.281987617468540910e-03
-3.565577503149838096e-02, 4.393776263504683283e-02, -1.284583442687733858e-03, 6.408982957449103207e-04, 4.234517655560114148e-03, 0.000000000000000000e+00, 0.000000000000000000e+00, 0.000000000000000000e+00
-6.636378663712610981e-02, -3.737727050327821487e-01, 7.739414388542019685e-01, 1.106121126265846164e-08, 3.747891768564803541e-08, -6.470426778497282991e-10, -1.489240564506558694e-02, -6.422979424005097193e-02
7.912219968576134077e-02, -2.291326892732562567e-03, 1.234963058663269718e-03, 7.634103112114179641e-03, 0.000000000000000000e+00, 0.000000000000000000e+00, 0.000000000000000000e+00, 3.675648602539767773e-01
-3.592305700526635115e-01, 2.041861518974064926e-01, -3.682939442690239540e-01, 8.109549681514600580e-03, -2.105286223986156391e-01, 1.803569621627742342e-02, -2.643622555854061376e-02, 8.400529338373742549e-03
-4.810278173123352929e-02, 3.040539870452021749e-03, -2.769340146423734592e-02, 0.000000000000000000e+00, 0.000000000000000000e+00, 0.000000000000000000e+00, 3.851541566027734120e-01, -3.754116816953854685e-01
2.138230733731660282e-01, -3.856943758083498097e-01, 8.757944407294422293e-03, -2.202881728984769916e-01, 3.353228098478280850e-02, -4.916671795999687233e-02, 1.563443686982253847e-02, -8.934574489421967525e-02
5.849211830516826312e-03, -5.168958175924741327e-02, 0.000000000000000000e+00, 0.000000000000000000e+00, 0.000000000000000000e+00, 4.028251706074482685e-01, -3.914225978430744268e-01, 2.234705379326886177e-01
-4.031216379196442268e-01, 9.476127407890140922e-03, -2.300165494961816381e-01, 5.141280930667818660e-02, -7.536019009410981073e-02, 2.394738094996647082e-02, -1.368138406471254009e-01, 9.482849424308071110e-03
-7.965884207836824993e-02, 0.000000000000000000e+00, 0.000000000000000000e+00, 0.000000000000000000e+00, 4.180336214760243529e-01, -4.050158202576564781e-01, 2.317478744655672718e-01, -4.180796817921323405e-01
1.014433255741235308e-02, -2.383316449802118653e-01, 6.828466531726949673e-02, -1.000637545232759690e-01, 3.177908918746591427e-02, -1.815753342803257120e-01, 1.319405491009842911e-02, -1.062410027188176453e-01
0.000000000000000000e+00, 0.000000000000000000e+00, 0.000000000000000000e+00, 6.706255228098311205e-01, -6.106271799133264899e-01, 3.664540185315070531e-01, -6.622426853856085982e-01, 2.669026094956251580e-02
-3.704158362002055727e-01, 4.209039117566606425e-01, -6.210630957146634490e-01, 2.001591847169754690e-01, -1.119234297983084048e+00, 1.126476906011706497e-01, -6.801168735587923564e-01, 0.000000000000000000e+00
0.000000000000000000e+00, 0.000000000000000000e+00, 1.433964892674816083e+00, 3.674355411003109029e-01, 6.417374032451866883e-01, 2.097804428428602115e-09, 6.582709430611143838e-09, 8.801210588831911778e-09
3.556974484135415338e-02, -2.890365158596296113e-02, -6.666093278853755730e-03, 1.845341536696173956e-03, -4.513489114013215621e-04, 1.671953118922243475e-03, 0.000000000000000000e+00, 0.000000000000000000e+00
0.000000000000000000e+00, 1.499154215683258906e+00, 3.834666327172607803e-01, 6.701397003121752904e-01, 3.793806799226828870e-09, -2.242701258092122505e-08, 1.576586901362106895e-08, 6.958558307271316135e-02
-5.654188567875684940e-02, -1.304369732034406544e-02, 3.586481168331350465e-03, -8.809052387992228781e-04, 3.314436378047836990e-03, 0.000000000000000000e+00, 0.000000000000000000e+00, 0.000000000000000000e+00
1.559244469050841353e+00, 3.980906955143957426e-01, 6.961521149700036215e-01, 6.298395732474496211e-09, -1.063629234116085895e-07, 2.617932247424643731e-08, 1.059141485909788211e-01, -8.620344024498714786e-02
-1.971070841117207595e-02, 5.517607113908805025e-03, -1.343620489820769896e-03, 5.133534096088798737e-03, 0.000000000000000000e+00, 0.000000000000000000e+00, 0.000000000000000000e+00, 1.614139679191147980e+00
4.113283603101094976e-01, 7.197818627510810252e-01, 9.631769816455194152e-09, -3.237922588383231736e-08, 4.022512399109725130e-08, 1.425143687640681445e-01, -1.162288881212823061e-01, -2.628548083094662743e-02
7.524040063103318646e-03, -1.822690376543142877e-03, 7.011682683214266396e-03, 0.000000000000000000e+00, 0.000000000000000000e+00, 0.000000000000000000e+00, 1.663750317459333550e+00, 4.231990319828229929e-01
7.410345479524242940e-01, 1.367773510494022046e-08, -1.385458619626161257e-07, 5.734739718244240145e-08, 1.777829127775124862e-01, -1.452560108284404461e-01, -3.252690209899484347e-02, 9.500651090774260218e-03
-2.291371210904742401e-03, 8.850578159683507307e-03, 0.000000000000000000e+00, 0.000000000000000000e+00, 0.000000000000000000e+00, 1.713544356347398434e+00, 4.350313142209705775e-01, 7.622742732169159874e-01
1.887777316348220855e-08, -6.672563089900565334e-07, 7.920081349036330026e-08, 2.148370591540531838e-01, -1.758199229972598199e-01, -3.901713608778518277e-02, 1.161349258279921297e-02, -2.789674809395724722e-03
1.079938662887804969e-02, 0.000000000000000000e+00, 0.000000000000000000e+00, 0.000000000000000000e+00, 2.465236385775794403e+00, 6.042775113931362352e-01, 1.072212774259950541e+00, 3.209187532515484770e-07
-3.069207443953111735e-06, 1.447988200315141698e-06, 8.949176810113044223e-01, -7.381303876897469252e-01, -1.567872931626248523e-01, 5.268292292027078327e-02, -1.159678923448347575e-02, 4.799541971740183682e-02
0.000000000000000000e+00, 0.000000000000000000e+00, 0.000000000000000000e+00, 2.500497501746962392e+00, 6.117572163530792251e-01, 1.086218332827553867e+00, 3.504143061411857035e-07, -3.311026690342154916e-06
1.586923672319477856e-06, 9.317962688799384940e-01, -7.685489286229959527e-01, -1.632473415016462148e-01, 5.496678777158290480e-02, -1.206023151577818517e-02, 5.001668060546021061e-02, 0.000000000000000000e+00
0.000000000000000000e+00, 0.000000000000000000e+00, -3.116370934151556638e-01, 4.882275116668799431e-01, 9.243409631015366001e-02, 2.944803787423539432e-01, -2.123954794103132329e-02, 2.632317818144599419e-01
-2.637546766026272263e-02, 2.437953725812808808e-02, 1.995930411258980790e-03, 3.526352878921500122e-02, -3.110740005467955375e-03, 3.419318365473585780e-02, 0.000000000000000000e+00, 0.000000000000000000e+00
0.000000000000000000e+00, -3.258069279390678474e-01, 5.117757519532172283e-01, 9.678317965943669665e-02, 3.083101024910507304e-01, -2.194785884108099022e-02, 2.757552665225058153e-01, -5.063773088087972218e-02
4.682734241656807267e-02, 3.810388394462767194e-03, 6.768236628194522486e-02, -5.904561493675736586e-03, 6.557802634951119536e-02, 0.000000000000000000e+00, 0.000000000000000000e+00, 0.000000000000000000e+00
-3.378580229488704623e-01, 5.320809606901344413e-01, 1.005124277586464665e-01, 3.201636810578625814e-01, -2.249731419084275222e-02, 2.865214013068936860e-01, -7.450156821977155230e-02, 6.886912283068648277e-02
5.632445411285868023e-03, 9.947585414738427390e-02, -8.644403037759901265e-03, 9.639844365886783562e-02, 0.000000000000000000e+00, 0.000000000000000000e+00, 0.000000000000000000e+00, -5.262980617326383781e-01
8.807830181519282764e-01, 1.621717179134036513e-01, 5.158942797772518851e-01, -2.537410274102734273e-02, 4.679466465951299670e-01, -6.395280245997719826e-01, 5.872775067066515753e-01, 5.225051631027052140e-02
8.443884421513225824e-01, -6.206272119916927260e-02, 8.106619279487624619e-01, 0.000000000000000000e+00, 0.000000000000000000e+00, 0.000000000000000000e+00, 7.995643548693531777e-01, 4.455393711277284563e-01
-1.439781666980765326e-03, 1.963199781178611714e-01, 3.364201354686060519e-01, -1.441174925867675372e-01, 4.940037409792449180e-02, -3.382391148518995821e-04, -4.906213499519038179e-02, 4.422965506271668568e-02
7.748859567057390929e-02, -3.430417866788405823e-02, 0.000000000000000000e+00, 0.000000000000000000e+00, 0.000000000000000000e+00, 8.322002780103618935e-01, 4.634836296388353816e-01, -1.117064051948232035e-03
2.038741151475603475e-01, 3.500242862623711426e-01, -1.496724893033841985e-01, 7.394209423237260714e-02, -5.667605164253373094e-04, -7.337533354514713668e-02, 6.591332093220679533e-02, 1.155877854781277164e-01
-5.132498328066422560e-02, 0.000000000000000000e+00, 0.000000000000000000e+00, 0.000000000000000000e+00, 1.322905519442142630e+00, 7.284989264386512176e-01, 1.026051773453400158e-02, 3.097923689983179685e-01
5.524923008018099990e-01, -2.278956908572625228e-01, 5.882923196237797026e-01, -1.271603836760572953e-02, -5.755762810647864214e-01, 4.971102954072539881e-01, 8.776076338070230021e-01, -4.006065920133028424e-01
0.000000000000000000e+00, 0.000000000000000000e+00, 0.000000000000000000e+00, 1.345765166759380183e+00, 7.406241032496464483e-01, 1.107923656958512658e-02, 3.143977000719864190e-01, 5.618379214266859822e-01
-2.313162910549785012e-01, 6.163057320724525390e-01, -1.356171198016868119e-02, -6.027440212266855779e-01, 5.198784774113653917e-01, 9.177517112919610920e-01, -4.192396704191850287e-01, 0.000000000000000000e+00
0.000000000000000000e+00, 0.000000000000000000e+00, -1.122945602952064997e-01, -9.275918581802085061e-01, 7.450964548631598683e-02, 5.752132456999549428e-09, -8.650938342726779546e-10, -1.059883555742010070e-10
1.099637533134319774e-03, -3.973906374257475844e-03, 2.874268850969437846e-03, -3.570180587823198754e-05, 7.418841546572271296e-05, 2.611207937047497585e-04, 0.000000000000000000e+00, 0.000000000000000000e+00
0.000000000000000000e+00, -1.194592337090848860e-01, -9.854629500365090777e-01, 7.929894636627947413e-02, 1.315529425295010789e-08, -6.995719123741493132e-09, -2.453330200573877030e-10, 1.120893715450856434e-02
-4.017922487989560726e-02, 2.897028774189550418e-02, -3.769966133371132960e-04, 7.727729856904406395e-04, 2.611302307350381064e-03, 0.000000000000000000e+00, 0.000000000000000000e+00, 0.000000000000000000e+00
-1.257375174960218833e-01, -1.035791498752564044e+00, 8.350841266612807345e-02, 2.563954379167661102e-08, 1.057740760274775527e-09, -4.666270438056842056e-10, 2.196302798428977077e-02, -7.915121885167557270e-02
5.718819093872788695e-02, -7.387129521312958821e-04, 1.584802064055919812e-03, 5.155761531688427685e-03, 0.000000000000000000e+00, 0.000000000000000000e+00, 0.000000000000000000e+00, -1.311262767523736494e-01
-1.078683845864270241e+00, 8.713159944429228754e-02, 4.278336478835781388e-08, -1.714739524750334215e-09, -7.484344473064425083e-10, 3.243109078136710566e-02, -1.177541010015074885e-01, 8.532301013842179260e-02
-1.073169246823895643e-03, 2.414989325363652451e-03, 7.702013032234570657e-03, 0.000000000000000000e+00, 0.000000000000000000e+00, 0.000000000000000000e+00, -1.356219299820778101e-01, -1.114263426013425207e+00
9.016092338637107795e-02, 6.250936696441258764e-08, -7.993030618291121291e-09, -1.047177525975339138e-09, 4.184103426228989731e-02, -1.528467733512590410e-01, 1.110057392823100703e-01, -1.349042118273907761e-03
3.170391129923246475e-03, 1.002139363058475452e-02, 0.000000000000000000e+00, 0.000000000000000000e+00, 0.000000000000000000e+00, 4.655280771906141757e-01, -5.032328417954484712e-01, 3.722676360420272279e-01
1.711638413293011029e-09, -5.771229750126200110e-09, -1.868022814897849972e-10, 2.530621448689207142e-03, -4.001564949753986383e-03, 1.470943501919232252e-03, 3.473376345725421080e-05, 4.622469187358853483e-05
2.286025257125204769e-04, 0.000000000000000000e+00, 0.000000000000000000e+00, 0.000000000000000000e+00, 4.964502763575561195e-01, -5.357076764240765732e-01, 3.968849310112016471e-01, 3.844766753395216538e-09
-2.500775320359663299e-08, -4.875395166631615626e-10, 2.660833863518482362e-02, -4.217014564427598589e-02, 1.556180696723404033e-02, 3.866947679033742240e-04, 4.749155670244868959e-04, 2.384127750195141459e-03
0.000000000000000000e+00, 0.000000000000000000e+00, 0.000000000000000000e+00, 5.205972657264404946e-01, -5.608092527092271018e-01, 4.160714520098254821e-01, 6.991811874668106859e-09, -1.586611140412163498e-09
-1.031648677079065366e-09, 4.978698963515056086e-02, -7.872421917916512524e-02, 2.893722952837460283e-02, 7.958645646743840426e-04, 9.045303812993038322e-04, 4.415172274745691669e-03, 0.000000000000000000e+00
0.000000000000000000e+00, 0.000000000000000000e+00, 5.413695225660067889e-01, -5.822036565713861744e-01, 4.325478750784837456e-01, 1.119761006046074211e-08, 8.850854469190714358e-09, -1.840639352218202029e-09
7.288868868709449944e-02, -1.149248303331822790e-01, 4.203614158660391731e-02, 1.251035185576518946e-03, 1.344892367790322812e-03, 6.417884196326787728e-03, 0.000000000000000000e+00, 0.000000000000000000e+00
0.000000000000000000e+00, 5.622074897880966482e-01, -6.034915087365106956e-01, 4.490519343368067906e-01, 1.697518400140807702e-08, -2.213622472869611073e-08, -3.031752305891800200e-09, 9.844589266030064068e-02
-1.547999454740025538e-01, 5.635405316308187557e-02, 1.783021711566809249e-03, 1.822320780465463410e-03, 8.621934852497537341e-03, 0.000000000000000000e+00, 0.000000000000000000e+00, 0.000000000000000000e+00
5.796182892769038419e-01, -6.211570235247377836e-01, 4.628247044170689106e-01, 2.314319682611767599e-08, 1.991896631159793864e-09, -4.355775535327305535e-09, 1.211688530809233999e-01, -1.901564159702891499e-01
6.898756338612892225e-02, 2.269724148777361832e-03, 2.235967977326617801e-03, 1.057248902122468089e-02, 0.000000000000000000e+00, 0.000000000000000000e+00, 0.000000000000000000e+00, -1.630939400143970874e-01
3.827006303956144717e-01, -4.498046264530378702e-01, 3.644209897349002247e-01, 7.262296765227803652e-01, 2.541485648839738598e-01, -8.075812398592617514e-02, 4.075467981232616110e-01, -3.267886739956881725e-01
7.510097112812195164e-01, 1.260677620282376399e+00, 4.229005190542311499e-01, 0.000000000000000000e+00, 0.000000000000000000e+00, 0.000000000000000000e+00, -4.929072047565918324e-01, 8.607540837445178117e-02
9.744113288593926614e-02, -2.793318938518589700e-01, -3.027672075533049956e-01, -2.141002759143662837e-01, -4.787111500926449076e-02, 2.440314815773473450e-02, 2.346796685457037956e-02, -7.891949299147818508e-02
-6.784576590455491940e-02, -4.656583136231373654e-02, 0.000000000000000000e+00, 0.000000000000000000e+00, 0.000000000000000000e+00, -8.079462115415976253e-01, 1.566022025648274862e-01, 1.744082801276105321e-01
-4.638328824235596892e-01, -4.931409739959108363e-01, -3.486483612910001861e-01, -5.678282411022631537e-01, 2.893755342181072443e-01, 2.784527074511744527e-01, -9.422281597575293821e-01, -7.947150071666468918e-01
-5.332432042058847799e-01, 0.000000000000000000e+00, 0.000000000000000000e+00, 0.000000000000000000e+00, -4.618227261641532633e-01, -5.258376687326968835e-01, -7.683648130537854559e-01, 1.162278223192609594e-01
-6.948389143416520107e-03, 5.345407917314374258e-01, 1.159904802511227406e-02, 1.295700900565127786e-03, -1.289474901028318278e-02, 3.326583692263562070e-02, -5.730500938332927334e-03, 1.256090762440845998e-01
0.000000000000000000e+00, 0.000000000000000000e+00, 0.000000000000000000e+00, -4.784326365823837190e-01, -5.456735175944457117e-01, -7.972790626532715308e-01, 1.205599351566395971e-01, -7.004836017023249525e-03
5.547567170115036417e-01, 1.704637401788855824e-02, 1.918650721886736412e-03, -1.896502482607750548e-02, 4.898421579682352145e-02, -8.475906770290508527e-03, 1.847682724758771544e-01, 0.000000000000000000e+00
0.000000000000000000e+00, 0.000000000000000000e+00, -4.948974657615881623e-01, -5.654998391512656708e-01, -8.261706148498387803e-01, 1.248796397301541738e-01, -7.024939790687621290e-03, 5.749722920230062595e-01
2.298404869454383215e-02, 2.597811709729521464e-03, -2.558186004075880399e-02, 6.627673689919080791e-02, -1.158685491701942280e-02, 2.495743267050065939e-01, 0.000000000000000000e+00, 0.000000000000000000e+00
0.000000000000000000e+00, -5.094180241981915991e-01, -5.831157208840364037e-01, -8.518338117497991080e-01, 1.287096338249574812e-01, -7.013689602261823780e-03, 5.929414196021257633e-01, 2.857967904423421371e-02
3.248433740390502603e-03, -3.182811322483341393e-02, 8.273006723776009375e-02, -1.461907008654720654e-02, 3.109946435105212514e-01, 0.000000000000000000e+00, 0.000000000000000000e+00, 0.000000000000000000e+00
-5.238360239993850032e-01, -6.007248774603868302e-01, -8.774808262421232019e-01, 1.325312740145199175e-01, -6.976314851940859825e-03, 6.109103370201073302e-01, 3.439885240803123440e-02, 3.948840747256307515e-03
-3.834769286420749990e-02, 1.000128718505963743e-01, -1.785310084590925606e-02, 3.753153009685701313e-01, 0.000000000000000000e+00, 0.000000000000000000e+00, 0.000000000000000000e+00, -7.252942492969408628e-01
-8.597322978043329122e-01, -1.253915081981961777e+00, 1.882022239425398258e-01, -3.339647112436683937e-03, 8.759684366383898579e-01, 1.313031593936165864e-01, 2.292920956644394631e-02, -1.542323696716094150e-01
4.093347830464754700e-01, -7.305668637324581882e-02, 1.515999586470137217e+00, 0.000000000000000000e+00, 0.000000000000000000e+00, 0.000000000000000000e+00, -7.349460396732233614e-01, -8.728622550167521865e-01
-1.272954420130178121e+00, 1.910044074778649292e-01, -2.981628309614722371e-03, 8.894471212326882092e-01, 1.365843030753069176e-01, 2.441742350276843165e-02, -1.610017267640123928e-01, 4.272737965331825372e-01
-7.594919259604579476e-02, 1.581887656207966231e+00, 0.000000000000000000e+00, 0.000000000000000000e+00, 0.000000000000000000e+00, 1.174701285903483189e-01, 3.848238183204812923e-01, -1.307840380956346582e-01
2.798928139295417394e-01, -3.311987520453507639e-01, 3.110595355807039275e-01, -4.184429422734321216e-04, 3.196242327818243911e-02, -3.154398036809023115e-02, 6.276236765944029350e-02, -6.769469219618259870e-02
7.766154247224855978e-02, 0.000000000000000000e+00, 0.000000000000000000e+00, 0.000000000000000000e+00, 1.226849182078946360e-01, 4.011840573066071669e-01, -1.358121695956605590e-01, 2.910470988226370737e-01
-3.445848956851569334e-01, 3.237804141377432776e-01, -6.911274759704916833e-04, 4.791875669864718856e-02, -4.722762917971659591e-02, 9.368506247753609351e-02, -1.008184614387462874e-01, 1.161282086546877174e-01
0.000000000000000000e+00, 0.000000000000000000e+00, 0.000000000000000000e+00, 1.279627999504519276e-01, 4.176213553767159081e-01, -1.407751423861505202e-01, 3.021294035259211030e-01, -3.579147161399429122e-01
3.364777896741678043e-01, -1.046024174133221079e-03, 6.549869983922171346e-02, -6.445267577613487953e-02, 1.274604128995089902e-01, -1.368477193062116182e-01, 1.583029925925132364e-01, 0.000000000000000000e+00
0.000000000000000000e+00, 0.000000000000000000e+00, 2.155001067152000349e-01, 6.777656774242604154e-01, -2.100521870984632111e-01, 4.648010947869483100e-01, -5.566995166261377026e-01, 5.289093839276803877e-01
-1.166178719632268192e-02, 4.206691970530169189e-01, -4.090074079165931242e-01, 7.927755618868908005e-01, -8.337075795066838380e-01, 9.874686371355110293e-01, 0.000000000000000000e+00, 0.000000000000000000e+00
0.000000000000000000e+00, -4.109643612188593753e-01, -5.403863887618105544e-01, -1.416224464197557951e-02, -2.136115111607766459e-01, -3.338342427712783778e-01, -3.233782707999215966e-01, -1.140562978438165904e-02
-2.721175805779718973e-02, 3.861738768711864972e-02, -4.966817240041489223e-02, -8.295751937414232169e-02, -6.753492850152867377e-02, 0.000000000000000000e+00, 0.000000000000000000e+00, 0.000000000000000000e+00
-4.266138002089557846e-01, -5.610930052725658923e-01, -1.434112460820643337e-02, -2.216763747830005904e-01, -3.465930554137511277e-01, -3.356314707708975553e-01, -1.670327564184434510e-02, -3.990634477571915195e-02
5.660962042327426919e-02, -7.246486592146769712e-02, -1.216322207490874441e-01, -9.877938050497604705e-02, 0.000000000000000000e+00, 0.000000000000000000e+00, 0.000000000000000000e+00, -6.776007009308243623e-01
-8.956151404758170287e-01, -9.483800478610596163e-03, -3.492610510623769260e-01, -5.522787070317519698e-01, -5.307976817538248016e-01, -1.380255075803690223e-01, -3.323980160048568555e-01, 4.704235254198295135e-01
-5.748836566681718718e-01, -1.013735814148046144e+00, -7.989055585893938272e-01, 0.000000000000000000e+00, 0.000000000000000000e+00, 0.000000000000000000e+00, -6.874619519081148766e-01, -9.088529804058124162e-01
-8.979227119617195704e-03, -3.541948990218069526e-01, -5.604063037537093672e-01, -5.384099633650747396e-01, -1.436261614992767055e-01, -3.460705452423027406e-01, 4.896967064015680937e-01, -5.978972051830627743e-01
-1.055796620804346553e+00, -8.314306744636291713e-01, 0.000000000000000000e+00, 0.000000000000000000e+00, 0.000000000000000000e+00, -2.142773191598169868e-01, -9.878324818421266307e-02, -2.412786995934248779e-01
-7.557861785604074178e-01, -7.242279792491838897e-02, 5.378869773728254255e-01, 2.078776303857679530e-02, 4.095935704243418990e-03, -2.488369686236988759e-02, -1.370635160930400165e+00, -9.521357126197425857e-02
9.352334926737354559e-01, 0.000000000000000000e+00, 0.000000000000000000e+00, 0.000000000000000000e+00, -2.306591346894580619e-01, -1.780270272517316676e-01, 2.335116343039383979e-01, -2.331226785775347421e-01
-9.225466248175667738e-02, -4.292336689569486441e-01, -1.207048964458307984e-02, -5.517973335426684493e-03, 1.758846292592215754e-02, -3.505667370351692874e-02, -8.267635774993268086e-03, -5.452578099077370899e-02
0.000000000000000000e+00, 0.000000000000000000e+00, 0.000000000000000000e+00, -2.406348709467477920e-01, -1.860091574392430946e-01, 2.444125524315836351e-01, -2.439010727616471863e-01, -9.616093631298894273e-02
-4.489020193916037349e-01, -2.249193835092760246e-02, -1.022060460790096686e-02, 3.271254296067899886e-02, -6.517754199099898282e-02, -1.521683855464257308e-02, -1.013881091972457377e-01, 0.000000000000000000e+00
0.000000000000000000e+00, 0.000000000000000000e+00, -2.504527411624416500e-01, -1.939338961226154401e-01, 2.553414745308853484e-01, -2.546890643044011360e-01, -9.998489703178495280e-02, -4.685374095544278528e-01
-3.449250692238926136e-02, -1.554062369240200199e-02, 5.003313027916291705e-02, -9.983216633188443656e-02, -2.289596297224556071e-02, -1.550157658037475406e-01, 0.000000000000000000e+00, 0.000000000000000000e+00
0.000000000000000000e+00, -2.585180776472264519e-01, -2.004955822043277269e-01, 2.644695083240787281e-01, -2.636864128965307752e-01, -1.031111402854004017e-01, -4.848761770776076618e-01, -4.551660674094021308e-02
-2.034818785585592107e-02, 6.586479464507521975e-02, -1.316214368565288839e-01, -2.970265137697558275e-02, -2.039737331819041211e-01, 0.000000000000000000e+00, 0.000000000000000000e+00, 0.000000000000000000e+00
-2.664839904002451187e-01, -2.070212256508497939e-01, 2.736151255991627895e-01, -2.726905216719371916e-01, -1.061859290870291045e-01, -5.011948041583828006e-01, -5.729919122535862691e-02, -2.540502692872835880e-02
8.270421792532130223e-02, -1.655121182632916799e-01, -3.676757871240513703e-02, -2.560024382496529083e-01, 0.000000000000000000e+00, 0.000000000000000000e+00, 0.000000000000000000e+00, -3.804696298068843685e-01
-3.058323727261498814e-01, 4.201320804403039233e-01, -4.159430085275685474e-01, -1.487120704155346917e-01, -7.568154077075678332e-01, -2.949093765299357628e-01, -1.169534682998740055e-01, 4.118628447193969366e-01
-8.316656679348638503e-01, -1.584961357735779897e-01, -1.276818900884134189e+00, 0.000000000000000000e+00, 0.000000000000000000e+00, 0.000000000000000000e+00, 5.981217515497320170e-01, -2.827506901664726402e-01
-3.678909953135061639e-01, 1.645773394765997658e-10, -1.970814553628739629e-08, 2.191155634115393825e-09, 4.590718260820876757e-03, -1.722011929140993165e-03, -2.868706319534850783e-03, 2.238261357800255911e-04
-5.454306663705121969e-05, -5.470029997512322720e-05, 0.000000000000000000e+00, 0.000000000000000000e+00, 0.000000000000000000e+00, 6.390579187876761491e-01, -3.016284494263196114e-01, -3.923466763674546831e-01
3.561084864636519396e-10, 5.012455132983685443e-09, 4.808341297372982284e-09, 4.438186864905847157e-02, -1.671811163582625354e-02, -2.766375697085871749e-02, 2.106164329521196567e-03, -5.246573968380783366e-04
-4.561949190015903116e-04, 0.000000000000000000e+00, 0.000000000000000000e+00, 0.000000000000000000e+00, 6.699447408296986817e-01, -3.157563568031738210e-01, -4.106153536221295863e-01, 5.787297568174812115e-10
-1.681844099382988816e-08, 8.240017717779202059e-09, 8.085414496509039928e-02, -3.036468384713101806e-02, -5.048946118321537280e-02, 3.784710788300337057e-03, -9.569992157336394386e-04, -7.401287864231103882e-04
0.000000000000000000e+00, 0.000000000000000000e+00, 0.000000000000000000e+00, 7.010117410208156485e-01, -3.298543512447001391e-01, -4.288131365195401723e-01, 9.107451282319542788e-10, -2.344113526775040146e-08
1.364022634894105189e-08, 1.232948606455288865e-01, -4.609892812369672382e-02, -7.719593250139361595e-02, 5.746300023958634748e-03, -1.461297018910534236e-03, -1.024377257499922136e-03, 0.000000000000000000e+00
0.000000000000000000e+00, 0.000000000000000000e+00, 7.270357145412414956e-01, -3.415801518395258918e-01, -4.439256838554140328e-01, 1.296214482841135360e-09, -1.532451897715827306e-08, 2.005237804201483717e-08
1.625098252539492472e-01, -6.055523772609455735e-02, -1.019545874376526218e-01, 7.592002995785373035e-03, -1.919772966600048194e-03, -1.268238682177810208e-03, 0.000000000000000000e+00, 0.000000000000000000e+00
0.000000000000000000e+00, 4.211731836917692040e-01, -9.545577564083278232e-02, 9.944721377060870005e-01, 6.425243866537900805e-01, 6.581124235646947096e-02, 4.403482859352210177e-01, -2.431238428355960920e-02
-4.747670414307836317e-01, 4.990794243805939945e-01, 1.121819915353091002e+00, 2.081361488032471285e-01, 8.328606992679317145e-01, 0.000000000000000000e+00, 0.000000000000000000e+00, 0.000000000000000000e+00
1.701068245462573902e-01, -1.335168334285188330e-01, -1.742994385498417356e-02, 4.317021516317715024e-01, -2.249599849455088396e-01, -2.860534600194075683e-01, 2.117089141508612937e-02, -1.668511708174077665e-02
-4.485774197319955178e-03, 1.125584373093924395e-01, -4.668883852879783525e-02, -6.856937200874646532e-02, 0.000000000000000000e+00, 0.000000000000000000e+00, 0.000000000000000000e+00, 1.771446306864148112e-01
-1.380819011308061783e-01, -1.797033600566385475e-02, 4.489052768892448086e-01, -2.343217879780212509e-01, -2.976333912709393514e-01, 3.111036111827786277e-02, -2.460088875704705830e-02, -6.509472174769161470e-03
1.655506138654197767e-01, -6.863668072221759675e-02, -1.009411453425628075e-01, 0.000000000000000000e+00, 0.000000000000000000e+00, 0.000000000000000000e+00, 2.902221988420283783e-01, -1.938457160117395828e-01
-2.318001608053924315e-02, 7.132922269128928461e-01, -3.859807203590589486e-01, -4.792428778236074161e-01, 2.415082267509368608e-01, -1.988372649249312840e-01, -4.267096179497696651e-02, 1.299198078585087623e+00
-5.398254755174777264e-01, -8.043248034166829985e-01, 0.000000000000000000e+00, 0.000000000000000000e+00, 0.000000000000000000e+00, 1.314481472921417426e-01, 1.720465417975321765e-01, 1.067574360320454052e-01
-4.121712816083132336e-01, 3.252435910082965842e-01, -2.198396715162683757e-01, 1.149748027470488907e-03, 2.147208340913868592e-03, -3.296956410370354643e-03, -5.561494777490209873e-02, 4.225809072522193621e-02
-2.360806983952600316e-02, 0.000000000000000000e+00, 0.000000000000000000e+00, 0.000000000000000000e+00, 1.375985480265234928e-01, 1.805110793642046851e-01, 1.119835480809087402e-01, -4.312324414880394086e-01
3.403836344264097313e-01, -2.303717043062018799e-01, 2.177243053475487640e-03, 3.983629913560925509e-03, -6.160873010652411982e-03, -1.032432059454422568e-01, 7.850013642519669543e-02, -4.379636349721392069e-02
0.000000000000000000e+00, 0.000000000000000000e+00, 0.000000000000000000e+00, 1.428966402651981327e-01, 1.878843902479667427e-01, 1.165311023550181652e-01, -4.476104741171940682e-01, 3.534112781914137136e-01
-2.394939061278120451e-01, 3.288579503621584348e-03, 5.781978682779955088e-03, -9.070558351214454487e-03, -1.500639262129571105e-01, 1.141664385245090008e-01, -6.348946984104561486e-02, 0.000000000000000000e+00
0.000000000000000000e+00, 0.000000000000000000e+00, 1.482183318483425161e-01, 1.953632195365008484e-01, 1.211394282249050325e-01, -4.640245493815389199e-01, 3.664841066011166881e-01, -2.487010480760851183e-01
4.591878112061874295e-03, 7.752627373774422653e-03, -1.234450541073019852e-02, -2.015480287131763415e-01, 1.533992159509723341e-01, -8.499735081943889103e-02, 0.000000000000000000e+00, 0.000000000000000000e+00
0.000000000000000000e+00, 1.535622217017024171e-01, 2.029407720196739207e-01, 1.258047077632265254e-01, -4.804729509651124997e-01, 3.795993525338666741e-01, -2.579878761225677941e-01, 6.044434678301248941e-03
9.857871085087581767e-03, -1.590230549841355201e-02, -2.567195815872518883e-01, 1.954540430038344268e-01, -1.079243124185882419e-01, 0.000000000000000000e+00, 0.000000000000000000e+00, 0.000000000000000000e+00
1.580316835995664859e-01, 2.093264131213416479e-01, 1.297335914302364945e-01, -4.942052650262835911e-01, 3.905596762098914598e-01, -2.657843289445368518e-01, 7.339429551876123538e-03, 1.169395118424900078e-02
-1.903338091515218919e-02, -3.049337116880320164e-01, 2.322217300272443885e-01, -1.279068471464145373e-01, 0.000000000000000000e+00, 0.000000000000000000e+00, 0.000000000000000000e+00, 2.344911778553581960e-01
3.246011634358737519e-01, 2.004264391898812614e-01, -7.257416823600305600e-01, 5.768243370528223224e-01, -4.028128761808673075e-01, 3.387306384021244315e-02, 4.657163935896324602e-02, -8.044470266221286081e-02
-1.287283240803478002e+00, 9.851157325143459209e-01, -5.411385592714426096e-01, 0.000000000000000000e+00, 0.000000000000000000e+00, 0.000000000000000000e+00, -5.256910463119913723e-01, 3.400153620586842118e-01
4.499000746366075831e-01, -3.531956325404133191e-10, 1.354344390422027230e-08, -2.119501247872377682e-09, -5.583840804536736348e-03, 1.907839067313193797e-03, 3.676001738594478468e-03, -2.628608927473812971e-04
7.612339120795078885e-05, 9.528358067454200818e-05, 0.000000000000000000e+00, 0.000000000000000000e+00, 0.000000000000000000e+00, -5.587355227055348372e-01, 3.619118759067045388e-01, 4.790290738924112279e-01
-7.684270646889388938e-10, -1.929740732966083708e-08, -4.619408110880557681e-09, -4.312931893407101480e-02, 1.481179496126012844e-02, 2.831752400066083961e-02, -1.990857415632934710e-03, 6.083866719414227900e-04
6.671829674896863436e-04, 0.000000000000000000e+00, 0.000000000000000000e+00, 0.000000000000000000e+00, -5.874718709015892548e-01, 3.811071185925610227e-01, 5.046229176167871255e-01, -1.379646333488196113e-09
-9.581458895712235447e-09, -8.560669458627334351e-09, -8.326261293078315862e-02, 2.844881137119055145e-02, 5.481380139947999997e-02, -3.789263581236801490e-03, 1.214886921848509944e-03, 1.186546605186167150e-03
0.000000000000000000e+00, 0.000000000000000000e+00, 0.000000000000000000e+00, -6.119563790583186780e-01, 3.975897414147942510e-01, 5.266482952693406494e-01, -2.194478309456186416e-09, -9.330654842914821819e-09
-1.388946353535878159e-08, -1.231472282661684597e-01, 4.179278312886709063e-02, 8.135444509721255490e-02, -5.571788843209617842e-03, 1.838876908190081004e-03, 1.669522557198896504e-03, 0.000000000000000000e+00
0.000000000000000000e+00, 0.000000000000000000e+00, -6.322606770969706469e-01, 4.113453833622983669e-01, 5.450626842464558752e-01, -3.158946416139487192e-09, 3.209570762352466368e-08, -2.013524136860990742e-08
-1.595872944748415179e-01, 5.384476137357754183e-02, 1.057425329970126532e-01, -7.219798057042966198e-03, 2.423433916603063426e-03, 2.113522101223539590e-03, 0.000000000000000000e+00, 0.000000000000000000e+00
0.000000000000000000e+00, -6.524810507877940591e-01, 4.251180833888478783e-01, 5.635278971921435787e-01, -4.459328857499928525e-09, 3.087439947928450797e-08, -2.843134476050475851e-08, -1.982885988686979017e-01
6.654058869831067091e-02, 1.317480104284534936e-01, -8.988553095331978243e-03, 3.068860351654552777e-03, 2.594931855743169442e-03, 0.000000000000000000e+00, 0.000000000000000000e+00, 0.000000000000000000e+00
-1.638999219898879645e+00, -7.872242532677584670e-01, -1.613706186816888044e+00, 9.883198893399732346e-10, -3.323341546071401200e-08, 5.471156700973050438e-11, -0.000000000000000000e+00, 0.000000000000000000e+00
-0.000000000000000000e+00, -0.000000000000000000e+00, -0.000000000000000000e+00, -0.000000000000000000e+00, 0.000000000000000000e+00, 0.000000000000000000e+00, 0.000000000000000000e+00, -1.779528088457992041e+00
-8.560775255584497367e-01, -1.752224233606323178e+00, 3.222646946033408082e-09, -1.205061170000727470e-07, 2.874200290022970920e-10, -3.066826301837678151e-04, 5.602286658942607018e-04, -2.535460364102887936e-04
-2.387647198525073311e-06, -7.560614198944764586e-06, -3.209689863651803501e-05, 0.000000000000000000e+00, 0.000000000000000000e+00, 0.000000000000000000e+00, -4.226365006697478943e-01, -6.685063804868733583e-02
-1.992485210374900506e-01, -1.148006880838978172e-01, -5.311966376477180729e-01, -1.013710936287821884e-01, -1.950624056263670220e-02, 1.358868574039794226e-02, 5.917554755628474938e-03, -2.925621791642907601e-02
-1.314671927290629871e-01, -2.112384800554849978e-02, 0.000000000000000000e+00, 0.000000000000000000e+00, 0.000000000000000000e+00, -4.403046074453452197e-01, -6.963409097257618197e-02, -2.066373313051895755e-01
-1.194572722051289726e-01, -5.534072373166813996e-01, -1.054408990956258729e-01, -2.910052067760729444e-02, 2.012122650307170135e-02, 8.979293950641722630e-03, -4.359125227254605911e-02, -1.972374909881206007e-01
-3.146817924327056926e-02, 0.000000000000000000e+00, 0.000000000000000000e+00, 0.000000000000000000e+00, -4.554274176501312832e-01, -7.201478321030010954e-02, -2.128230741376343771e-01, -1.234225487758926765e-01
-5.724187991678078014e-01, -1.089003353203264468e-01, -3.798199165008736555e-02, 2.608600846787293565e-02, 1.189598315921662659e-02, -5.690607581640911433e-02, -2.589252152574905708e-01, -4.105391846115402643e-02
0.000000000000000000e+00, 0.000000000000000000e+00, 0.000000000000000000e+00, -6.975366565480380920e-01, -1.099643023522779706e-01, -2.967847255682931618e-01, -1.848400835680817367e-01, -8.768647738925363644e-01
-1.616443010238252931e-01, -2.103822552254458744e-01, 1.399885088113574927e-01, 7.039374710693484249e-02, -3.268317186004201513e-01, -1.553409615383882780e+00, -2.336350874091548679e-01, 0.000000000000000000e+00
0.000000000000000000e+00, 0.000000000000000000e+00, -7.074202546596837227e-01, -1.115077169940284774e-01, -2.995774518524022545e-01, -1.872663763944239501e-01, -8.892967859652088913e-01, -1.636879604713361303e-01
-2.180844846456433950e-01, 1.451264748659426840e-01, 7.295801054200690139e-02, -3.393972211814538231e-01, -1.615316187557135574e+00, -2.425483579486603092e-01, 0.000000000000000000e+00, 0.000000000000000000e+00
0.000000000000000000e+00, 1.242463016269556991e-01, 3.728248432729361905e-01, -2.709737153345110339e-01, 8.274986931354275654e-01, -4.410565990244491585e-02, -2.659868367145581947e-01, 3.325873318121585348e-02
2.431068539170255782e-01, -2.763655857551827744e-01, 1.492482577472998173e+00, -1.029282540390051397e-02, -4.788323141698281327e-01, 0.000000000000000000e+00, 0.000000000000000000e+00, 0.000000000000000000e+00
-4.555463688543158196e-01, -5.052482170564518427e-01, 4.649781555458271654e-01, 3.348607693775532655e-03, 6.862067207270321212e-02, -2.375966063995841593e-01, -3.635972293765477731e-02, -3.985038695324583796e-02
7.621010981991629962e-02, 8.153861428369813674e-04, 1.586126632490598293e-02, -6.394831227541487861e-02, 0.000000000000000000e+00, 0.000000000000000000e+00, 0.000000000000000000e+00, -7.489932101461772573e-01
-8.382908879009441927e-01, 7.995881731316750729e-01, 3.772044897435682630e-03, 1.139193948645562116e-01, -3.941768996657610824e-01, -4.280707088488420187e-01, -4.620210390830151170e-01, 8.900917455948957890e-01
1.250877302118777630e-02, 1.842291513479471787e-01, -7.533950556125682541e-01, 0.000000000000000000e+00, 0.000000000000000000e+00, 0.000000000000000000e+00, 4.153406867056732010e-01, 7.611590181105454267e-01
2.302398632188784322e-01, 2.906428889002904414e-01, -3.678827289754061924e-01, 2.522183749376278317e-01, -7.112724413330122689e-03, 3.669026497122988145e-02, -2.957754056920171987e-02, 6.854550714790025312e-02
-7.745267274355231713e-02, 6.046383839101766161e-02, 0.000000000000000000e+00, 0.000000000000000000e+00, 0.000000000000000000e+00, 4.329175134936071867e-01, 7.937496865531423751e-01, 2.401924642375450891e-01
3.024179547685806879e-01, -3.829988840774846137e-01, 2.625594062798528028e-01, -1.073448528464881514e-02, 5.507099083692870711e-02, -4.433650561262364453e-02, 1.025092788667080340e-01, -1.153023234330440294e-01
9.046227732895506524e-02, 0.000000000000000000e+00, 0.000000000000000000e+00, 0.000000000000000000e+00, 4.483234107514612043e-01, 8.223737736745762028e-01, 2.489441344591948047e-01, 3.126652367297692026e-01
-3.961819069772831714e-01, 2.715770879620970635e-01, -1.426418072430590649e-02, 7.275408397038285457e-02, -5.848990294685633973e-02, 1.349861470745666037e-01, -1.512594898928187048e-01, 1.191871795218623908e-01
0.000000000000000000e+00, 0.000000000000000000e+00, 0.000000000000000000e+00, 6.885056121200942014e-01, 1.274801736534386221e+00, 3.881774646822730435e-01, 4.655818784419767931e-01, -5.956082243376356056e-01
4.079924025107773966e-01, -8.791708708064678579e-02, 4.296163220041716579e-01, -3.416992355129479519e-01, 7.762471613108040680e-01, -8.444360909247611291e-01, 6.783860260708723944e-01, 0.000000000000000000e+00
0.000000000000000000e+00, 0.000000000000000000e+00, 6.997389351145564262e-01, 1.296258908523135078e+00, 3.948145986125758955e-01, 4.724354783445587902e-01, -6.046667998746753092e-01, 4.141947130462785287e-01
-9.193883836812717647e-02, 4.488861632102360000e-01, -3.569473264933560874e-01, 8.104702368990367445e-01, -8.808195922496281360e-01, 7.077190245423188308e-01, 0.000000000000000000e+00, 0.000000000000000000e+00
0.000000000000000000e+00, 7.109830463807764733e-01, 1.317765958755334754e+00, 4.014698064007582445e-01, 4.792686575898853496e-01, -6.137094031652167159e-01, 4.203872510888563840e-01, -9.601396382230131810e-02
4.683925010804919076e-01, -3.723785364682477006e-01, 8.450824221869257524e-01, -9.175639040428198445e-01, 7.373393981831691812e-01, 0.000000000000000000e+00, 0.000000000000000000e+00, 0.000000000000000000e+00
-5.419156963371636326e-01, -7.027493795810593746e-02, -7.105400967553000824e-02, 4.573152951539994349e-01, 7.370154964004402287e-02, 1.655610041015375400e-01, -1.771206892626635623e-02, 8.662263752626023910e-03
9.049805138164364673e-03, 5.209518259688954156e-02, 9.658988676810888879e-03, 1.916125014867527468e-02, 0.000000000000000000e+00, 0.000000000000000000e+00, 0.000000000000000000e+00, -5.698450958164918978e-01
-7.322017117478840653e-02, -7.476714542081608350e-02, 4.814081680298139543e-01, 7.779623293161447295e-02, 1.743868261780925633e-01, -3.636979551046143344e-02, 1.772472674095858236e-02, 1.864506882143812314e-02
1.067541119923980653e-01, 1.978709811618816275e-02, 3.946082325725774886e-02, 0.000000000000000000e+00, 0.000000000000000000e+00, 0.000000000000000000e+00, -5.941868345067147228e-01, -7.562900749159427727e-02
-7.801579878068116980e-02, 5.025321295340494654e-01, 8.143760740494146444e-02, 1.821502311610898317e-01, -5.552488316934672125e-02, 2.699124302352107554e-02, 2.853363971969957377e-02, 1.625274817477863620e-01
3.011018390363953690e-02, 6.036893685672876930e-02, 0.000000000000000000e+00, 0.000000000000000000e+00, 0.000000000000000000e+00, -6.149795470303929257e-01, -7.756935522628347068e-02, -8.080002229540983461e-02
5.206706469905060253e-01, 8.460154831270991216e-02, 1.888353693980283354e-01, -7.381102339879036522e-02, 3.580583335951393470e-02, 3.800519016135555511e-02, 2.154576085507014793e-01, 3.992525712017376549e-02
8.032038816015212024e-02, 0.000000000000000000e+00, 0.000000000000000000e+00, 0.000000000000000000e+00, -6.357096315349067828e-01, -7.940168013597120877e-02, -8.358389554157494294e-02, 5.388373960931852613e-01
8.780325692834406448e-02, 1.955477410157835105e-01, -9.349464171419780145e-02, 4.525783561220539375e-02, 4.823680603067300593e-02, 2.721385819501948022e-01, 5.047751725794753092e-02, 1.017840030893097381e-01
0.000000000000000000e+00, 0.000000000000000000e+00, 0.000000000000000000e+00, -6.563810810818809793e-01, -8.113245343236921703e-02, -8.636737473560604506e-02, 5.570310458215459448e-01, 9.104071920760346825e-02
2.022862076415237742e-01, -1.142920096642546096e-01, 5.520153617520914130e-02, 5.909047354309861916e-02, 3.317661683285302865e-01, 6.163084971303840753e-02, 1.244526127559265893e-01, 0.000000000000000000e+00
0.000000000000000000e+00, 0.000000000000000000e+00, -9.332932496429644509e-01, -9.487208810651873159e-02, -1.243449197410256279e-01, 8.083141336407596578e-01, 1.388310029942607660e-01, 2.971450818664822524e-01
-4.630959803788759488e-01, 2.161394985582458517e-01, 2.469564801225359041e-01, 1.321510759460313267e+00, 2.537874219534582698e-01, 5.050161573646223534e-01, 0.000000000000000000e+00, 0.000000000000000000e+00
0.000000000000000000e+00, -9.465139964670582495e-01, -9.502591730291959360e-02, -1.261928053316494491e-01, 8.207099279439602491e-01, 1.413514830373439057e-01, 3.019278940213058204e-01, -4.827111941783009952e-01
2.249190889308213259e-01, 2.577921043901042486e-01, 1.377050832583187390e+00, 2.649583993570983065e-01, 5.265162371087293014e-01, 0.000000000000000000e+00, 0.000000000000000000e+00, 0.000000000000000000e+00
2.172352496119284437e-01, -3.926669039287417756e-03, -1.952464925376949656e-01, 1.839576169490521884e-01, 3.550370847560272436e-01, -3.704685516190211469e-01, 2.693868872921708138e-02, -9.841565656222601034e-04
-2.595453211646215133e-02, 4.145502004202449020e-02, 8.319140624511797699e-02, -9.021218705535667681e-02, 0.000000000000000000e+00, 0.000000000000000000e+00, 0.000000000000000000e+00, 2.267300145911677056e-01
-3.979486528551587007e-03, -2.027694906920937679e-01, 1.910055633641246919e-01, 3.695295866806896923e-01, -3.854807470114354206e-01, 4.014291383857843815e-02, -1.460560019296225495e-03, -3.868235391638658732e-02
6.155555630752570367e-02, 1.238597758968339596e-01, -1.343363229331222264e-01, 0.000000000000000000e+00, 0.000000000000000000e+00, 0.000000000000000000e+00, 2.347196230125110916e-01, -4.009755752683985715e-03
-2.089704877204815736e-01, 1.968099162711387518e-01, 3.815950076747417485e-01, -3.979641084555256558e-01, 5.216333321328595063e-02, -1.891381343840320721e-03, -5.027195181390913675e-02, 7.968443347903499119e-02
1.607631349044737479e-01, -1.743890105534638690e-01, 0.000000000000000000e+00, 0.000000000000000000e+00, 0.000000000000000000e+00, -6.684458278089482064e-02, 2.305179589449157795e-01, 1.835438096680640785e-01
1.222794298052910233e-01, 3.985689872379349907e-01, -3.395411684773386174e-01, -1.024269494199722512e-02, 6.884855605689756651e-03, 3.357839357438060970e-03, 1.215729487798901907e-02, 4.962061505184503507e-02
-4.262269903050491804e-02, 0.000000000000000000e+00, 0.000000000000000000e+00, 0.000000000000000000e+00, -6.992254589138077736e-02, 2.428229811498701651e-01, 1.938932124289581282e-01, 1.282581113763881786e-01
4.194046076606490758e-01, -3.574599974907311517e-01, -2.066763970894229877e-02, 1.391083530909786349e-02, 6.756804230453352517e-03, 2.436557846372892563e-02, 1.003380828239912315e-01, -8.609437945596311315e-02
0.000000000000000000e+00, 0.000000000000000000e+00, 0.000000000000000000e+00, -7.251182305870385036e-02, 2.536075400607012420e-01, 2.030889005952028759e-01, 1.333780657803509961e-01, 4.375755599860911560e-01
-3.731304525946410600e-01, -3.113994818781943771e-02, 2.099475433458414600e-02, 1.014519372214214843e-02, 3.629343110173546133e-02, 1.517436398446761203e-01, -1.301123105250828194e-01, 0.000000000000000000e+00
0.000000000000000000e+00, 0.000000000000000000e+00, -7.465714357843050708e-02, 2.628640523630079162e-01, 2.110705228932971411e-01, 1.376877001326632655e-01, 4.531082894908098346e-01, -3.865563867432675327e-01
-4.092436177297869432e-02, 2.763641256622533654e-02, 1.328794927564465496e-02, 4.720069304227320767e-02, 2.000775388908790919e-01, -1.714766327678700353e-01, 0.000000000000000000e+00, 0.000000000000000000e+00
0.000000000000000000e+00, -7.673898229936919335e-02, 2.721314054773567581e-01, 2.191378383954660225e-01, 1.419298815163482219e-01, 4.686051164677637604e-01, -3.999771018902969488e-01, -5.127941931805068271e-02
3.468618530061350069e-02, 1.659323419377943531e-02, 5.857858843600700222e-02, 2.514784700329985578e-01, -2.154281620824474719e-01, 0.000000000000000000e+00, 0.000000000000000000e+00, 0.000000000000000000e+00
-7.876117904064795783e-02, 2.814089338934769313e-01, 2.272854879926870797e-01, 1.461090495854489857e-01, 4.840686329043232816e-01, -4.133929132774365467e-01, -6.207703256731972319e-02, 4.205873882144289810e-02
2.001829373432104445e-02, 7.031467796381618562e-02, 3.052782410639494071e-01, -2.613958008501742203e-01, 0.000000000000000000e+00, 0.000000000000000000e+00, 0.000000000000000000e+00, -8.040270390705123171e-02
2.891475223487460777e-01, 2.341339739742411274e-01, 1.495458497042295998e-01, 4.969308097999021734e-01, -4.245693876840333503e-01, -7.134756878190672003e-02, 4.840755227567255375e-02, 2.294001713208418392e-02
8.030917503001930302e-02, 3.516005860421952955e-01, -3.009493572910073578e-01, 0.000000000000000000e+00, 0.000000000000000000e+00, 0.000000000000000000e+00, 2.960929801821213236e-01, -6.036381311572163594e-02
-2.801171259176446493e-01, -7.289784090753065326e-02, 3.740808012612882871e-01, -3.531923603391896038e-01, 3.408676032951810098e-02, -1.947634129731129330e-04, -3.389199688492688933e-02, -6.939491810932873692e-03
9.064385228707803888e-02, -7.933291365443290166e-02, 0.000000000000000000e+00, 0.000000000000000000e+00, 0.000000000000000000e+00, 3.089010055577740554e-01, -6.285386795570266361e-02, -2.910691307152848961e-01
-7.635038559824321169e-02, 3.898331491553581607e-01, -3.678478071996193477e-01, 5.095142425890995114e-02, -1.556930073039115327e-04, -5.079573129015041433e-02, -1.037069981411399555e-02, 1.357097880157408232e-01
-1.185875838506884328e-01, 0.000000000000000000e+00, 0.000000000000000000e+00, 0.000000000000000000e+00, 5.119373308415867685e-01, -1.000027081882419178e-01, -4.428083271376621055e-01, -1.366330414877883204e-01
6.319156625618654877e-01, -5.888129441508861417e-01, 4.129786103340393755e-01, 8.761945120804739626e-03, -4.217405541875570152e-01, -8.981501559381248334e-02, 1.090812239840209141e+00, -9.540187125032596471e-01
0.000000000000000000e+00, 0.000000000000000000e+00, 0.000000000000000000e+00, -3.282472139945242784e-01, -4.612552910911883464e-01, 5.425818020644830320e-01, 1.519338186489016225e-09, -1.916927920629308004e-09
-3.015528492776823006e-10, -2.724771702944829479e-03, -5.072038379184118199e-03, 7.796810084687378142e-03, -2.014699236522626846e-04, 1.182064529691507505e-05, 8.848635004470213356e-04, 0.000000000000000000e+00
0.000000000000000000e+00, 0.000000000000000000e+00, -3.503705967911615593e-01, -4.921728316862348795e-01, 5.800919574554042057e-01, 3.832340125080535609e-09, 3.301441535061466095e-08, -7.612888713761028329e-10
-1.746453248783099918e-02, -3.224564886220047250e-02, 4.971018146610250987e-02, -1.347617530036503359e-03, 1.523499833840806018e-04, 5.560374834243881313e-03, 0.000000000000000000e+00, 0.000000000000000000e+00
0.000000000000000000e+00, -3.690125552540208242e-01, -5.181655262239348581e-01, 6.119705299082864869e-01, 6.931029776940074508e-09, 2.552390258078971248e-08, -1.316879294773510058e-09, -3.255900124751815589e-02
-6.040610692448206837e-02, 9.296510806124942683e-02, -2.509166027132321303e-03, 3.078267314982544153e-04, 1.049950663410797319e-02, 0.000000000000000000e+00, 0.000000000000000000e+00, 0.000000000000000000e+00
-3.855325517319857509e-01, -5.411557886885233204e-01, 6.404093950133106228e-01, 1.065712988941180605e-08, 8.751351042521046803e-08, -1.935332206815378110e-09, -4.729682463017204075e-02, -8.841873625162380290e-02
1.357155609011955477e-01, -3.584499227500678557e-03, 4.439050476388068257e-04, 1.553603860475450717e-02, 0.000000000000000000e+00, 0.000000000000000000e+00, 0.000000000000000000e+00, -4.006298623853447594e-01
-5.621281539584506159e-01, 6.665724251534692613e-01, 1.481839712724249527e-08, 1.252314185548492224e-07, -2.574380773629291616e-09, -6.195678598751772070e-02, -1.166453240915824863e-01, 1.786021106017782190e-01
-4.606922565636334919e-03, 5.499709875366872933e-04, 2.068550794620233058e-02, 0.000000000000000000e+00, 0.000000000000000000e+00, 0.000000000000000000e+00, -6.062624833428228444e-01, -8.445963525284133633e-01
1.039485010701576728e+00, 8.300641354270435724e-08, 2.495801140713761843e-06, -1.287977525784399213e-08, -3.323906025681599985e-01, -6.394273888865301680e-01, 9.718179916091282955e-01, -2.242894599555005086e-02
3.329744829645668721e-04, 1.190539701661893074e-01, 0.000000000000000000e+00, 0.000000000000000000e+00, 0.000000000000000000e+00, -8.682251195575126923e-01, 1.016202396580414280e-01, 6.594966499010219696e-01
5.022765035363643271e-01, 2.562398433427004463e-01, 5.212678373779452284e-02, -7.542483200923031372e-01, 1.497951684690273511e-01, 6.044531503236784120e-01, 7.930127357537204436e-01, 5.144502610161710843e-01
9.959043541946006883e-02, 0.000000000000000000e+00, 0.000000000000000000e+00, 0.000000000000000000e+00, 1.942682624933884938e-01, -2.301525237525550716e-01, 1.525979323462256232e-01, 1.911939377976065169e-01
1.638080412916381040e-02, 4.753542312578362128e-01, 2.192007189828839436e-02, -3.074228815313181234e-02, 8.822216279139693043e-03, 4.797044683219366112e-02, 1.185643982720159008e-02, 1.200489692090152827e-01
0.000000000000000000e+00, 0.000000000000000000e+00, 0.000000000000000000e+00, 2.031664500551747243e-01, -2.393682297672072024e-01, 1.588915053559619428e-01, 1.991631781019790048e-01, 1.740128750812803757e-02
4.946826110247012909e-01, 3.298788502393715932e-02, -4.620101140076877944e-02, 1.321312629496692800e-02, 7.211510465298218153e-02, 1.786203318132186663e-02, 1.807425866814450777e-01, 0.000000000000000000e+00
0.000000000000000000e+00, 0.000000000000000000e+00, 1.819453065379799117e-01, -7.855374999730856123e-02, -2.905923451465689533e-01, -3.174983474503197955e-01, -3.479953906348143278e-01, -1.700169806597046085e-01
1.860033300138248802e-02, -3.603534339113202180e-03, -1.499679872542642595e-02, -3.993393461262077088e-02, -5.090517214058266904e-02, -2.148131577411315982e-02, 0.000000000000000000e+00, 0.000000000000000000e+00
0.000000000000000000e+00, 1.912330803095841913e-01, -8.213162953677646816e-02, -3.045218779224517780e-01, -3.330112167274847379e-01, -3.653881512925982178e-01, -1.781281497860310314e-01, 3.558240747114561203e-02
-6.954671626546088392e-03, -2.862773591999240308e-02, -7.607829862496150175e-02, -9.713443027130211349e-02, -4.095072977112119983e-02, 0.000000000000000000e+00, 0.000000000000000000e+00, 0.000000000000000000e+00
1.992327589521299125e-01, -8.512981460355491248e-02, -3.163363665175705219e-01, -3.462339250555345194e-01, -3.802987688015805334e-01, -1.850039742289708022e-01, 5.242142669594036103e-02, -1.037720116520703464e-02
-4.204422531659617740e-02, -1.113962897078345088e-01, -1.427165810902898402e-01, -5.997446567148635721e-02, 0.000000000000000000e+00, 0.000000000000000000e+00, 0.000000000000000000e+00, 2.072658882424954774e-01
-8.806846277124245892e-02, -3.280416413745717574e-01, -3.593925342364530096e-01, -3.952120833785021659e-01, -1.918133877522598951e-01, 7.097132645403124440e-02, -1.422907625985031163e-02, -5.674225005865972393e-02
-1.498396702477922671e-01, -1.926993999838078619e-01, -8.065663629506046595e-02, 0.000000000000000000e+00, 0.000000000000000000e+00, 0.000000000000000000e+00, 2.139836364827012727e-01, -9.047547331316078967e-02
-3.377191764902758297e-01, -3.703133826453646749e-01, -4.076420638935061014e-01, -1.974412928703812853e-01, 8.744229770090379550e-02, -1.770260309854959288e-02, -6.973969458034051661e-02, -1.836715013078651371e-01
-2.369116467818053184e-01, -9.883426640924207474e-02, 0.000000000000000000e+00, 0.000000000000000000e+00, 0.000000000000000000e+00, 3.268304477086425019e-01, -1.251295913771095780e-01, -4.875238571495471018e-01
-5.444619036062402495e-01, -6.118850643787780985e-01, -2.844050786458726665e-01, 4.238732183966238964e-01, -9.357890810677550741e-02, -3.302943106368894099e-01, -8.497988341883612184e-01, -1.116312469680247554e+00
-4.516687108018584973e-01, 0.000000000000000000e+00, 0.000000000000000000e+00, 0.000000000000000000e+00, -1.886519862915772561e-01, 1.639483150946292322e-01, -3.627977751576569876e-01, -9.448641614789846099e-02
4.644589524540642667e-01, 1.649226746713083613e-01, -2.635710232640737713e-03, 1.604237339678440261e-02, -1.340666318338939664e-02, -6.355110537741263596e-03, 5.395552009079040284e-02, 2.234899552360143302e-02
0.000000000000000000e+00, 0.000000000000000000e+00, 0.000000000000000000e+00, -1.985806639673528828e-01, 1.727925612976274339e-01, -3.812097823085400239e-01, -9.920873692179546510e-02, 4.891246895655789184e-01
1.737139077272119858e-01, -5.328662540301727472e-03, 3.284357247382119205e-02, -2.751491002868018329e-02, -1.285782026846662811e-02, 1.102992947018245212e-01, 4.584855870864180255e-02, 0.000000000000000000e+00
0.000000000000000000e+00, 0.000000000000000000e+00, -2.072367634114355706e-01, 1.805534618603952812e-01, -3.971054250719617817e-01, -1.032685071942932020e-01, 5.106843151091686739e-01, 1.814090103403153131e-01
-7.939638399326275769e-03, 4.995165517314718168e-02, -4.201201680872591881e-02, -1.928023195824965508e-02, 1.675798012650400459e-01, 7.003195203580420136e-02, 0.000000000000000000e+00, 0.000000000000000000e+00
0.000000000000000000e+00, -2.146336473695251434e-01, 1.872214894780039329e-01, -4.105765438652872468e-01, -1.066968220571215958e-01, 5.291475315240439237e-01, 1.880075271614857768e-01, -1.030854472962267239e-02
6.609513176918024868e-02, -5.578658701684389987e-02, -2.517885387962735463e-02, 2.215236251075003715e-01, 9.301221942201105819e-02, 0.000000000000000000e+00, 0.000000000000000000e+00, 0.000000000000000000e+00
-2.220110739089090068e-01, 1.939031075158786643e-01, -4.239157515175766555e-01, -1.100809943242274935e-01, 5.475967371963769148e-01, 1.946088286177365401e-01, -1.275698312425906783e-02, 8.330618356754523890e-02
-7.054920038529798043e-02, -3.132748907554096240e-02, 2.789204929333002903e-01, 1.176156659318350894e-01, 0.000000000000000000e+00, 0.000000000000000000e+00, 0.000000000000000000e+00, -2.293702689695596986e-01
2.005974578160387434e-01, -4.371310341520789344e-01, -1.134238524142616861e-01, 5.660328428244327803e-01, 2.012131248702056785e-01, -1.525307347793717141e-02, 1.013572483285330172e-01, -8.610417500935682589e-02
-3.764765635301459828e-02, 3.390066187209967441e-01, 1.434788362918089089e-01, 0.000000000000000000e+00, 0.000000000000000000e+00, 0.000000000000000000e+00, -3.352954581378757570e-01, 3.001183365682494331e-01
-6.174412344950828135e-01, -1.579849052329032055e-01, 8.350423571350763519e-01, 2.985869273815149327e-01, -5.170831174317100376e-02, 4.185162479954701031e-01, -3.668079341733544441e-01, -1.367494451342284034e-01
1.393033105095995872e+00, 6.010046423056529807e-01, 0.000000000000000000e+00, 0.000000000000000000e+00, 0.000000000000000000e+00, -9.560917575824326442e-02, -4.556005554010983394e-01, -1.838340947401132797e-01
-1.619173003422628709e-01, 2.269960085383340709e-01, 4.356772795058853620e-01, 1.067963913568150194e-02, -1.350716734525555553e-02, 2.827528190263503462e-03, -1.544137614406847388e-02, 2.777793808100144021e-02
5.618906184562689338e-02, 0.000000000000000000e+00, 0.000000000000000000e+00, 0.000000000000000000e+00, -9.972672283029999918e-02, -4.782665742564005673e-01, -1.929125830449912871e-01, -1.697187094644062588e-01
2.382211527618373070e-01, 4.573199186990383747e-01, 2.122377699669166298e-02, -2.680938417646915387e-02, 5.585607192620712161e-03, -3.074158521024722077e-02, 5.517854255089567339e-02, 1.118080287557630809e-01
0.000000000000000000e+00, 0.000000000000000000e+00, 0.000000000000000000e+00, -1.031794076284379830e-01, -4.980462050136981733e-01, -2.008193529510531317e-01, -1.764706439164153706e-01, 2.480020346172193968e-01
4.762000948119738952e-01, 3.190768012911148616e-02, -4.016334543954893505e-02, 8.255665041149842787e-03, -4.602012476964493365e-02, 8.273001888904428502e-02, 1.680188368221714745e-01, 0.000000000000000000e+00
0.000000000000000000e+00, 0.000000000000000000e+00, -1.060319422697746511e-01, -5.149621100490533454e-01, -2.075703767047969717e-01, -1.822050657047149524e-01, 2.563567629892162802e-01, 4.923426418858480869e-01
4.197510964656975957e-02, -5.264648158244759207e-02, 1.067137193293561659e-02, -6.021271116076151037e-02, 1.085042635269120592e-01, 2.208368146758190598e-01, 0.000000000000000000e+00, 0.000000000000000000e+00
0.000000000000000000e+00, -1.087929692488816547e-01, -5.318456502691357723e-01, -2.142989657570449069e-01, -1.878941452274618673e-01, 2.646870951557613316e-01, 5.084505473987863677e-01, 5.270259172050129753e-02
-6.585490050937856110e-02, 1.315230857392052019e-02, -7.516412172463894648e-02, 1.357970139030661716e-01, 2.769911615924247617e-01, 0.000000000000000000e+00, 0.000000000000000000e+00, 0.000000000000000000e+00
-1.415014680362597088e-01, -7.926312790296997646e-01, -3.171581666213917350e-01, -2.717382990684749089e-01, 3.925594294929601324e-01, 7.568739025576821655e-01, 2.596120574574978246e-01, -3.129050122913291654e-01
5.329295450044166382e-02, -3.522872671849460735e-01, 6.516330239558084658e-01, 1.365382389292937315e+00, 0.000000000000000000e+00, 0.000000000000000000e+00, 0.000000000000000000e+00, -1.424348461910024677e-01
-8.035684849805296848e-01, -3.214246128598172159e-01, -2.750732235755445343e-01, 3.978933542056868333e-01, 7.672776494862123542e-01, 2.695338933546813642e-01, -3.245522781428885062e-01, 5.501838543598503578e-02
-3.652971786721443404e-01, 6.762909280094735465e-01, 1.418364817306266401e+00, 0.000000000000000000e+00, 0.000000000000000000e+00, 0.000000000000000000e+00, 9.678951952043712836e-02, 2.543587369680016131e-03
-4.966623464593627330e-02, 4.565781199351340303e-01, 2.103372531689153835e-01, 2.630812889261269771e-01, 1.519981268418616437e-02, -5.691411492330085940e-03, -9.508401218381123607e-03, 1.253135648358484344e-01
4.899699784089190518e-02, 6.346801627035124349e-02, 0.000000000000000000e+00, 0.000000000000000000e+00, 0.000000000000000000e+00, 1.009690291013873586e-01, 3.450261377513857888e-03, -5.152776319711069308e-02
4.752106211467772012e-01, 2.193207661527845076e-01, 2.741001249656941918e-01, 2.243740927009396993e-02, -8.499423060981723885e-03, -1.393798644876853565e-02, 1.849922804834190915e-01, 7.228187898262888877e-02
9.369328186157108163e-02, 0.000000000000000000e+00, 0.000000000000000000e+00, 0.000000000000000000e+00, 1.044867850419204380e-01, 4.315795795263112182e-03, -5.305850249521743001e-02, 4.907541389232534801e-01
2.268696491540303228e-01, 2.833321184685517746e-01, 2.902764219058518239e-02, -1.109140557235185724e-02, -1.793623638553663163e-02, 2.392418871285208470e-01, 9.337417719475672728e-02, 1.211284024683008526e-01
0.000000000000000000e+00, 0.000000000000000000e+00, 0.000000000000000000e+00, 1.647147377385517752e-01, 3.010885367057362927e-02, -7.519586538589771718e-02, 7.414354653502734926e-01, 3.548237011471073732e-01
4.367820966090618096e-01, 1.663693524596895901e-01, -7.039350229361589217e-02, -9.597585113787311661e-02, 1.372735951464793880e+00, 5.322471738175197364e-01, 6.989532458834583073e-01, 0.000000000000000000e+00
0.000000000000000000e+00, 0.000000000000000000e+00, -5.492358189395493140e-01, 4.054851451059686140e-01, -4.834629134773613668e-01, -1.430078214019127263e-09, -2.050326811301721834e-08, 1.625469243949000102e-10
-1.338220236303647214e-03, 2.238224426149962570e-03, -9.000041899341588254e-04, -1.503521029033196609e-05, -2.774960024024550600e-05, -1.272105299165379201e-04, 0.000000000000000000e+00, 0.000000000000000000e+00
0.000000000000000000e+00, -5.854691053088739716e-01, 4.329924359393523270e-01, -5.154619432892515452e-01, -3.336907362447473199e-09, -2.462427701054222000e-08, 4.308489131224474457e-10, -2.426815872817526462e-02
4.070037170354666445e-02, -1.643221294744591152e-02, -2.778665076391652268e-04, -5.050497335975594713e-04, -2.274297540138162273e-03, 0.000000000000000000e+00, 0.000000000000000000e+00, 0.000000000000000000e+00
-6.143420582447163270e-01, 4.551351185338416427e-01, -5.409988333451927200e-01, -6.410524281557511141e-09, 8.276548878598776616e-09, 9.860739779369838777e-10, -4.708444658654466208e-02, 7.885049641814881327e-02
-3.176604982616439143e-02, -5.990450295294577447e-04, -1.030451850647032567e-03, -4.346934770574639902e-03, 0.000000000000000000e+00, 0.000000000000000000e+00, 0.000000000000000000e+00, -6.395119368997607134e-01
4.746236761148220351e-01, -5.632920263414431528e-01, -1.083508457242979845e-08, -1.397235504675881767e-08, 1.908431115329025874e-09, -7.053180127606763217e-02, 1.178628737150994449e-01, -4.733107240174474345e-02
-9.842106064290798151e-04, -1.609687830011284149e-03, -6.446894931058193105e-03, 0.000000000000000000e+00, 0.000000000000000000e+00, 0.000000000000000000e+00, -6.610196176153747549e-01, 4.914093863251026151e-01
-5.823633089826562026e-01, -1.617501321294464386e-08, -1.363794964302893449e-08, 3.101776148973547471e-09, -9.276750371322425859e-02, 1.547504092654517216e-01, -6.198290569359312524e-02, -1.375191943902809430e-03
-2.165576117678991337e-03, -8.421225835924488548e-03, 0.000000000000000000e+00, 0.000000000000000000e+00, 0.000000000000000000e+00, -6.824716056293828048e-01, 5.082638892812659792e-01, -6.014032075605744154e-01
-2.304393411856003531e-08, 3.251735021802741056e-08, 4.706954812567198756e-09, -1.164921189911479332e-01, 1.940416931875543760e-01, -7.754957431261585987e-02, -1.810013981873894113e-03, -2.744584294452837112e-03
-1.051685189526081754e-02, 0.000000000000000000e+00, 0.000000000000000000e+00, 0.000000000000000000e+00, -1.019066805326055425e+00, 7.864401420613760241e-01, -9.021631310566942119e-01, -4.869808515515614388e-07
4.791892853972143985e-07, 1.324146856341132235e-07, -5.906758720428643139e-01, 9.797314769491838327e-01, -3.890556049020802432e-01, -1.184918841762959939e-02, -1.335607006415793357e-02, -4.920906864617084764e-02
0.000000000000000000e+00, 0.000000000000000000e+00, 0.000000000000000000e+00, -4.218797454381795764e-01, 7.280009737028036304e-03, -8.042688119465086771e-01, -7.508423479469158446e-01, 4.365970497269338613e-01
-1.583903410952222923e-01, 1.828761724578036041e-02, 3.112262581533602468e-01, -3.295138747919013067e-01, -1.323071362985339450e+00, 7.108935238694754633e-01, -2.572685824506174002e-01, 0.000000000000000000e+00
0.000000000000000000e+00, 0.000000000000000000e+00, -4.277989689206126434e-01, 8.501964309983385190e-03, -8.149686058649585618e-01, -7.613157983195941725e-01, 4.430492068288213736e-01, -1.613878869218722534e-01
1.902023994667944098e-02, 3.232277633935468630e-01, -3.422480024065586712e-01, -1.375986082707517655e+00, 7.391834827030610011e-01, -2.679705254299179495e-01, 0.000000000000000000e+00, 0.000000000000000000e+00
0.000000000000000000e+00, 1.153207033608924861e-02, -4.977879169749300781e-01, 1.146289251370427587e-01, 2.058698403421481693e-01, 3.211479707483186341e-01, 2.121323445302968347e-01, 1.049719860276632222e-02
-2.619212192457289617e-02, 1.569492332860438280e-02, 2.757367022267635456e-02, 3.735346017926797352e-02, 3.045426772257031969e-02, 0.000000000000000000e+00, 0.000000000000000000e+00, 0.000000000000000000e+00
1.222372268217392609e-02, -5.197548348042256849e-01, 1.201613908283085397e-01, 2.154523826234151784e-01, 3.358885678965495836e-01, 2.217908425495715430e-01, 1.974371260345154921e-02, -4.921168348867937387e-02
2.946797076504240401e-02, 5.181332247431242460e-02, 7.020071338139870221e-02, 5.723297080776430096e-02, 0.000000000000000000e+00, 0.000000000000000000e+00, 0.000000000000000000e+00, 1.295914874740007779e-02
-5.415955858969274672e-01, 1.257838230001243340e-01, 2.251098298369992035e-01, 3.506951556421548655e-01, 2.314728260760328671e-01, 3.056126856373776388e-02, -7.604040557534882949e-02, 4.547913698446975905e-02
8.005376949206301218e-02, 1.082775415720103052e-01, 8.841890169849497827e-02, 0.000000000000000000e+00, 0.000000000000000000e+00, 0.000000000000000000e+00, 2.736073189885524989e-02, -8.398844697577103613e-01
2.135960643171236906e-01, 3.690079317089818289e-01, 5.666176512181503311e-01, 3.710305575292509039e-01, 2.547192710615537314e-01, -6.223593562141861435e-01, 3.676400869845805053e-01, 6.584645393226791210e-01
8.760024887858646192e-01, 7.381566709115466862e-01, 0.000000000000000000e+00, 0.000000000000000000e+00, 0.000000000000000000e+00, -9.355847591260492424e-02, -4.798009979419601626e-03, -1.826808070352757898e-02
2.116019897631416652e-02, -3.220837482427217346e-01, -4.727022779094213756e-01, -6.383573356747013899e-03, 6.381681212008987782e-03, 1.892192821344662121e-06, 2.446238389708821521e-03, -7.656943360048956704e-02
-1.161693421305309282e-01, 0.000000000000000000e+00, 0.000000000000000000e+00, 0.000000000000000000e+00, -9.651043428570772742e-02, -4.989403837378217008e-03, -1.864732413941730046e-02, 2.252331725332993098e-02
-3.349781848730044032e-01, -4.916672540415943926e-01, -9.456682903244790703e-03, 9.502477149440110085e-03, -4.579410963806813072e-05, 3.745270474542919913e-03, -1.135367534789092636e-01, -1.721811878956087394e-01
0.000000000000000000e+00, 0.000000000000000000e+00, 0.000000000000000000e+00, -9.932450068205157800e-02, -5.180601216564459897e-03, -1.896364292245297789e-02, 2.397919978104715022e-02, -3.478768947797624134e-01
-5.106435088215139917e-01, -1.281812869170658765e-02, 1.294603060826352015e-02, -1.279019642482458999e-04, 5.268818364734625947e-03, -1.541671801230026506e-01, -2.335422233046240414e-01, 0.000000000000000000e+00
0.000000000000000000e+00, 0.000000000000000000e+00, -1.015711320054304978e-01, -5.339758326193812417e-03, -1.918241628889463465e-02, 2.525862138480059263e-02, -3.586294391438842322e-01, -5.264654200523066763e-01
-1.579605938330768539e-02, 1.601255062759859848e-02, -2.164911928643286720e-04, 6.707133232007700917e-03, -1.902325302089861725e-01, -2.878692420367118809e-01, 0.000000000000000000e+00, 0.000000000000000000e+00
0.000000000000000000e+00, -1.037330946602832288e-01, -5.498741943425275967e-03, -1.936286808530445630e-02, 2.659472082049486180e-02, -3.693855562473543630e-01, -5.422948620572158873e-01, -1.891293172041400364e-02
1.922925165855968871e-02, -3.163199481490905633e-04, 8.297811090762285263e-03, -2.278927526155161698e-01, -3.445054078058693570e-01, 0.000000000000000000e+00, 0.000000000000000000e+00, 0.000000000000000000e+00
-1.264590619802385130e-01, -7.884574919614065550e-03, -1.755221385380839258e-02, 5.368197615999469735e-02, -5.336020019273877146e-01, -7.839315186091694310e-01, -7.785044480932805377e-02, 8.202254376788652157e-02
-4.172098325021903441e-03, 4.873963858212906897e-02, -9.178089833549275545e-01, -1.375884580279484348e+00, 0.000000000000000000e+00, 0.000000000000000000e+00, 0.000000000000000000e+00, -6.592158746204733744e-01
-8.123406086971126164e-03, -1.104640567820492691e+00, 1.390449073387225131e-10, -3.732261937165928727e-08, -3.353832598798957521e-09, -2.412974014765032101e-03, 3.648947822183330747e-02, -3.407650421423166071e-02
7.640553178220202499e-04, -9.259198220208585909e-04, -2.744150640842442368e-03, 0.000000000000000000e+00, 0.000000000000000000e+00, 0.000000000000000000e+00, -6.902899502365742457e-01, -8.515061617787323886e-03
-1.155751476400112443e+00, 2.538377197127642737e-10, -6.470029190067994816e-09, -6.075285338317849580e-09, -4.670641655770043851e-03, 7.027459091646846845e-02, -6.560394928770145462e-02, 1.474210058693511743e-03
-1.793608296037788171e-03, -5.273642237536881917e-03, 0.000000000000000000e+00, 0.000000000000000000e+00, 0.000000000000000000e+00, -7.185307734957624426e-01, -8.872865333819476147e-03, -1.201992951409140309e+00
4.170748619269204696e-10, -5.330141206020573302e-08, -9.920846746630808910e-09, -6.989154348838557892e-03, 1.054733856758275218e-01, -9.848423147934159960e-02, 2.216563175076538290e-03, -2.714623550625938284e-03
-7.920659919432164117e-03, 0.000000000000000000e+00, 0.000000000000000000e+00, 0.000000000000000000e+00, -7.439407962779827077e-01, -9.196227798750466337e-03, -1.243441491501857898e+00, 6.204931135141806660e-10
-9.704317295656995700e-08, -1.467661398781036610e-08, -9.243432436708408362e-03, 1.400211952480004685e-01, -1.307777628347538412e-01, 2.941403808671688627e-03, -3.614208201270499229e-03, -1.051142350201529456e-02
0.000000000000000000e+00, 0.000000000000000000e+00, 0.000000000000000000e+00, -7.665222603020419578e-01, -9.484644406930919924e-03, -1.280162106523661691e+00, 8.525517917913721436e-10, -1.078968281838262415e-07
-2.009834223950329619e-08, -1.135171101065282108e-02, 1.724542376822768008e-01, -1.611025267415746309e-01, 3.622525565659338084e-03, -4.455663122087937314e-03, -1.292889038576762635e-02, 0.000000000000000000e+00
0.000000000000000000e+00, 0.000000000000000000e+00, -1.149664649410016448e+00, -1.451168241228498537e-02, -1.889471926369444166e+00, 1.677532868105114858e-08, -2.153109454430690385e-06, -3.974604326939323167e-07
-5.634166345791694758e-02, 8.314171811125509182e-01, -7.750755189167041204e-01, 1.786085340973192839e-02, -2.041336449190404162e-02, -6.045615993995263893e-02, 0.000000000000000000e+00, 0.000000000000000000e+00
0.000000000000000000e+00, -1.166530991443628151e+00, -1.473910631765727730e-02, -1.915694852433971418e+00, 1.822403391950668652e-08, -2.282102897241642361e-06, -4.324500433519725057e-07, -5.872036132655768237e-02
8.639041202886864612e-01, -8.051837591792623261e-01, 1.859417942227279547e-02, -2.115571417071832050e-02, -6.276829620144253052e-02, 0.000000000000000000e+00, 0.000000000000000000e+00, 0.000000000000000000e+00
-8.837836988822220796e-01, 3.962561639127575863e-01, -1.093686548978612061e+00, 2.197675337056035072e-01, 4.330347483818302035e-01, -3.185895303496598385e-02, -2.984560946808189619e-01, 7.911940589260544332e-01
-4.927379669198493350e-01, 4.852694363580785097e-01, 7.995077875469063233e-01, -7.993907818802423182e-02, 0.000000000000000000e+00, 0.000000000000000000e+00, 0.000000000000000000e+00, -4.263972291561075045e-01
1.352345942477806151e-01, -2.522185850987659905e-01, -4.285730624460771243e-01, -2.360536558636803783e-01, 1.554099058879021833e-01, -2.812534903343831896e-02, 3.704948634301546972e-02, -8.924137334909180638e-03
-1.034698342001338783e-01, -6.726249649124210750e-02, 2.593326119068205607e-02, 0.000000000000000000e+00, 0.000000000000000000e+00, 0.000000000000000000e+00, -4.443903501318308691e-01, 1.417487138585616369e-01
-2.627297769091677115e-01, -4.469969086744084996e-01, -2.462149644059434261e-01, 1.625095869698122697e-01, -4.219440851270435389e-02, 5.566285560820737055e-02, -1.346844696358080393e-02, -1.554106658635044658e-01
-1.012828763656933584e-01, 3.878469488712378566e-02, 0.000000000000000000e+00, 0.000000000000000000e+00, 0.000000000000000000e+00, -4.597769826186892672e-01, 1.474435202723227145e-01, -2.716961967871351913e-01
-4.628055447266423150e-01, -2.549346901345965755e-01, 1.686658371892054975e-01, -5.544005456946372867e-02, 7.320833362925661947e-02, -1.776827894472469624e-02, -2.043447181064330376e-01, -1.335362074891394968e-01
5.079191115326792128e-02, 0.000000000000000000e+00, 0.000000000000000000e+00, 0.000000000000000000e+00, -7.018146266222047291e-01, 2.509417686174539863e-01, -4.104403244209193224e-01, -7.178283449184020837e-01
-3.960423249547050384e-01, 2.754538954504199832e-01, -3.354581261046333807e-01, 4.417454979278229166e-01, -1.062873717795360384e-01, -1.246165070681714448e+00, -8.309825172375288060e-01, 3.092435202903825453e-01
0.000000000000000000e+00, 0.000000000000000000e+00, 0.000000000000000000e+00, -4.547052514392143502e-02, 6.550183962622125877e-01, 1.370257363311079557e-01, -3.174944594692643007e-01, -3.160147061389405321e-02
2.976582253120956256e-01, -1.981363804135945900e-02, 2.362097602486370670e-02, -3.807337883320831892e-03, -3.911201534487173531e-02, -7.684060839516689825e-04, 3.925906947541542985e-02, 0.000000000000000000e+00
0.000000000000000000e+00, 0.000000000000000000e+00, -4.737855622526531557e-02, 6.885795187870050738e-01, 1.438624007486418999e-01, -3.333409245263624365e-01, -3.352335481692667735e-02, 3.127838376653901964e-01
-3.909756564827329001e-02, 4.661069899644705583e-02, -7.513133307343771924e-03, -7.699439051402477696e-02, -1.461401147755429612e-03, 7.735230310204460613e-02, 0.000000000000000000e+00, 0.000000000000000000e+00
0.000000000000000000e+00, -4.896528595325688737e-02, 7.181230608877802180e-01, 1.498416515061548326e-01, -3.471997555926909507e-01, -3.528147752060303843e-02, 3.260728868593779084e-01, -5.877859871690305216e-02
6.995411313393502806e-02, -1.117551429213452588e-02, -1.153296320471509234e-01, -1.986552270351145920e-03, 1.160944038568230002e-01, 0.000000000000000000e+00, 0.000000000000000000e+00, 0.000000000000000000e+00
-6.505295907829260205e-02, 1.178387512266373838e+00, 2.392720985599385564e-01, -5.547517782247575191e-01, -6.849267956122186141e-02, 5.308872103986703728e-01, -4.924560094317376180e-01, 5.753138721068752348e-01
-8.285786358242519523e-02, -9.365784165645684167e-01, -1.738752861964285024e-02, 9.383388930973983744e-01, 0.000000000000000000e+00, 0.000000000000000000e+00, 0.000000000000000000e+00, -4.126696086936880170e-01
6.706040163200286397e-01, 3.298809016018179330e-01, 4.391669145419771217e-09, -1.807791553951838106e-08, -2.372858113282391710e-09, -3.699159629860698795e-02, 3.201841273071593524e-02, 4.973183544560061918e-03
-1.752461873592613042e-03, 4.849588016992202621e-04, -1.931699305453716837e-03, 0.000000000000000000e+00, 0.000000000000000000e+00, 0.000000000000000000e+00, -4.306637104213894007e-01, 7.010749294696816403e-01
3.446332677737843908e-01, 7.698322468471803244e-09, -2.852628579796787060e-08, -4.107504983331684144e-09, -7.009134890798196516e-02, 6.067496109270403143e-02, 9.416387930194706005e-03, -3.294305537348904064e-03
9.007921610850678964e-04, -3.702799387516154690e-03, 0.000000000000000000e+00, 0.000000000000000000e+00, 0.000000000000000000e+00, -1.173757136990411093e-01, 9.617408014083648204e-01, 1.815489076046006289e-01
-2.131449125958290235e-09, -4.680094171495379058e-09, 9.752276070464734338e-11, -3.220515130800616355e-02, 3.856476646186177831e-02, -6.359615136292949902e-03, -9.120389110942535337e-04, -1.674857688690464331e-04
-2.198248903014613474e-03, 0.000000000000000000e+00, 0.000000000000000000e+00, 0.000000000000000000e+00, -1.228916292006787259e-01, 1.008868876205472498e+00, 1.902130807390733647e-01, -3.714554259312184961e-09
-1.211119963574555385e-08, 1.812349180448296085e-10, -6.290083789899858502e-02, 7.533845073278164217e-02, -1.243761275423339689e-02, -1.852166205924967108e-03, -2.973492908033392289e-04, -4.292708382592960031e-03
0.000000000000000000e+00, 0.000000000000000000e+00, 0.000000000000000000e+00, -1.800961687372413245e-01, 5.934635999766789682e-01, 1.901064239614697754e-02, 9.109374986812625308e-02, 3.516506740538823811e-03
-8.414821147298138238e-01, -3.465175590886244161e-01, 4.073968183650689134e-01, -6.087925873270975258e-02, 1.337320939510990847e-01, 9.965585064884088448e-03, -1.503822331608998697e+00, 0.000000000000000000e+00
0.000000000000000000e+00, 0.000000000000000000e+00, -5.207695628328549153e-01, 1.211071352146877445e+00, 3.955761875503213121e-01, -1.499850689695038930e-01, -3.490815033966968017e-01, 1.725713316728838542e-01
-7.605599541731481450e-01, 7.723844646697720639e-01, -1.182451072901781995e-02, -3.491455095506689754e-01, -5.893922124614688896e-01, 2.653354644048007693e-01, 0.000000000000000000e+00, 0.000000000000000000e+00
0.000000000000000000e+00, 3.288298156962912167e-01, 3.611186577176697665e-01, 1.265484172421451170e+00, -7.818397044791423490e-10, 1.714853099075523719e-08, 1.749093702978134338e-10, -1.917431734897169634e-03
-1.441219352448535945e-03, 3.358651090632229844e-03, -7.691451992060719355e-05, -2.240073896247208384e-06, 4.011423874661551917e-04, 0.000000000000000000e+00, 0.000000000000000000e+00, 0.000000000000000000e+00
3.490026229161834470e-01, 3.833282416077988253e-01, 1.345359976085055420e+00, -1.721622228025577267e-09, 5.907763939380477675e-08, 3.806938895819471214e-10, -2.313694034415153186e-02, -1.742654740150874695e-02
4.056348782893473559e-02, -9.870532834348778872e-04, 2.405323382241310350e-05, 4.775106704340908829e-03, 0.000000000000000000e+00, 0.000000000000000000e+00, 0.000000000000000000e+00, 3.650814211114899455e-01
4.010494490976315718e-01, 1.409656534578700215e+00, -2.574846605822451754e-09, 8.206350446308500917e-08, 5.401260015726663262e-10, -4.414290463838969891e-02, -3.314129900261639922e-02, 7.728420365426053040e-02
-1.877506100629007220e-03, 4.857665222441961820e-05, 9.220101401431014809e-03, 0.000000000000000000e+00, 0.000000000000000000e+00, 0.000000000000000000e+00, 3.784336237274872894e-01, 4.157810093169226895e-01
1.463547875015848154e+00, -3.115225520349850357e-09, 1.425987116506840951e-07, 6.100059520911061749e-10, -6.464968088897395104e-02, -4.833690144087367246e-02, 1.129865824244604966e-01, -2.695639492037788226e-03
3.633569817517100741e-05, 1.369785791214967949e-02, 0.000000000000000000e+00, 0.000000000000000000e+00, 0.000000000000000000e+00, 3.904149452394289899e-01, 4.290119489562160826e-01, 1.512288306064728527e+00
-3.197612314964692372e-09, 1.898476518844272532e-07, 5.841708595128830206e-10, -8.515291500167819494e-02, -6.340665300229263168e-02, 1.485595677434018436e-01, -3.463826641604515321e-03, -8.118363902902073768e-06
1.825537570103702087e-02, 0.000000000000000000e+00, 0.000000000000000000e+00, 0.000000000000000000e+00, 4.023644273389432868e-01, 4.422184398497730484e-01, 1.561240859755699928e+00, -2.677238348671962397e-09
2.550802180023849024e-07, 4.438291575540838364e-10, -1.072338402224250614e-01, -7.953125106676624256e-02, 1.867650910889333826e-01, -4.244563079395887242e-03, -8.404311181473213710e-05, 2.321365176538611741e-02
0.000000000000000000e+00, 0.000000000000000000e+00, 0.000000000000000000e+00, 4.129611372191379082e-01, 4.539382858790182995e-01, 1.604923272639368959e+00, -1.406076112402645567e-09, 3.195508507172806145e-07
1.831389092704655041e-10, -1.279444958066447702e-01, -9.458549694728896062e-02, 2.225299928066642174e-01, -4.945215888088497908e-03, -1.817936991849484357e-04, 2.789692771094361493e-02, 0.000000000000000000e+00
0.000000000000000000e+00, 0.000000000000000000e+00, 5.793979703504255063e-01, 6.390209304273644086e-01, 2.325373447809719885e+00, 3.200802406895169685e-07, 4.988181689986521395e-06, -4.420095608989608223e-08
-5.470666115658283646e-01, -3.952487247467449949e-01, 9.423153360910603293e-01, -1.768084883258309523e-02, -4.225840816244539645e-03, 1.246630162006543419e-01, 0.000000000000000000e+00, 0.000000000000000000e+00
0.000000000000000000e+00, 5.870396745210143541e-01, 6.475711261712551181e-01, 2.360274908019825535e+00, 3.590411446488750271e-07, 5.442392407023739648e-06, -4.923841166682394404e-08, -5.705251312081486281e-01
-4.119742531972543920e-01, 9.824993855507690999e-01, -1.836708627534586885e-02, -4.472799354913623189e-03, 1.300625671174256426e-01, 0.000000000000000000e+00, 0.000000000000000000e+00, 0.000000000000000000e+00
-5.367854878210026603e-01, 1.568216458198969376e-01, -3.720181397442044041e-02, 1.797329227234029103e-01, 3.108961352958038438e-01, 8.066645788675367301e-01, -3.504831258863351229e-01, 2.483387741807773219e-01
1.021443524309440243e-01, 3.384924610170393366e-01, 5.520901991424727040e-01, 1.398063125640298665e+00, 0.000000000000000000e+00, 0.000000000000000000e+00, 0.000000000000000000e+00, -3.416221490402965300e-01
-1.204005279333640877e-01, -9.844992386241621651e-02, -2.169105156266532830e-01, 1.967068322328834606e-01, 4.615665397367664236e-01, -9.573082622192629135e-03, 5.759678100362535837e-03, 3.813404609855620703e-03
-2.837159135150774114e-02, 2.269785957870753407e-02, 6.492641378213495629e-02, 0.000000000000000000e+00, 0.000000000000000000e+00, 0.000000000000000000e+00, -3.584368965144961172e-01, -1.265032220893891612e-01
-1.034496923655079809e-01, -2.279091236566750112e-01, 2.064794477501655234e-01, 4.854644181032479189e-01, -1.853241224008874560e-02, 1.129830923345377658e-02, 7.234103034784107426e-03, -5.484135598007452983e-02
4.387350071448661848e-02, 1.257283539363775737e-01, 0.000000000000000000e+00, 0.000000000000000000e+00, 0.000000000000000000e+00, -3.729483479684470026e-01, -1.318119274655396023e-01, -1.078011487843091309e-01
-2.374777953028250899e-01, 2.149349834147546157e-01, 5.063624563839881354e-01, -2.754278229820926460e-02, 1.710812307036104277e-02, 1.043465911213282797e-02, -8.140674659860963613e-02, 6.495442044489335709e-02
1.869600801654660305e-01, 0.000000000000000000e+00, 0.000000000000000000e+00, 0.000000000000000000e+00, -3.852455066441494713e-01, -1.363400505910856431e-01, -1.115148099324405340e-01, -2.456411719585499254e-01
2.221159443168384817e-01, 5.242661187685786484e-01, -3.596428986284083001e-02, 2.270647715772272646e-02, 1.325781259216499142e-02, -1.062164896293397442e-01, 8.447850092901430796e-02, 2.442016436681090086e-01
0.000000000000000000e+00, 0.000000000000000000e+00, 0.000000000000000000e+00, -3.974215074237170131e-01, -1.408492942410558557e-01, -1.152148193633072415e-01, -2.537720436915765210e-01, 2.292399515504877083e-01
5.421621803253399152e-01, -4.489480248330082746e-02, 2.877229630484350736e-02, 1.612250620140835353e-02, -1.324672833156375351e-01, 1.049950947860553846e-01, 3.048162252769283653e-01, 0.000000000000000000e+00
0.000000000000000000e+00, 0.000000000000000000e+00, -4.094835658395590272e-01, -1.453408405718522867e-01, -1.189021228020308435e-01, -2.618725646535707829e-01, 2.363107354759042267e-01, 5.600512365108298862e-01
-5.423455094158671774e-02, 3.522470194353135436e-02, 1.900984880736190930e-02, -1.598402980889665204e-01, 1.262708086216221548e-01, 3.680683696490424373e-01, 0.000000000000000000e+00, 0.000000000000000000e+00
0.000000000000000000e+00, -4.194518939167294902e-01, -1.490707629380468857e-01, -1.219655629022002447e-01, -2.686007333835424560e-01, 2.421642310623855210e-01, 5.749535876817122304e-01, -6.227325000328085003e-02
4.084793771429236220e-02, 2.142531201849795161e-02, -1.833545788117799946e-01, 1.444710331077678767e-01, 4.224155835864227826e-01, 0.000000000000000000e+00, 0.000000000000000000e+00, 0.000000000000000000e+00
-5.687468637623102063e-01, -2.071826994586503101e-01, -1.698816719136019004e-01, -3.735809680210901984e-01, 3.311640404307020780e-01, 8.127890247013588310e-01, -2.135422337655455138e-01, 1.518016002017628929e-01
6.174063316503756310e-02, -6.140618826443732248e-01, 4.732008676847468398e-01, 1.422117517110224716e+00, 0.000000000000000000e+00, 0.000000000000000000e+00, 0.000000000000000000e+00, -5.756769623191734242e-01
-2.100077905580321758e-01, -1.722222189955849581e-01, -3.786938032164986478e-01, 3.353741985109637835e-01, 8.246516401971105692e-01, -2.221466029379315088e-01, 1.582750812434411680e-01, 6.387152503030388284e-02
-6.378279891376279487e-01, 4.912341379238873151e-01, 1.477666094129396646e+00, 0.000000000000000000e+00, 0.000000000000000000e+00, 0.000000000000000000e+00, 1.787149196837043708e-01, -5.709689325026696682e-01
-2.251759780552272661e-01, 5.097006208752705714e-01, 3.190340999672424682e-01, 6.014797062148556916e-01, 3.456040773695814861e-01, -3.777516091085373340e-01, 3.214753110188551394e-02, 9.390189572090041903e-01
4.679638990493357187e-01, 1.102859978614058933e+00, 0.000000000000000000e+00, 0.000000000000000000e+00, 0.000000000000000000e+00, -1.209423496176187801e-01, -1.204156420218816387e-01, -7.405478147565033309e-01
2.770979860340513357e-01, 3.648019418246265522e-01, -1.048293039135103077e-01, 2.412193098828658427e-02, 2.347974338128484481e-02, -4.760167436717846479e-02, 7.097779045686701538e-02, 8.782418143939853261e-02
-2.110276152300919264e-02, 0.000000000000000000e+00, 0.000000000000000000e+00, 0.000000000000000000e+00, -1.256817897675597262e-01, -1.249058573321365356e-01, -7.686311572695154748e-01, 2.876443973485188765e-01
3.791077506049121415e-01, -1.086226511598512856e-01, 3.478387406012335009e-02, 3.374076057945570722e-02, -6.852463461865004879e-02, 1.022682196557401502e-01, 1.265476060417461135e-01, -3.021815717769084711e-02
0.000000000000000000e+00, 0.000000000000000000e+00, 0.000000000000000000e+00, -1.304234103393087929e-01, -1.293583749882384337e-01, -7.965640944613356922e-01, 2.981419812252263934e-01, 3.934216155621596545e-01
-1.123624073159678050e-01, 4.648489935949160629e-02, 4.492435333593296914e-02, -9.140925250810334746e-02, 1.365707204075063685e-01, 1.689918853870363280e-01, -4.009097356028711034e-02, 0.000000000000000000e+00
0.000000000000000000e+00, 0.000000000000000000e+00, -1.344892665280983668e-01, -1.331468622582600569e-01, -8.203948963978956455e-01, 3.071039526924366769e-01, 4.056964621303634777e-01, -1.155278806487018278e-01
5.716201797136059165e-02, 5.508369264296544832e-02, -1.122457106090223172e-01, 1.678702099548622928e-01, 2.076969750303031825e-01, -4.901534705143991560e-02, 0.000000000000000000e+00, 0.000000000000000000e+00
0.000000000000000000e+00, -1.997544314372659002e-01, -1.907175024974541167e-01, -1.189433861901608713e+00, 4.466963081931625279e-01, 6.027951748321562775e-01, -1.616602732703235623e-01, 2.661423323968535315e-01
2.497850312054382682e-01, -5.159273636327176282e-01, 7.826050839421193617e-01, 9.616647821469611612e-01, -2.130718259251624946e-01, 0.000000000000000000e+00, 0.000000000000000000e+00, 0.000000000000000000e+00
-2.031670455117327578e-01, -1.935549580771296074e-01, -1.208010145008800773e+00, 4.537745353255546177e-01, 6.131024577982824297e-01, -1.638168242758693272e-01, 2.784697765437371686e-01, 2.610187511517113590e-01
-5.394885248405091316e-01, 8.190311724898010626e-01, 1.005822703884578617e+00, -2.221255889040028575e-01, 0.000000000000000000e+00, 0.000000000000000000e+00, 0.000000000000000000e+00, -2.065813233618765676e-01
-1.963752855240470663e-01, -1.226517915584960816e+00, 4.608332524989565138e-01, 6.234145744705856806e-01, -1.659464571423055756e-01, 2.909323540335261860e-01, 2.723475137686486858e-01, -5.632798674202748046e-01
8.558785522921183997e-01, 1.050430695179871643e+00, -2.312075882257143278e-01, 0.000000000000000000e+00, 0.000000000000000000e+00, 0.000000000000000000e+00, 6.272572307739615605e-01, 1.505415056095730786e-01
5.333624182299135930e-01, -4.293544765845200284e-02, 4.690339152432721481e-01, -3.018003262104578255e-01, 2.739115204150423255e-02, -4.473632727079823040e-02, 1.734517513662494140e-02, 1.533951835870114204e-03
1.510393977317985581e-01, -1.045681974381711954e-01, 0.000000000000000000e+00, 0.000000000000000000e+00, 0.000000000000000000e+00, 6.486127548255656849e-01, 1.554972278407973640e-01, 5.518741468408417949e-01
-4.478435778462423744e-02, 4.848301167614996743e-01, -3.117324715450126571e-01, 3.597484644152101202e-02, -5.874845103617119119e-02, 2.277360452430701732e-02, 2.086694123602529302e-03, 1.980013829837575234e-01
-1.373539679231037813e-01, 0.000000000000000000e+00, 0.000000000000000000e+00, 0.000000000000000000e+00, 6.700267737272841417e-01, 1.604446487070652905e-01, 5.704808682862070324e-01, -4.668614532882268270e-02
5.006486303872257349e-01, -3.216476989079476434e-01, 4.514244153044315311e-02, -7.369124099838025854e-02, 2.854879958476417082e-02, 2.715385830197357755e-03, 2.479046039597124218e-01, -1.723062831932749006e-01
0.000000000000000000e+00, 0.000000000000000000e+00, 0.000000000000000000e+00, 1.007204820313718274e+00, 2.358236695248477899e-01, 8.685821132774916853e-01, -8.193617092159667659e-02, 7.474782285550737315e-01
-4.729368877932929593e-01, 2.292168428544759662e-01, -3.669710508418594919e-01, 1.377542087149089822e-01, 9.939742405550443596e-03, 1.204306679720379858e+00, -8.534395711979737564e-01, 0.000000000000000000e+00
0.000000000000000000e+00, 0.000000000000000000e+00, 1.023144772050430085e+00, 2.392674750148995610e-01, 8.829242799346747050e-01, -8.384860225177026560e-02, 7.590480895854031518e-01, -4.798695433106701103e-01
2.394159016849992938e-01, -3.828880869241665930e-01, 1.434721855851874284e-01, 9.863823856198612738e-03, 1.255367340737298054e+00, -8.901572932188813736e-01, 0.000000000000000000e+00, 0.000000000000000000e+00
0.000000000000000000e+00, 1.941322532101587006e-01, 8.242489714564436021e-01, -9.442862183491128603e-01, -3.792794872816249718e-01, 2.226315571558248885e-01, -2.802657930310900602e-02, 8.520144707889813762e-02
7.336744220939379613e-01, -8.188758707353440691e-01, -6.723673774134483194e-01, 3.151716265325199551e-01, -1.245059430868990513e-01, 0.000000000000000000e+00, 0.000000000000000000e+00, 0.000000000000000000e+00
1.657614452870339317e-01, -1.487064310916614007e-01, -3.520901702502397534e-01, 4.470780659005850199e-01, -2.059112771132171615e-01, 7.563546994659192668e-02, 1.762374006060386106e-02, -2.309696170837620931e-03
-1.531404388956314477e-02, 5.286506384783400125e-02, -2.552852948518232259e-02, 6.134929970935369334e-03, 0.000000000000000000e+00, 0.000000000000000000e+00, 0.000000000000000000e+00, 1.749499004074412112e-01
-1.560973955110268319e-01, -3.710440778958042918e-01, 4.712977009695513697e-01, -2.172290148314970915e-01, 7.943132161316235340e-02, 3.618252338837860127e-02, -4.785419440694692501e-03, -3.139710384043793018e-02
1.085131403679489431e-01, -5.249927297727515624e-02, 1.235667853938519911e-02, 0.000000000000000000e+00, 0.000000000000000000e+00, 0.000000000000000000e+00, 1.818611019753003932e-01, -1.614966277974290154e-01
-3.851929663596156961e-01, 4.894088974780503309e-01, -2.257283340665310056e-01, 8.221189357811592435e-02, 5.238518008881330734e-02, -6.986075422304507780e-03, -4.539910478962935758e-02, 1.569715390697971613e-01
-7.615307389233121060e-02, 1.754687759219202350e-02, 0.000000000000000000e+00, 0.000000000000000000e+00, 0.000000000000000000e+00, 1.887889062730722933e-01, -1.667764710439422482e-01, -3.992865474172411777e-01
5.074758900938282080e-01, -2.342365501230792846e-01, 8.493747337859079705e-02, 7.024051370946853001e-02, -9.461436497167706461e-03, -6.077907718184400593e-02, 2.102161577134992465e-01, -1.022783646904366350e-01
2.309716806999686720e-02, 0.000000000000000000e+00, 0.000000000000000000e+00, 0.000000000000000000e+00, 1.957321749279252732e-01, -1.719463299614980567e-01, -4.133290593182998296e-01, 5.255021464756641780e-01
-2.427534703534319771e-01, 8.761237807463281846e-02, 8.938617288367969871e-02, -1.217537027339609876e-02, -7.721080278725345192e-02, 2.671219677132407044e-01, -1.303092986803920938e-01, 2.889662425150271718e-02
0.000000000000000000e+00, 0.000000000000000000e+00, 0.000000000000000000e+00, 2.015291196548200658e-01, -1.761765409170234220e-01, -4.249948939350443045e-01, 5.404952872582208245e-01, -2.498575297923865401e-01
8.980550587492816539e-02, 1.061072796806930008e-01, -1.459340799635218226e-02, -9.151387186200631019e-02, 3.166846303715916688e-01, -1.547892920467010824e-01, 3.385397501535736958e-02, 0.000000000000000000e+00
0.000000000000000000e+00, 0.000000000000000000e+00, 3.026354715465505718e-01, -2.385262717075532224e-01, -6.208179635552130149e-01, 7.946675302970912513e-01, -3.731013452770093330e-01, 1.227111620800192537e-01
4.498583501327357848e-01, -7.000781576097529768e-02, -3.798505345355677187e-01, 1.336935692860756753e+00, -6.582399107124580206e-01, 1.234608855096453461e-01, 0.000000000000000000e+00, 0.000000000000000000e+00
0.000000000000000000e+00, 1.059875457293436019e-01, -1.204950128783840169e-01, 1.294295583170676500e-01, 5.066671987909981967e-02, -5.563535213390545797e-01, -7.952362613637413424e-02, 5.008065704347305219e-03
-9.875597506250007040e-03, 4.867531840924164965e-03, 5.914992045123065000e-03, -1.342716055793193863e-01, -1.788235185650968034e-02, 0.000000000000000000e+00, 0.000000000000000000e+00, 0.000000000000000000e+00
1.102258303752589735e-01, -1.252618177598529559e-01, 1.356566591101546482e-01, 5.283821859559543338e-02, -5.785090237629700871e-01, -8.272171822908955252e-02, 7.436528437331604499e-03, -1.457700910287462910e-02
7.140480515327726936e-03, 8.812872992129723235e-03, -1.997463019081750779e-01, -2.648784467911375479e-02, 0.000000000000000000e+00, 0.000000000000000000e+00, 0.000000000000000000e+00, 1.144684145677920400e-01
-1.300254351973935130e-01, 1.420734741139790536e-01, 5.503765560839188331e-02, -6.006714264775878664e-01, -8.592560726653185321e-02, 1.008287009324619100e-02, -1.962521230347731918e-02, 9.542342120413271900e-03
1.193597177792021791e-02, -2.715127862508393553e-01, -3.588141575408410749e-02, 0.000000000000000000e+00, 0.000000000000000000e+00, 0.000000000000000000e+00, 6.675505150903501272e-01, -2.636883744004867025e-01
6.557641880877416174e-01, 1.101579092751764285e-09, -1.258747795273078771e-08, -7.727807852127228329e-11, 1.585323789921464855e-03, -3.013420963284979721e-03, 1.428097178613318497e-03, 9.375603968326808670e-06
4.168128122017425273e-05, 1.748717482003917792e-04, 0.000000000000000000e+00, 0.000000000000000000e+00, 0.000000000000000000e+00, 7.094200779964652259e-01, -2.797897999449991402e-01, 6.968593071998284705e-01
2.463295062329957144e-09, 1.662942951621256379e-08, -1.797619683937260099e-10, 2.043527274537254232e-02, -3.886945616362639383e-02, 1.843418338492686798e-02, 1.044239019815357256e-04, 5.461097150164915702e-04
2.236905726601777413e-03, 0.000000000000000000e+00, 0.000000000000000000e+00, 0.000000000000000000e+00, 7.437842262300721208e-01, -2.928848003547754320e-01, 7.305751783760010554e-01, 4.640295139122442076e-09
-2.302312746920638161e-08, -4.665673794442492808e-10, 3.935116178648589980e-02, -7.480461731510171242e-02, 3.545345562510203441e-02, 2.295938346728670324e-04, 1.111970941173368076e-03, 4.287509467741174897e-03
0.000000000000000000e+00, 0.000000000000000000e+00, 0.000000000000000000e+00, 7.744235485050839918e-01, -3.044564477547790360e-01, 7.606250687122566578e-01, 7.778638723803434378e-09, -5.823026636419778494e-09
-1.071373071912930046e-09, 5.903274183970979444e-02, -1.121120523688483445e-01, 5.307931049022054232e-02, 4.190409102380285864e-04, 1.742678736354486392e-03, 6.401549997353804013e-03, 0.000000000000000000e+00
0.000000000000000000e+00, 0.000000000000000000e+00, 8.013033682337088459e-01, -3.145303818038623911e-01, 7.869791353269800505e-01, 1.162602535920825067e-08, 1.584793690238714938e-08, -1.981500222199000081e-09
7.814261574669825738e-02, -1.482666768502169663e-01, 7.012406121630772315e-02, 6.421407446444974592e-04, 2.361409435854170541e-03, 8.441172744672927747e-03, 0.000000000000000000e+00, 0.000000000000000000e+00
0.000000000000000000e+00, 8.282436443164039597e-01, -3.245605322825009242e-01, 8.133849015816847494e-01, 1.661348109212942356e-08, -1.323084623236110561e-08, -3.290019590655596275e-09, 9.860512098367603395e-02
-1.869276984467888592e-01, 8.832257782225849674e-02, 8.986936783820148383e-04, 3.018250190669040985e-03, 1.061533957279253877e-02, 0.000000000000000000e+00, 0.000000000000000000e+00, 0.000000000000000000e+00
8.552395430469921234e-01, -3.345504369031866432e-01, 8.398387947370223872e-01, 2.280287261334528353e-08, -4.886689418212771677e-08, -5.023126735248504739e-09, 1.200984516846826666e-01, -2.275037334139596579e-01
1.074052814950367807e-01, 1.174997357120014874e-03, 3.693210160419496419e-03, 1.288190505309952036e-02, 0.000000000000000000e+00, 0.000000000000000000e+00, 0.000000000000000000e+00, 8.784211572278526337e-01
-3.430828390040486231e-01, 8.625500682907363270e-01, 2.914249540831090820e-08, -9.261592675817273564e-09, -6.870829643240471355e-09, 1.391813750603518030e-01, -2.635109112168299572e-01, 1.243295360408812056e-01
1.421737811922146009e-03, 4.278734760407203533e-03, 1.488261249979794774e-02, 0.000000000000000000e+00, 0.000000000000000000e+00, 0.000000000000000000e+00, 1.246673069269249590e+00, -4.731639318761916013e-01
1.222768640880629532e+00, 3.061008446609253685e-07, -4.163500142468128976e-07, -1.110769510443993266e-07, 4.902172020634687488e-01, -9.249000787593573136e-01, 4.346828766638404784e-01, 6.181415663697099883e-03
1.358213184991029394e-02, 5.170118562109827370e-02, 0.000000000000000000e+00, 0.000000000000000000e+00, 0.000000000000000000e+00, 1.266551370680901734e+00, -4.798812773075493143e-01, 1.242181085102748828e+00
3.338026915094739119e-07, -4.097200462054482651e-07, -1.221425727070938861e-07, 5.113571210221738994e-01, -9.646880897342867689e-01, 4.533309696190025995e-01, 6.442411482103028823e-03, 1.409085064916349231e-02
5.396526140412803013e-02, 0.000000000000000000e+00, 0.000000000000000000e+00, 0.000000000000000000e+00, 1.037403714896911522e+00, -5.532414552055491264e-01, -3.430449399454715831e-01, -3.713148004685787318e-01
-1.795761950546385932e-01, -1.460326910385932042e-01, 8.414500865458462986e-01, -5.188095647204400418e-01, -3.226405221910464971e-01, -7.305524293234196831e-01, -3.436608626888379425e-01, -2.577066154073940907e-01
0.000000000000000000e+00, 0.000000000000000000e+00, 0.000000000000000000e+00, -1.212599206107691924e-01, -2.839249304989465150e-01, -3.743056999492351544e-02, 9.092023382711058588e-01, 2.889207541023412068e-02
2.075565761233927609e-01, 2.946001253434135658e-02, -1.324535845205573603e-01, 1.029935730902233615e-01, 1.600613323240489327e+00, 1.337317380135558120e-01, 3.720208913873037093e-01, 0.000000000000000000e+00
0.000000000000000000e+00, 0.000000000000000000e+00, 2.102101231937718029e-01, -2.800009593485404680e-01, -2.623717849237826583e-01, -1.598610137130357933e-01, 3.824073855542032829e-01, -3.488639866187269178e-01
3.561940901763138018e-02, -1.764759656503995036e-02, -1.797181250944897626e-02, -3.261747097564170889e-02, 9.065133447433422476e-02, -8.227304946035852995e-02, 0.000000000000000000e+00, 0.000000000000000000e+00
0.000000000000000000e+00, 2.198890068434456169e-01, -2.920234199032721301e-01, -2.731911255029750851e-01, -1.672464088622406253e-01, 3.994364273355878736e-01, -3.641277098666326206e-01, 5.349268784818611566e-02
-2.647242083060925844e-02, -2.702026710541846274e-02, -4.897376681228248624e-02, 1.363067592003712192e-01, -1.237934892655632169e-01, 0.000000000000000000e+00, 0.000000000000000000e+00, 0.000000000000000000e+00
2.282699878442812358e-01, -3.023044327271313114e-01, -2.823714368792795693e-01, -1.736467612435777796e-01, 4.140973734124656080e-01, -3.772274739288732359e-01, 7.038351642312788703e-02, -3.478278175388560545e-02
-3.560073469641356070e-02, -6.446455844617479669e-02, 1.795308900411900221e-01, -1.631023984582720965e-01, 0.000000000000000000e+00, 0.000000000000000000e+00, 0.000000000000000000e+00, 3.718154743533293449e-01
-4.639755818363534567e-01, -4.189987164491973948e-01, -2.839560518608186812e-01, 6.562682245507024392e-01, -5.889822639745103672e-01, 4.331311617859212038e-01, -2.104127024558980485e-01, -2.227184585470991518e-01
-4.091502471660371509e-01, 1.097549459377144876e+00, -1.010041171618381250e+00, 0.000000000000000000e+00, 0.000000000000000000e+00, 0.000000000000000000e+00, -4.497545993454476337e-02, 1.097748245728209365e-01
-2.846391281000424933e-01, 3.631303901856121619e-01, -1.563373820173490081e-01, -3.313972492403194359e-01, 3.688558932748452028e-03, 1.185221300365345634e-02, -1.554077198632322632e-02, 4.995472005571120755e-02
-1.686197495237513194e-02, -3.963013800971798561e-02, 0.000000000000000000e+00, 0.000000000000000000e+00, 0.000000000000000000e+00, -4.683571876217628577e-02, 1.157780949970799028e-01, -2.985680479059391046e-01
3.811586080714041147e-01, -1.645320376557996289e-01, -3.481873378076444370e-01, 7.190208911290548247e-03, 2.316447787066467853e-02, -3.035468676752586109e-02, 9.772833621306530050e-02, -3.295636641079048579e-02
-7.758716696589722239e-02, 0.000000000000000000e+00, 0.000000000000000000e+00, 0.000000000000000000e+00, -4.835003046465213145e-02, 1.210478592656767244e-01, -3.104620824918420396e-01, 3.966107057527916147e-01
-1.716505806998573358e-01, -3.626556712014212258e-01, 1.072109936760329285e-02, 3.444559460281808316e-02, -4.516669398613182285e-02, 1.455943228242518317e-01, -4.898408363631383267e-02, -1.153966212148077458e-01
0.000000000000000000e+00, 0.000000000000000000e+00, 0.000000000000000000e+00, -4.955749377037950432e-02, 1.255235121604016679e-01, -3.203427383475537238e-01, 4.094880142503162235e-01, -1.776471960214086876e-01
-3.747653661419071969e-01, 1.397978211185536487e-02, 4.477818972696562955e-02, -5.875797189049684899e-02, 1.895716971915651083e-01, -6.368709569617765631e-02, -1.499536445630963999e-01, 0.000000000000000000e+00
0.000000000000000000e+00, 0.000000000000000000e+00, -5.071900621892503486e-02, 1.300700068721063474e-01, -3.301968438461477806e-01, 4.223664436072442352e-01, -1.836983481583061295e-01, -3.869200705928104167e-01
1.745897218020868100e-02, 5.577266501809628740e-02, -7.323163707427714220e-02, 2.364635183696731369e-01, -7.937851105803413188e-02, -1.866473948911965275e-01, 0.000000000000000000e+00, 0.000000000000000000e+00
0.000000000000000000e+00, -5.183729114837037910e-02, 1.346826498020390617e-01, -3.400261153035855077e-01, 4.352463090652827771e-01, -1.898009547471903313e-01, -3.991172976473296719e-01, 2.110608681636449990e-02
6.729170463501886468e-02, -8.839779184346696628e-02, 2.856612519231039871e-01, -9.587493982733678866e-02, -2.250184010507224885e-01, 0.000000000000000000e+00, 0.000000000000000000e+00, 0.000000000000000000e+00
-6.340494110839235697e-02, 2.115366252708245354e-01, -4.845173619610981808e-01, 6.288735100336464434e-01, -2.876255178729431039e-01, -5.872970868883735651e-01, 8.420273743483119855e-02, 2.772829906762729890e-01
-3.614857303778995501e-01, 1.190781665935541245e+00, -4.065342312380370027e-01, -9.264468735499546970e-01, 0.000000000000000000e+00, 0.000000000000000000e+00, 0.000000000000000000e+00, -3.580072570944350940e-01
3.879360946151248490e-01, -2.768598559511160073e-01, 6.102713771064637305e-01, -1.159492800008050800e-01, 6.218161589076423024e-01, -2.090019056738848247e-01, 3.609904043443183386e-01, -1.519885012058158347e-01
1.070322096650887733e+00, -2.469476858130920383e-01, 1.075728269805195092e+00, 0.000000000000000000e+00, 0.000000000000000000e+00, 0.000000000000000000e+00, -5.837844886524389265e-01, 4.918263460231627193e-01
1.944067586834195560e-01, 3.012886754494855735e-09, -5.693989292121508624e-09, -3.615499023235532634e-09, -3.616179101614731134e-02, 3.003782218512965341e-02, 6.123968748425706425e-03, -1.825006761400733155e-03
4.787913782494500488e-04, -1.750266644371842881e-03, 0.000000000000000000e+00, 0.000000000000000000e+00, 0.000000000000000000e+00, -6.119279372509577319e-01, 5.165161465849937850e-01, 2.040260441370038980e-01
5.605087110092416626e-09, -2.353563996267739984e-08, -6.626741925077886917e-09, -7.261594251521198695e-02, 6.034305170022712800e-02, 1.227289089093054272e-02, -3.632576134322699872e-03, 9.499157732589366600e-04
-3.558374695208463712e-03, 0.000000000000000000e+00, 0.000000000000000000e+00, 0.000000000000000000e+00, -1.010310861827930395e+00, 8.916961956792980315e-01, 3.462957124301462297e-01, 5.567705039572152579e-07
-8.406967299217931838e-07, -6.200286973464995915e-07, -9.244808780177202756e-01, 7.860753803981053167e-01, 1.384054966018805621e-01, -4.966129230570260483e-02, 1.390890874294536603e-02, -4.962042162684528190e-02
0.000000000000000000e+00, 0.000000000000000000e+00, 0.000000000000000000e+00, -1.123622321816860337e-01, 4.203486865200085631e-01, -1.775306791837409359e-01, -1.117724762445083397e-01, -1.042725432750198217e-01
4.457515287966759554e-01, -1.283706475343990294e-02, 2.289881403989535436e-02, -1.006174921087364151e-02, -1.277626857629407184e-02, -1.417253786596056088e-02, 6.049159521874431650e-02, 0.000000000000000000e+00
0.000000000000000000e+00, 0.000000000000000000e+00, -1.171659466130399591e-01, 4.415182529912193843e-01, -1.862556764542756260e-01, -1.174627992206558752e-01, -1.095983417570719348e-01, 4.681960027855273099e-01
-2.466339757408420735e-02, 4.386182603795106549e-02, -1.919842866143699894e-02, -2.445933090677412935e-02, -2.711631428427336774e-02, 1.156585901543338013e-01, 0.000000000000000000e+00, 0.000000000000000000e+00
0.000000000000000000e+00, -1.211174488725417359e-01, 4.597266840529622423e-01, -1.937162392372201447e-01, -1.223723210283467616e-01, -1.141951175210754454e-01, 4.875002140215068946e-01, -3.655427602138031085e-02
6.465320618930270324e-02, -2.809893023097625661e-02, -3.596775065706195318e-02, -4.000844656071454730e-02, 1.703026098921160414e-01, 0.000000000000000000e+00, 0.000000000000000000e+00, 0.000000000000000000e+00
-1.656878888886866297e-01, 7.451592405031776112e-01, -3.063070216566281534e-01, -2.006269329156621928e-01, -1.879495752276449938e-01, 7.900817442092694654e-01, -3.071272119861659378e-01, 5.263120488430016453e-01
-2.191848352485654960e-01, -2.922042529351991380e-01, -3.227497704147609392e-01, 1.348092934913795782e+00, 0.000000000000000000e+00, 0.000000000000000000e+00, 0.000000000000000000e+00, 3.298719434833049385e-02
1.095676004365912171e+00, -2.050704924532510687e-01, 4.241104307852024968e-01, 4.268604243045573954e-01, -1.934233271509442631e-01, -2.521913938156895574e-01, 6.973015075672310825e-01, -4.451101151904422459e-01
8.615567289853562905e-01, 7.609303396555333610e-01, -3.400479342808037098e-01, 0.000000000000000000e+00, 0.000000000000000000e+00, 0.000000000000000000e+00, 9.100883601160554559e-02, -6.896918316374416325e-01
-3.513970938435262981e-01, 1.586197845177813592e-01, 6.735863429775919009e-01, -5.500466906641875431e-01, 3.438262375788626035e-01, -3.026182592665481730e-01, -4.120797729759928529e-02, 3.382251234998878142e-01
1.127904836078376105e+00, -9.624496948319716250e-01, 0.000000000000000000e+00, 0.000000000000000000e+00, 0.000000000000000000e+00, 9.296788808758878198e-02, -6.994554977929248185e-01, -3.556534873741776792e-01
1.602015623239556319e-01, 6.835245129314400092e-01, -5.576578514160340783e-01, 3.575639830707703082e-01, -3.145237426990903362e-01, -4.304024047884552617e-02, 3.511256362274254306e-01, 1.172153268428541617e+00
-1.000866962426490980e+00, 0.000000000000000000e+00, 0.000000000000000000e+00, 0.000000000000000000e+00, -8.376379347581863755e-02, 2.606631398438874481e-01, 9.881439756756991155e-01, 1.064392257987665097e-01
-4.561817560286111073e-01, -6.635458245494720853e-01, -3.973765103653600361e-01, -1.057813665460317354e-01, 5.031578769088516090e-01, 2.160396349216794354e-01, -9.015331950705445241e-01, -1.113673760702766913e+00
0.000000000000000000e+00, 0.000000000000000000e+00, 0.000000000000000000e+00, 7.401509604739915371e-01, -2.390855455229872195e-01, -1.168517206846715478e-01, -3.949478001305123375e-10, -2.624178417757400700e-08
2.326464358488638691e-09, 3.949533606192174445e-03, -2.613310605176965163e-03, -1.336223003003141237e-03, 2.182345776895534047e-04, -4.199903896809416173e-05, 1.079682682501927093e-04, 0.000000000000000000e+00
0.000000000000000000e+00, 0.000000000000000000e+00, 7.868707622334151219e-01, -2.537408522759916352e-01, -1.240534437558603320e-01, -8.611660337790058865e-10, -3.083441463597513685e-08, 4.842124439708536866e-09
4.031178100780602458e-02, -2.654525780790797929e-02, -1.376652317154935211e-02, 2.139658621581532350e-03, -4.151750480803453641e-04, 1.138089506175474046e-03, 0.000000000000000000e+00, 0.000000000000000000e+00
0.000000000000000000e+00, 8.280032199743774246e-01, -2.665083165519842590e-01, -1.303427610025494343e-01, -1.654340923049107121e-09, 7.902159675441191086e-09, 9.146271936601633973e-09, 7.966287351712669773e-02
-5.255222242292075657e-02, -2.711065121509816447e-02, 4.213895316346256970e-03, -8.303949287962219313e-04, 2.317988894298119058e-03, 0.000000000000000000e+00, 0.000000000000000000e+00, 0.000000000000000000e+00
8.634693831626522043e-01, -2.774053992388585410e-01, -1.357235428923661558e-01, -2.790881570051391850e-09, -9.621442695139937794e-09, 1.543353571499689402e-08, 1.190912089048312833e-01, -7.881116313114520933e-02
-4.028004570457549560e-02, 6.390612685128562766e-03, -1.266061113422660769e-03, 3.547574064903641442e-03, 0.000000000000000000e+00, 0.000000000000000000e+00, 0.000000000000000000e+00, 8.931684445056474742e-01
-2.864548502798175411e-01, -1.402005705912030831e-01, -4.156356296536074857e-09, 2.833727432035053961e-08, 2.319067256425755935e-08, 1.553060986794923548e-01, -1.030511120642953055e-01, -5.225498669987675010e-02
8.479461117348685226e-03, -1.681126905406342366e-03, 4.698245529891486791e-03, 0.000000000000000000e+00, 0.000000000000000000e+00, 0.000000000000000000e+00, 9.229894693624738355e-01, -2.954778035039433703e-01
-1.446716437244594811e-01, -5.994481068307670124e-09, -1.380515234489387525e-08, 3.378135312238017377e-08, 1.939180174146580282e-01, -1.289799361335122185e-01, -6.493808148394679403e-02, 1.077197396460303873e-02
-2.139107521266729768e-03, 5.937876918399535159e-03, 0.000000000000000000e+00, 0.000000000000000000e+00, 0.000000000000000000e+00, 1.409316353749772155e+00, -4.349121528556478822e-01, -2.145577441718020117e-01
-1.459674597526583330e-07, 4.245502475465624841e-07, 8.841608892791288481e-07, 9.702897809481104696e-01, -6.508813299534647046e-01, -3.194084520558373996e-01, 5.837298450871965250e-02, -1.072401555534677892e-02
3.211223722881739046e-02, 0.000000000000000000e+00, 0.000000000000000000e+00, 0.000000000000000000e+00, 1.626485560224041615e-01, 5.927935362145914100e-01, 2.807908499862214469e-01, 5.865848683046616385e-02
4.847120412287240776e-01, -3.299847912577694165e-01, -3.513054518978819818e-02, 5.006507201099938409e-02, -1.493452687566529900e-02, 1.449043350180690033e-02, 2.009166429562367906e-01, -1.480551011133970918e-01
0.000000000000000000e+00, 0.000000000000000000e+00, 0.000000000000000000e+00, 2.579841457623658907e-01, 9.125654068572573996e-01, 4.490464000935025513e-01, 7.613419108410075797e-02, 7.360042010037338711e-01
-5.073787956480098060e-01, -2.005957460019612837e-01, 2.971344919302453813e-01, -9.653874564222551802e-02, 6.160099220185193819e-02, 1.189867955326746607e+00, -8.781712448200487131e-01, 0.000000000000000000e+00
0.000000000000000000e+00, 0.000000000000000000e+00, 2.629448593206208939e-01, 9.285521544740606981e-01, 4.578811890452846867e-01, 7.667744011275194616e-02, 7.483316929370406045e-01, -5.162614312855740017e-01
-2.098719609951841814e-01, 3.113475451310306896e-01, -1.014755848465621751e-01, 6.360978401773059732e-02, 1.246432728628716458e+00, -9.197059677575289971e-01, 0.000000000000000000e+00, 0.000000000000000000e+00
0.000000000000000000e+00, 2.679306871348830499e-01, 9.445547342299369653e-01, 4.667684832547442930e-01, 7.718857827083892842e-02, 7.606482564911642985e-01, -5.251557308663047374e-01, -2.192452330400649629e-01
3.257439634942855822e-01, -1.064987310201515602e-01, 6.557495807502629337e-02, 1.303686949003578732e+00, -9.617188810408475730e-01, 0.000000000000000000e+00, 0.000000000000000000e+00, 0.000000000000000000e+00
-1.270388878036393387e-01, 4.188108674185608837e-02, -3.926200171977417552e-02, -4.364268542319007516e-01, 2.952121247984841879e-01, -2.032669596194878470e-01, -4.021135813519689448e-03, 4.826851108630574212e-03
-8.057152533388619664e-04, -5.841520450031994355e-02, 3.822272007443042185e-02, -2.248653903273204260e-02, 0.000000000000000000e+00, 0.000000000000000000e+00, 0.000000000000000000e+00, -1.328752377439344490e-01
4.451452839668687544e-02, -4.081267567750443415e-02, -4.571240485182964663e-01, 3.093076323332092370e-01, -2.132926091470846719e-01, -7.476631094467930949e-03, 9.001051872655613934e-03, -1.524420740784927395e-03
-1.092581789120386226e-01, 7.152391190786343278e-02, -4.202424767786452214e-02, 0.000000000000000000e+00, 0.000000000000000000e+00, 0.000000000000000000e+00, -1.378522037635385444e-01, 4.690925764709541479e-02
-4.208071793129927046e-02, -4.749036107508181059e-01, 3.214354011315747606e-01, -2.219854692769129001e-01, -1.078682837224967210e-02, 1.310584054213144271e-02, -2.319012266136429804e-03, -1.595209009934794864e-01
1.044660079492866628e-01, -6.119157689416610674e-02, 0.000000000000000000e+00, 0.000000000000000000e+00, 0.000000000000000000e+00, -1.428057017893842318e-01, 4.942770175415286266e-02, -4.329332580655390755e-02
-4.927194608065244008e-01, 3.336050270232855941e-01, -2.307684009678601655e-01, -1.435932728664646510e-02, 1.762356912764422370e-02, -3.264241866071690683e-03, -2.150372361713875358e-01, 1.408970309238886387e-01
-8.223946290917717727e-02, 0.000000000000000000e+00, 0.000000000000000000e+00, 0.000000000000000000e+00, -1.469166287855896980e-01, 5.161467796280071879e-02, -4.426409950881360356e-02, -5.075924944986368592e-01
3.437765809210328039e-01, -2.381521673682444606e-01, -1.749462397720528625e-02, 2.163107608523682363e-02, -4.136451867306389224e-03, -2.644807141580408083e-01, 1.733867290621390889e-01, -1.009140485958497507e-01
0.000000000000000000e+00, 0.000000000000000000e+00, 0.000000000000000000e+00, -1.510127569349848375e-01, 5.387701883125525087e-02, -4.520090591712220413e-02, -5.224886809428005430e-01, 3.539741597730523548e-01
-2.455915564165218612e-01, -2.075085720375519777e-02, 2.580889935511555128e-02, -5.058042263009498302e-03, -3.162193818055213379e-01, 2.074264773058949463e-01, -1.204085165408834146e-01, 0.000000000000000000e+00
0.000000000000000000e+00, 0.000000000000000000e+00, -1.550945766135585768e-01, 5.621160259094374473e-02, -4.610497972816625378e-02, -5.374075297630264147e-01, 3.641969229347918335e-01, -2.530845890953082877e-01
-2.411542169345957942e-02, 3.012708780413160883e-02, -6.011665785276728430e-03, -3.698538590366567957e-01, 2.427583116938534236e-01, -1.405874347171605643e-01, 0.000000000000000000e+00, 0.000000000000000000e+00
0.000000000000000000e+00, -6.602509182257889631e-01, -3.655364550024089443e-01, 4.356745824379459342e-01, 4.124452141198141111e-09, 8.177499227289035175e-08, -1.989976280351183832e-09, -4.157604613503804170e-02
-8.234878045209639147e-03, 4.981092417055838634e-02, -1.167490454491821759e-03, 3.394693525176369466e-04, 5.228394160223062172e-03, 0.000000000000000000e+00, 0.000000000000000000e+00, 0.000000000000000000e+00
-6.917243000043467038e-01, -3.832152099423384306e-01, 4.572791824650965231e-01, 6.435751247823067233e-09, 6.486204240860679675e-08, -2.891925661670942539e-09, -7.083942038435903088e-02, -1.407008153631178655e-02
8.490950179862077896e-02, -1.927895638172281729e-03, 5.323034753237303835e-04, 9.005819702405944149e-03, 0.000000000000000000e+00, 0.000000000000000000e+00, 0.000000000000000000e+00, -1.047668072450573529e-01
1.173055811759026040e-01, 3.230202963279647094e-02, -1.866320575392475256e-01, 1.274952352016716361e-01, 5.202975409166034071e-01, -1.243669279920621082e-02, 1.327394329164394322e-02, -8.372504227500546844e-04
-4.212818149745119201e-02, 2.593869918641962535e-02, 1.268013353360663009e-01, 0.000000000000000000e+00, 0.000000000000000000e+00, 0.000000000000000000e+00, -1.079793916995900049e-01, 1.220998033291840756e-01
3.363153964113879679e-02, -1.938581680591740797e-01, 1.322074507275100008e-01, 5.409939996390156214e-01, -1.845907151586632933e-02, 1.976253366246480056e-02, -1.303462217800494026e-03, -6.231173037968922024e-02
3.833145859329083888e-02, 1.874634390345124857e-01, 0.000000000000000000e+00, 0.000000000000000000e+00, 0.000000000000000000e+00, 7.884522948515948482e-01, 2.850903090367623016e-01, 1.523830425824824197e-01
-3.194343518548208860e-01, 3.585547137242060117e-02, -3.919846738070168479e-01, 6.357539837499456836e-02, -1.833499938345593480e-02, -4.524039892877459307e-02, -1.137590203335980404e-01, 8.315546349861362369e-04
-1.367808950910572863e-01, 0.000000000000000000e+00, 0.000000000000000000e+00, 0.000000000000000000e+00, 1.256508050104273355e+00, 4.522894316429225681e-01, 2.350646725744726939e-01, -4.930917962895872142e-01
6.862027802056921977e-02, -6.091906584804600566e-01, 4.775189745111216855e-01, -1.359224773157718114e-01, -3.415964980494002323e-01, -8.550267774379075592e-01, 1.120872598841653883e-02, -1.026907455432398697e+00
0.000000000000000000e+00, 0.000000000000000000e+00, 0.000000000000000000e+00, 1.275912928525419598e+00, 4.591688463386388031e-01, 2.383276344051591389e-01, -4.999632248620543562e-01, 7.020850076831296194e-02
-6.178778792864149105e-01, 4.971304187852378376e-01, -1.414106545248317304e-01, -3.557197634508207362e-01, -8.901029550356673870e-01, 1.205740287258185058e-02, -1.069134492225005229e+00, 0.000000000000000000e+00
0.000000000000000000e+00, 0.000000000000000000e+00, 1.295377632817221514e+00, 4.660647586836986767e-01, 2.415867082547900890e-01, -5.068285937883718617e-01, 7.182048048138008067e-02, -6.265655204146460822e-01
5.169747960637690598e-01, -1.469543685450102333e-01, -3.700204261282243334e-01, -9.255947499007636248e-01, 1.294849505384067408e-02, -1.111870330209072666e+00, 0.000000000000000000e+00, 0.000000000000000000e+00
0.000000000000000000e+00, -3.744731721061865803e-01, 3.542115017517196152e-01, 1.914686534320055311e-01, 1.625461024675632637e-01, -3.417876859634343401e-01, -2.221529501905784298e-01, -4.900903523036189563e-02
3.476655206901971967e-02, 1.424248314401436837e-02, 4.162423019825448045e-02, -8.030337710980109400e-02, -5.676910196138354459e-02, 0.000000000000000000e+00, 0.000000000000000000e+00, 0.000000000000000000e+00
-6.038828287757184166e-01, 5.965596238099734050e-01, 3.326030837972262511e-01, 2.797152627946738468e-01, -5.622902582496656088e-01, -3.799176415775724069e-01, -5.847507303849025506e-01, 4.183275999639776699e-01
1.664231296119514925e-01, 5.214945402311093048e-01, -9.790192798524325335e-01, -6.878943128853700628e-01, 0.000000000000000000e+00, 0.000000000000000000e+00, 0.000000000000000000e+00, 2.098833226239716354e-01
-3.253992503579420381e-01, -3.120850518810907581e-01, 5.275798958111233700e-02, -4.651394191924896337e-01, -1.485946954198862080e-01, 3.893978377317440509e-02, -1.174455007575019548e-02, -2.719523382381225374e-02
6.606204800465705074e-03, -1.103008982998538029e-01, -3.294219933203823558e-02, 0.000000000000000000e+00, 0.000000000000000000e+00, 0.000000000000000000e+00, 2.181389074790532900e-01, -3.378572523580306575e-01
-3.232432072418134350e-01, 5.500013746687771460e-02, -4.833076394231358708e-01, -1.543320244372633210e-01, 5.757233702890504623e-02, -1.719923106914911237e-02, -4.037310586859724215e-02, 9.806528707738747935e-03
-1.630271484626398537e-01, -4.871591569348844575e-02, 0.000000000000000000e+00, 0.000000000000000000e+00, 0.000000000000000000e+00, 2.264267870956950257e-01, -3.503065326708866278e-01, -3.342496963145151767e-01
5.728052592306960566e-02, -5.015250723869620897e-01, -1.600738544056821699e-01, 7.808856461516026914e-02, -2.306623715503087341e-02, -5.502232755394666913e-02, 1.332045022252892341e-02, -2.210734511560102089e-01
-6.608424652788529030e-02, 0.000000000000000000e+00, 0.000000000000000000e+00, 0.000000000000000000e+00, 3.569517928318640121e-01, -5.401596949474753995e-01, -4.870121848319006186e-01, 9.643268342131181003e-02
-7.861685438171928109e-01, -2.487606812990309779e-01, 4.985899050452656800e-01, -1.370398527645493580e-01, -3.615500529837578081e-01, 8.818402618176859886e-02, -1.388961054284743701e+00, -4.199459493322438841e-01
0.000000000000000000e+00, 0.000000000000000000e+00, 0.000000000000000000e+00, -3.780386871653609177e-02, -3.821296926370139624e-01, -6.599448535549514716e-01, -6.795864434713506652e-01, -2.365532395375269728e-02
5.483896751705609196e-01, 2.592278356593578637e-01, -4.580653280190333937e-02, -2.134213023930784936e-01, -1.223734899052592473e+00, -9.869265979587571458e-02, 9.823214456196858180e-01, 0.000000000000000000e+00
0.000000000000000000e+00, 0.000000000000000000e+00, -3.773430975817039512e-02, -3.867948495813382515e-01, -6.695773091065256866e-01, -6.896119003512375389e-01, -2.487211315998481484e-02, 5.565869753366663453e-01
2.698086801095392895e-01, -4.777024616527855705e-02, -2.220384331670096079e-01, -1.275173119976065639e+00, -1.033995252736690795e-01, 1.023599390776799067e+00, 0.000000000000000000e+00, 0.000000000000000000e+00
0.000000000000000000e+00, -6.539692718606417987e-01, -3.164941274785973424e-01, -1.342530979491189935e-01, 8.220107903621605427e-02, 4.621216453562941306e-01, -3.248887689534117329e-01, -5.727045152548490559e-02
5.722093470827286157e-03, 5.154835799580396311e-02, 2.221879587365898148e-02, 2.069015663595452914e-01, -1.304012916200403271e-01, 0.000000000000000000e+00, 0.000000000000000000e+00, 0.000000000000000000e+00
-9.856579795726984061e-01, -4.851774430691243589e-01, -1.869689808705345402e-01, 1.121297063957676504e-01, 7.008789892352269568e-01, -4.968904238345238089e-01, -3.297909636642316622e-01, 2.950522505874291976e-02
3.002857369758569761e-01, 1.052408849741727631e-01, 1.234634142514519306e+00, -7.640487019461837948e-01, 0.000000000000000000e+00, 0.000000000000000000e+00, 0.000000000000000000e+00, -9.989827561601690720e-01
-4.921351077619396386e-01, -1.887463661560281059e-01, 1.130539950812860656e-01, 7.105802375326840670e-01, -5.039767771975904864e-01, -3.424289323432938570e-01, 3.060638175961438029e-02, 3.118225495299960515e-01
1.085500331494949483e-01, 1.283727153295572299e+00, -7.940671274884718578e-01, 0.000000000000000000e+00, 0.000000000000000000e+00, 0.000000000000000000e+00, -1.012277129436322864e+00, -4.990929826158930216e-01
-1.904893550685801962e-01, 1.139505424965706476e-01, 7.202695066452673434e-01, -5.110633757486516826e-01, -3.551661924605747922e-01, 3.171597122294030069e-02, 3.234502208134033552e-01, 1.118395878034773860e-01
1.333332383834084922e+00, -8.243857963877027073e-01, 0.000000000000000000e+00, 0.000000000000000000e+00, 0.000000000000000000e+00, 4.016252555892655396e-01, -8.715868396096944359e-02, 3.075711058756547822e-01
-1.800662733153416406e-01, -8.979504510427749331e-01, -1.489174679012054692e-01, 1.825666728526508520e-01, -1.874118478709136393e-01, 4.845174667440003274e-03, -3.987266215304923755e-01, -1.594712337971258442e+00
-3.071558311823462395e-01, 0.000000000000000000e+00, 0.000000000000000000e+00, 0.000000000000000000e+00, -4.107643228422110104e-02, -4.336221137360615763e-01, -1.732169718647880445e-04, 3.325714545459368954e-01
-3.060492940475617596e-01, -2.487514692358093749e-01, 8.594713491457786278e-03, -1.919140563113410150e-02, 1.059669213789194396e-02, 4.530893602273532161e-02, -3.434013899470298586e-02, -3.417471639078952655e-02
0.000000000000000000e+00, 0.000000000000000000e+00, 0.000000000000000000e+00, -4.280069934205101012e-02, -4.535081911098247098e-01, 9.837678279228167318e-05, 3.486256989149379981e-01, -3.209020471898441085e-01
-2.607624935219408635e-01, 1.627662071524784218e-02, -3.635290975089384979e-02, 2.007628901643967317e-02, 8.583790471265005662e-02, -6.499908857159432396e-02, -6.491077090451390086e-02, 0.000000000000000000e+00
0.000000000000000000e+00, 0.000000000000000000e+00, -4.423301755215482828e-02, -4.704229752857765345e-01, 3.866508292729535761e-04, 3.624530408374025958e-01, -3.337131899557125303e-01, -2.711092867820363850e-01
2.390223058986677002e-02, -5.337808398171436236e-02, 2.947585354424573159e-02, 1.259128094690537547e-01, -9.510597891323162301e-02, -9.539871608013268667e-02, 0.000000000000000000e+00, 0.000000000000000000e+00
0.000000000000000000e+00, -4.562542703779818437e-02, -4.872240272591409349e-01, 7.236020383802121503e-04, 3.763391578248323488e-01, -3.465948768102816158e-01, -2.815018951702453753e-01, 3.230886816425383723e-02
-7.213462288929038679e-02, 3.982575492125336319e-02, 1.699631391724083229e-01, -1.280025262874973091e-01, -1.289814674010307805e-01, 0.000000000000000000e+00, 0.000000000000000000e+00, 0.000000000000000000e+00
-4.675731990093778823e-02, -5.011443654852303364e-01, 1.039108430948654108e-03, 3.879530476136010542e-01, -3.573799611239580343e-01, -2.901953332432034571e-01, 3.977551259772713066e-02, -8.879679948634748576e-02
4.902128695736168024e-02, 2.090306945721930043e-01, -1.570565785583424301e-01, -1.588276198966611930e-01, 0.000000000000000000e+00, 0.000000000000000000e+00, 0.000000000000000000e+00, -6.181454231719750447e-02
-7.198371351304106991e-01, 1.060667064247078524e-02, 5.838820384473899505e-01, -5.406160248320794892e-01, -4.369899810015338559e-01, 1.925321053019645734e-01, -4.311442354474946947e-01, 2.386121306323583380e-01
1.008060183725908443e+00, -7.532586120156627985e-01, -7.836384492365763288e-01, 0.000000000000000000e+00, 0.000000000000000000e+00, 0.000000000000000000e+00, -3.144768957942070120e-01, -4.525542346769728663e-01
2.618295166471094060e-01, 4.145658225893688598e-01, 1.847961073499269635e-01, -8.274905450129677389e-03, -1.167230819568735450e-02, -3.883496140723097928e-02, 5.050726966356907516e-02, 1.111476797803307021e-01
4.858267101567476792e-02, -5.852218058395009491e-03, 0.000000000000000000e+00, 0.000000000000000000e+00, 0.000000000000000000e+00, -3.274212807216531074e-01, -4.703740777943037354e-01, 2.729533281751751472e-01
4.319786886627010047e-01, 1.923720485977076511e-01, -8.326419557231165558e-03, -1.699224481770063300e-02, -5.707506532668076699e-02, 7.406731023823980020e-02, 1.630030560572343357e-01, 7.123945846316039054e-02
-8.586314289199791991e-03, 0.000000000000000000e+00, 0.000000000000000000e+00, 0.000000000000000000e+00, -3.403574693647119509e-01, -4.880363350848895831e-01, 2.841310460351725853e-01, 4.494416431406220713e-01
1.999368162783108638e-01, -8.325878282841541952e-03, -2.273387246393438962e-02, -7.714252979924944575e-02, 9.987640248877038829e-02, 2.198229073025300406e-01, 9.607871419868221907e-02, -1.165754036859493505e-02
0.000000000000000000e+00, 0.000000000000000000e+00, 0.000000000000000000e+00, -5.206668290631631946e-01, -7.211411849925393192e-01, 4.455209470012852502e-01, 6.985911050317749060e-01, 3.051066863161691622e-01
-3.573811224831640806e-03, -1.242234215561850014e-01, -4.446054887944093092e-01, 5.688289088317762809e-01, 1.235303547937589341e+00, 5.453152476077723909e-01, -6.245828090625386159e-02, 0.000000000000000000e+00
0.000000000000000000e+00, 0.000000000000000000e+00, -1.159401555047243765e-01, -3.208459823278895368e-02, 8.434277865466690560e-01, 7.186945033205338026e-11, 2.043397942359829118e-08, -6.494846188120137707e-11
-1.325571729700528081e-03, -7.463412427250623550e-04, 2.071912973877655575e-03, -4.651249369085401036e-05, -9.146481292486912989e-07, 2.475423748148300614e-04, 0.000000000000000000e+00, 0.000000000000000000e+00
0.000000000000000000e+00, -1.238451565545402172e-01, -3.428278960300625011e-02, 9.026453107612889548e-01, 1.561635064580612952e-10, 3.689620623794590924e-08, -1.390903488124670617e-10, -2.723973652643580518e-02
-1.546733511685144738e-02, 4.270707177401145138e-02, -1.003630705491936935e-03, 2.576275517151455321e-05, 5.008386407843759720e-03, 0.000000000000000000e+00, 0.000000000000000000e+00, 0.000000000000000000e+00
-1.297481100621959982e-01, -3.592780183079545553e-02, 9.473440629089794340e-01, 2.047464442105523170e-10, 5.068204990367590246e-08, -1.734742124251255448e-10, -5.150963479118417232e-02, -2.909797266546243835e-02
8.060760762314976569e-02, -1.867149058939292054e-03, 1.803155218607654071e-05, 9.561634084229197680e-03, 0.000000000000000000e+00, 0.000000000000000000e+00, 0.000000000000000000e+00, -1.346479644575326873e-01
-3.729595740759090311e-02, 9.848061964798366930e-01, 1.894364842509806148e-10, 7.450666136448072023e-08, -1.560955562859077436e-10, -7.514393084147866220e-02, -4.214939382231842196e-02, 1.172933244818938209e-01
-2.645409667596378828e-03, -5.010259501874224044e-05, 1.411047590714837804e-02, 0.000000000000000000e+00, 0.000000000000000000e+00, 0.000000000000000000e+00, -1.395309183946776554e-01, -3.866174648240380124e-02
1.022456914645313741e+00, 7.406564687073071827e-11, 1.170664935085482575e-07, -7.216075855928866914e-11, -1.014085587245762976e-01, -5.646124369724439540e-02, 1.578698025427341389e-01, -3.446620339654470414e-03
-1.857875856303839511e-04, 1.923858302536267731e-02, 0.000000000000000000e+00, 0.000000000000000000e+00, 0.000000000000000000e+00, -1.443982591106020008e-01, -4.002534200033742301e-02, 1.060282346770293982e+00
-1.740951425988444860e-10, 1.630713689777467571e-07, 8.997573276864407861e-11, -1.297257080468414980e-01, -7.173421461030030089e-02, 2.014599225994211096e-01, -4.261147183973622646e-03, -3.773441356319759713e-04
2.481118283587758350e-02, 0.000000000000000000e+00, 0.000000000000000000e+00, 0.000000000000000000e+00, -2.101291411018770816e-01, -5.863247063290785710e-02, 1.599031054863186307e+00, -3.835471770076569728e-08
3.050011779593845138e-06, 1.724027879420405833e-08, -6.295531837073454762e-01, -3.365948710199277438e-01, 9.661480559333867069e-01, -1.690269553762858978e-02, -5.246347756960981906e-03, 1.248931380632597038e-01
0.000000000000000000e+00, 0.000000000000000000e+00, 0.000000000000000000e+00, -3.157330289168407966e-01, 3.130848584689124303e-01, 2.956676840922484728e-01, -1.930151942206858040e-01, 6.398259176401346338e-01
-5.915940765455414141e-01, -3.643426068011594854e-01, 1.927520507601294675e-01, 1.715905557727642472e-01, -3.479010173289421859e-01, 1.099439559799312960e+00, -1.023461209625555979e+00, 0.000000000000000000e+00
0.000000000000000000e+00, 0.000000000000000000e+00, -6.045157290432125186e-02, -9.260129876031116813e-01, -1.016379264691583018e+00, 5.893833521235742767e-10, -2.215894063761568037e-09, -2.094281719263687494e-10
1.804535083170702220e-03, -6.605902762482673872e-04, -1.143944803860476485e-03, 8.745645126109829689e-05, -2.181484074515244032e-05, -2.407659289286325792e-05, 0.000000000000000000e+00, 0.000000000000000000e+00
0.000000000000000000e+00, -6.432485143686629547e-02, -9.839634503159147005e-01, -1.079706630069861228e+00, 1.232300609631859755e-09, -2.798605772434111397e-09, -4.395230804419323241e-10, 3.751022302423453331e-02
-1.381205609965197381e-02, -2.369816688865734877e-02, 1.774626686637124180e-03, -4.516490610958672825e-04, -4.408604925358932595e-04, 0.000000000000000000e+00, 0.000000000000000000e+00, 0.000000000000000000e+00
-6.773303899236120251e-02, -1.034569972164009810e+00, -1.134907834827292961e+00, 2.124594346517595411e-09, -9.976748697573356386e-09, -7.921295722674667516e-10, 7.546827995470296868e-02, -2.771895587939633004e-02
-4.774932401159354828e-02, 3.515656426417941138e-03, -9.125167177834589069e-04, -7.940152966155622103e-04, 0.000000000000000000e+00, 0.000000000000000000e+00, 0.000000000000000000e+00, -7.067047873350448817e-02
-1.077862396029012571e+00, -1.182046417681307027e+00, 3.262345765766471825e-09, -1.399280155693792650e-08, -1.265399618020989158e-09, 1.132506757458928703e-01, -4.142804113838172153e-02, -7.182263449540779443e-02
5.249128426536727419e-03, -1.371689518877778789e-03, -1.098214481558757631e-03, 0.000000000000000000e+00, 0.000000000000000000e+00, 0.000000000000000000e+00, -7.337593998335995016e-02, -1.117479031534318823e+00
-1.225118102297555245e+00, 4.662240663372986386e-09, 7.016119911903660657e-08, -1.850582586051027960e-09, 1.514692712923911277e-01, -5.521026163382385110e-02, -9.625900980510619653e-02, 7.030640532338861687e-03
-1.830391789039659137e-03, -1.383262321345364717e-03, 0.000000000000000000e+00, 0.000000000000000000e+00, 0.000000000000000000e+00, -7.584535086987624630e-02, -1.153441315116017885e+00, -1.264168143374448938e+00
6.395097276366213202e-09, 4.535381482557624342e-08, -2.585898702954290378e-09, 1.885237853108235329e-01, -6.852468516545835719e-02, -1.199991003133395323e-01, 8.786067656613567173e-03, -2.271245892767039844e-03
-1.658473716621951168e-03, 0.000000000000000000e+00, 0.000000000000000000e+00, 0.000000000000000000e+00, -7.832357976748011152e-02, -1.189356242387924256e+00, -1.303124312476308999e+00, 8.640218982875770095e-09
1.847774935826874598e-08, -3.510170841261407118e-09, 2.272830234917939674e-01, -8.242273815016416816e-02, -1.448602854071629475e-01, 1.064035331385231042e-02, -2.728371914554167041e-03, -1.957635821842461377e-03
0.000000000000000000e+00, 0.000000000000000000e+00, 0.000000000000000000e+00, -8.056120043206149717e-02, -1.221640916213396322e+00, -1.338108996497116232e+00, 1.113771213050325562e-08, 6.346444561648653991e-09
-4.505387526279105288e-09, 2.633358421194640919e-01, -9.533883800682818599e-02, -1.679970041723728991e-01, 1.237084510777214028e-02, -3.143138335909228566e-03, -2.243739281122456714e-03, 0.000000000000000000e+00
0.000000000000000000e+00, 0.000000000000000000e+00, -8.280544117249415137e-02, -1.253889862645385600e+00, -1.373024187234913374e+00, 1.411430938278406450e-08, -5.426828135568974974e-09, -5.669054090781417055e-09
3.003156328001006514e-01, -1.085826508933837309e-01, -1.917329822796191019e-01, 1.414990160610686380e-02, -3.557735875692154010e-03, -2.542267245596078161e-03, 0.000000000000000000e+00, 0.000000000000000000e+00
0.000000000000000000e+00, -8.505618815149487699e-02, -1.286103642113593404e+00, -1.407872126408507230e+00, 1.759106165738153723e-08, -3.195485667041968670e-08, -7.008673173267589872e-09, 3.381014681042448511e-01
-1.221177437770555319e-01, -2.159837245325402499e-01, 1.596924513779696131e-02, -3.965575140596515162e-03, -2.852966048165840422e-03, 0.000000000000000000e+00, 0.000000000000000000e+00, 0.000000000000000000e+00
-1.159628704210711597e-01, -1.715689541138056384e+00, -1.869846939182957524e+00, 1.204682449732540140e-07, -5.393205771887516208e-07, -4.683355884146915087e-08, 9.036829403903929858e-01, -3.263598300675515373e-01
-5.773231113915433532e-01, 4.317159178304647016e-02, -8.705385986283021779e-03, -6.955829456281624641e-03, 0.000000000000000000e+00, 0.000000000000000000e+00, 0.000000000000000000e+00, -1.177899500590195991e-01
-1.740329253295298750e+00, -1.896187275269989536e+00, 1.302047380422582846e-07, -5.963840594358536185e-07, -5.080170797121104430e-08, 9.393179641523143886e-01, -3.393604233103433288e-01, -5.999575415457870653e-01
4.491977535201347599e-02, -8.944829415041832127e-03, -7.164783638794071548e-03, 0.000000000000000000e+00, 0.000000000000000000e+00, 0.000000000000000000e+00, -1.196216357285788401e-01, -1.764944166438241036e+00
-1.922483617625438734e+00, 1.403943008071821740e-07, -6.543525954378627993e-07, -5.499692641632541103e-08, 9.752630775880966052e-01, -3.524904112063907413e-01, -6.227726667035393682e-01, 4.668860511872793828e-02
-9.178993352838471856e-03, -7.368165032705498337e-03, 0.000000000000000000e+00, 0.000000000000000000e+00, 0.000000000000000000e+00, 1.056541688672626156e-01, 6.752006607333208565e-01, -3.840868182358976590e-02
-1.364614974587854968e-01, 7.174882428999007633e-02, -3.897378761060702468e-01, -1.131252608908645159e-02, 2.857619875600073134e-02, -1.726367267032251004e-02, -1.916181622200359078e-02, 5.373727566572544974e-03
-5.509191844928913728e-02, 0.000000000000000000e+00, 0.000000000000000000e+00, 0.000000000000000000e+00, 1.113945277077145191e-01, 7.090606323965413793e-01, -4.027455808330936138e-02, -1.431818727132179725e-01
7.546144776750192407e-02, -4.092792191595789331e-01, -2.128526916347358439e-02, 5.369085384875228045e-02, -3.240558446097418360e-02, -3.605424415072652072e-02, 1.005877399100022634e-02, -1.033674336339736877e-01
0.000000000000000000e+00, 0.000000000000000000e+00, 0.000000000000000000e+00, 1.164306103041332224e-01, 7.382072501610921211e-01, -4.186829318257211802e-02, -1.489397274684196304e-01, 7.868161553643562844e-02
-4.261000262799280458e-01, -3.128564309940370242e-02, 7.869316822804044154e-02, -4.740752530896526207e-02, -5.291314814331509603e-02, 1.463260524679482408e-02, -1.513952983259965468e-01, 0.000000000000000000e+00
0.000000000000000000e+00, 0.000000000000000000e+00, 1.215698645059481026e-01, 7.674651132214289628e-01, -4.345697127944848914e-02, -1.546955681793807935e-01, 8.193544411432730767e-02, -4.429846873594138201e-01
-4.243737592461782615e-02, 1.063956037353908507e-01, -6.395822792378397237e-02, -7.162208637214893814e-02, 1.962151177353681566e-02, -2.045180305815442745e-01, 0.000000000000000000e+00, 0.000000000000000000e+00
0.000000000000000000e+00, 1.259257780922205527e-01, 7.919260483038308429e-01, -4.477722106264172414e-02, -1.594906747607852671e-01, 8.467075262415500736e-02, -4.571008957662452410e-01, -5.242464799886488447e-02
1.311089885322619386e-01, -7.868434061205782648e-02, -8.832621431949105872e-02, 2.402358152903938046e-02, -2.517959264968504529e-01, 0.000000000000000000e+00, 0.000000000000000000e+00, 0.000000000000000000e+00
1.996650954401302802e-01, 1.171952518324100856e+00, -6.444098297911414475e-02, -2.323267282937041822e-01, 1.286562091123007179e-01, -6.764301734451241277e-01, -2.462974309306857068e-01, 6.064402775463402229e-01
-3.601428465228672660e-01, -4.102855236999203847e-01, 1.097385452019465357e-01, -1.139154953410598026e+00, 0.000000000000000000e+00, 0.000000000000000000e+00, 0.000000000000000000e+00, 2.039685300388675848e-01
1.192416748988873731e+00, -6.545225648403531216e-02, -2.361607329635602437e-01, 1.311044812910062141e-01, -6.882438213956904027e-01, -2.583724197950366674e-01, 6.358797813416326994e-01, -3.775073638923958086e-01
-4.302104325133987439e-01, 1.152256460426576146e-01, -1.192801948935127143e+00, 0.000000000000000000e+00, 0.000000000000000000e+00, 0.000000000000000000e+00, 3.959608174599650310e-01, -3.028274668813081896e-02
4.618541452543044323e-02, -5.019258146505295448e-01, 2.008974278138703218e-01, -5.587502952822029356e-02, 2.648862455916997649e-02, -1.815975459929133548e-02, -8.328870082417436094e-03, -1.170499902145920729e-01
5.069748844249617747e-02, -1.755800681856517845e-02, 0.000000000000000000e+00, 0.000000000000000000e+00, 0.000000000000000000e+00, 4.113452782817293429e-01, -3.064253817826116666e-02, 4.809720223711849013e-02
-5.212142988280051847e-01, 2.088212733124056031e-01, -5.832753557818782381e-02, 3.865801488181667966e-02, -2.656907449234946483e-02, -1.208894041719151859e-02, -1.709720120966350954e-01, 7.430039646270490683e-02
-2.580569472371141426e-02, 0.000000000000000000e+00, 0.000000000000000000e+00, 0.000000000000000000e+00, 6.737713548328635449e-01, -1.882296631061375694e-02, 8.351831650976269950e-02, -8.458210315340396468e-01
3.472602469736175146e-01, -1.062888905312871640e-01, 3.252076198872368429e-01, -2.336913146541056974e-01, -9.151630490396470141e-02, -1.452417283555526240e+00, 6.504292670488487360e-01, -2.425352311322606924e-01
0.000000000000000000e+00, 0.000000000000000000e+00, 0.000000000000000000e+00, 5.047442156203474362e-01, -8.072782318774632260e-02, -1.192118915629279824e-01, 1.812161152531851019e-02, -2.382452337255819841e-01
-3.625101696401190066e-01, 2.185728927315938597e-02, -8.649927648836959818e-03, -1.320736159921193781e-02, -2.180759020989333965e-03, -2.873093996949604295e-02, -4.124648230844137758e-02, 0.000000000000000000e+00
0.000000000000000000e+00, 0.000000000000000000e+00, 5.313616491680105414e-01, -8.483142957097342118e-02, -1.250343971382484598e-01, 1.937207577016900398e-02, -2.506098716400540494e-01, -3.809177634071012064e-01
4.509129887455672753e-02, -1.781357513556166422e-02, -2.727772376311954003e-02, -4.499009553255036396e-03, -5.933091993769774170e-02, -8.517951548094838954e-02, 0.000000000000000000e+00, 0.000000000000000000e+00
0.000000000000000000e+00, 5.543617541792349446e-01, -8.834425548147441243e-02, -1.299640944152003208e-01, 2.051745178382709256e-02, -2.612518187052322305e-01, -3.966686752000605498e-01, 6.830082754547261992e-02
-2.693215752875322347e-02, -4.136867008255578487e-02, -6.969984490594239961e-03, -9.000588797897678128e-02, -1.291656873992161891e-01, 0.000000000000000000e+00, 0.000000000000000000e+00, 0.000000000000000000e+00
5.736590651245123684e-01, -9.126834123363201934e-02, -1.340291099594373703e-01, 2.152355225990019646e-02, -2.701512672338472476e-01, -4.097757949021360036e-01, 8.969459046103168964e-02, -3.530500066877823723e-02
-5.438958970746166077e-02, -9.340036658091844385e-03, -1.183397989839389680e-01, -1.697492820441887096e-01, 0.000000000000000000e+00, 0.000000000000000000e+00, 0.000000000000000000e+00, 5.930677964998577467e-01
-9.418965110742344438e-02, -1.380575224387824984e-01, 2.257330276652826789e-02, -2.790778090358536079e-01, -4.228675027874148062e-01, 1.125842996280458086e-01, -4.422898304867493857e-02, -6.835531664418663389e-02
-1.191582360386898333e-02, -1.486686601911416106e-01, -2.131651857085516133e-01, 0.000000000000000000e+00, 0.000000000000000000e+00, 0.000000000000000000e+00, 9.172393205156705864e-01, -1.405651651390112111e-01
-1.980851390304865234e-01, 4.453606991334572301e-02, -4.254450590929298448e-01, -6.306071292621232560e-01, 5.797367979433549756e-01, -2.222996156803419832e-01, -3.574371832524875781e-01, -5.591741422925895766e-02
-7.609380519336058635e-01, -1.096617387117543085e+00, 0.000000000000000000e+00, 0.000000000000000000e+00, 0.000000000000000000e+00, -2.065657889510827128e-01, 2.292559763372705173e-01, 4.710778724190620714e-01
4.269689725324041785e-01, -8.662118809347468806e-02, -1.169567662268827524e-01, -2.502334734752357029e-02, 5.371992047557418853e-03, 1.965135523733701345e-02, 5.213477110776845030e-02, -7.340757908558205071e-03
-1.824695579723948843e-02, 0.000000000000000000e+00, 0.000000000000000000e+00, 0.000000000000000000e+00, -2.160784701673479913e-01, 2.406425068014333701e-01, 4.934686502371198880e-01, 4.472707486373986296e-01
-9.083627620376839851e-02, -1.225876311143662412e-01, -4.712413165745819865e-02, 1.011731568174829496e-02, 3.700681596330891721e-02, 9.794488561582299913e-02, -1.375544977935913744e-02, -3.430266463799769988e-02
0.000000000000000000e+00, 0.000000000000000000e+00, 0.000000000000000000e+00, -2.241906725859369454e-01, 2.505302555955571941e-01, 5.127160829389465491e-01, 4.647240006761091391e-01, -9.448081185088152978e-02
-1.274429138349900681e-01, -6.917776165092791307e-02, 1.486498986066853156e-02, 5.431277179584875076e-02, 1.432769762880141129e-01, -2.006275757804915419e-02, -5.031114812320441193e-02, 0.000000000000000000e+00
0.000000000000000000e+00, 0.000000000000000000e+00, -2.322659566979267676e-01, 2.605318766996939095e-01, 5.320130436156604858e-01, 4.822235231920656284e-01, -9.815324638908208554e-02, -1.323240551323186243e-01
-9.365030426027780297e-02, 2.013605755047978910e-02, 7.351424669332730366e-02, 1.932280396793395749e-01, -2.702196002843748265e-02, -6.806540845157998953e-02, 0.000000000000000000e+00, 0.000000000000000000e+00
0.000000000000000000e+00, -3.534779342990588824e-01, 4.280626510952595387e-01, 8.365508937846104498e-01, 7.585942115807439157e-01, -1.579543793275891006e-01, -2.109401003936560992e-01, -6.079455122031485192e-01
1.262617928702675363e-01, 4.816837189556230636e-01, 1.217028121115292683e+00, -1.802739766668672305e-01, -4.368761833427338148e-01, 0.000000000000000000e+00, 0.000000000000000000e+00, 0.000000000000000000e+00
1.398544439534085415e-01, -2.078891911513479906e-01, 8.818034205312872409e-01, 3.272322925753421568e-09, 1.643950881766472246e-08, 7.903451218031638218e-10, -4.821677235916539683e-03, -3.016981074918747077e-02
3.499148804222890902e-02, -1.032943804413280270e-03, 6.362322758293242550e-04, 3.170952232267460359e-03, 0.000000000000000000e+00, 0.000000000000000000e+00, 0.000000000000000000e+00, 1.470836368366944258e-01
-2.184627132526350268e-01, 9.285480913587234042e-01, 6.762319709950373736e-09, 5.267258192052867261e-08, 1.570890021561653952e-09, -1.017920740488318342e-02, -6.341439973297714749e-02, 7.359360711203717653e-02
-2.141105256503404372e-03, 1.441650476353063164e-03, 6.682147170858932297e-03, 0.000000000000000000e+00, 0.000000000000000000e+00, 0.000000000000000000e+00, -3.808017369454224504e-02, -2.147481851898088157e-01
5.878868340688371275e-01, -2.418041724924754610e-01, 2.572439056935693635e-01, -1.438153947074123362e-01, -8.119698463673670485e-03, -2.135551990714033843e-02, 2.947521838850520118e-02, -3.127040617768866299e-02
2.955883073009362219e-02, -1.779615250810119217e-02, 0.000000000000000000e+00, 0.000000000000000000e+00, 0.000000000000000000e+00, -3.985726563011382506e-02, -2.248846071506310496e-01, 6.172572734455017418e-01
-2.539169848231770943e-01, 2.698559908347673564e-01, -1.509695688210980491e-01, -1.561293152140309087e-02, -4.134685482144717650e-02, 5.695978632468886443e-02, -6.041305411585152357e-02, 5.705656186899101673e-02
-3.450546511320703308e-02, 0.000000000000000000e+00, 0.000000000000000000e+00, 0.000000000000000000e+00, -4.132105984901043166e-02, -2.332605793110077708e-01, 6.418738678775490758e-01, -2.640760166197770320e-01
2.803815086294186854e-01, -1.569598267682208170e-01, -2.272655818818578380e-02, -6.074600526857600741e-02, 8.347256350869221297e-02, -8.854440437546688691e-02, 8.348026090096705154e-02, -5.077355470817043054e-02
0.000000000000000000e+00, 0.000000000000000000e+00, 0.000000000000000000e+00, -4.276981003310218604e-02, -2.415735906970848390e-01, 6.666164188850520755e-01, -2.742931929979276484e-01, 2.909201089549188768e-01
-1.629754441593452285e-01, -3.049920410336805221e-02, -8.227521173179207226e-02, 1.127744160246286625e-01, -1.196373637705064885e-01, 1.125976460236957494e-01, -6.885301846209813947e-02, 0.000000000000000000e+00
0.000000000000000000e+00, 0.000000000000000000e+00, -6.292322550964429828e-02, -3.598141174795521091e-01, 1.051005343757019039e+00, -4.338125197272120759e-01, 4.503010620881694459e-01, -2.558477001723684086e-01
-1.853800008696370183e-01, -5.175063125806564912e-01, 7.028863143871700858e-01, -7.380446082867990754e-01, 7.020296144181891185e-01, -4.401755830438670025e-01, 0.000000000000000000e+00, 0.000000000000000000e+00
0.000000000000000000e+00, 1.241420091621561195e-01, 3.597722954130632700e-01, 4.849625533053811277e-01, -4.973140036084352511e-01, -2.037820120287726355e-01, 5.953508754564534704e-03, -1.729200196201722065e-02
1.626924647755272459e-03, 1.566507726694136085e-02, -1.169498704495710584e-01, -5.017050370538712889e-02, -7.239802532292980569e-03, 0.000000000000000000e+00, 0.000000000000000000e+00, 0.000000000000000000e+00
1.289388933565206730e-01, 3.746100220339689812e-01, 5.040759732547903660e-01, -5.167697760518665806e-01, -2.116086229740640201e-01, 6.525237353906206995e-03, -2.563183611580520382e-02, 2.358351982704614148e-03
2.327348414196121068e-02, -1.738974876507583256e-01, -7.459063079660628592e-02, -1.081104688817198858e-02, 0.000000000000000000e+00, 0.000000000000000000e+00, 0.000000000000000000e+00, 1.337306286030008895e-01
3.895974884657960047e-01, 5.232338072580586807e-01, -5.362460392062661230e-01, -2.194177555180338579e-01, 7.156484244321313463e-03, -3.471692523901859923e-02, 3.076045747414138300e-03, 3.164087924535494839e-02
-2.365430014840637085e-01, -1.014731122075924058e-01, -1.481763378269253251e-02, 0.000000000000000000e+00, 0.000000000000000000e+00, 0.000000000000000000e+00, 1.378339635280912412e-01, 4.025558491089280544e-01
5.396881634072127065e-01, -5.529555660039726650e-01, -2.260986905322096563e-01, 7.741768237072703916e-03, -4.297243069265429399e-02, 3.659981055361412154e-03, 3.931244989329000378e-02, -2.938518813119310735e-01
-1.260848337728164292e-01, -1.852865122862506000e-02, 0.000000000000000000e+00, 0.000000000000000000e+00, 0.000000000000000000e+00, 1.419338658212586923e-01, 4.156123900304255492e-01, 5.561715918471422659e-01
-5.696789284099397221e-01, -2.327691700297632449e-01, 8.365527042352483705e-03, -5.157725565261469386e-02, 4.212797496233969610e-03, 4.736445761083186295e-02, -3.538491988320663917e-01, -1.518724772344264839e-01
-2.243296850049558352e-02, 0.000000000000000000e+00, 0.000000000000000000e+00, 0.000000000000000000e+00, 1.460304405630723501e-01, 4.287638187057911665e-01, 5.726830417721563427e-01, -5.864157061018910877e-01
-2.394300171418189405e-01, 9.026190471865576034e-03, -6.047865471683786659e-02, 4.734759679705406385e-03, 5.574389483847135007e-02, -4.160910948602774551e-01, -1.786504388666938503e-01, -2.648388343282534474e-02
0.000000000000000000e+00, 0.000000000000000000e+00, 0.000000000000000000e+00, 2.016740782998487913e-01, 6.179912261935823770e-01, 8.011053263878729069e-01, -8.165380191908392371e-01, -3.297235259362110149e-01
2.164282527332746578e-02, -2.035294559284916704e-01, 8.672679875480994102e-03, 1.948567750178085145e-01, -1.414461262851513634e+00, -6.105199602415481985e-01, -8.510466715978762253e-02, 0.000000000000000000e+00
0.000000000000000000e+00, 0.000000000000000000e+00, 2.043705157558355912e-01, 6.277094274895157477e-01, 8.123882474109351826e-01, -8.278362119232725025e-01, -3.340983802950578951e-01, 2.243806188495977086e-02
-2.114669339819811866e-01, 8.706358197851486042e-03, 2.027605750998184575e-01, -1.469299364646219130e+00, -6.343782477961891209e-01, -8.791935160096525648e-02, 0.000000000000000000e+00, 0.000000000000000000e+00
0.000000000000000000e+00, 2.070650967884354876e-01, 6.374777872437505932e-01, 8.236853893376778757e-01, -8.391419704566788207e-01, -3.384710279619543849e-01, 2.325136578693613384e-02, -2.194973858172882264e-01
8.723182122488218684e-03, 2.107742040345885470e-01, -1.524712146563330206e+00, -6.585008997337845615e-01, -9.072101434576869405e-02, 0.000000000000000000e+00, 0.000000000000000000e+00, 0.000000000000000000e+00
-2.018178110049050622e-01, -4.485622588849518810e-01, -2.844665507787771941e-01, -3.610113660782947320e-02, -5.586843834952552879e-01, -1.651512774493148761e-01, 1.722928986972974141e-02, -1.521846653457904937e-02
-2.010823203672635739e-03, -2.150990465655054293e-02, -1.953417114086712647e-01, -5.643329132486501337e-02, 0.000000000000000000e+00, 0.000000000000000000e+00, 0.000000000000000000e+00, -2.084552776903432492e-01
-4.633638027632419609e-01, -2.929048357166109673e-01, -3.700269505275146503e-02, -5.772699136925252272e-01, -1.704980219914677686e-01, 2.259774675308066569e-02, -1.980258085348602856e-02, -2.795165712704832280e-03
-2.811237435437827226e-02, -2.555974053662375955e-01, -7.364512588076764510e-02, 0.000000000000000000e+00, 0.000000000000000000e+00, 0.000000000000000000e+00, -3.181719839517557213e-01, -7.089615764467670500e-01
-4.167955972381265362e-01, -4.693177553737519492e-02, -8.881513377086596162e-01, -2.577596411265530296e-01, 1.465521573000856947e-01, -1.159653736205855656e-01, -3.058678359599553351e-02, -1.640030927872259403e-01
-1.553532641320850560e+00, -4.454319640937597358e-01, 0.000000000000000000e+00, 0.000000000000000000e+00, 0.000000000000000000e+00, -3.225228799408552116e-01, -7.187398838282068603e-01, -4.210640750342206640e-01
-4.711594674809430061e-02, -9.006325975413684848e-01, -2.611837790367609324e-01, 1.526784896334262287e-01, -1.204256903073006868e-01, -3.225279977980236717e-02, -1.699365563340077268e-01, -1.613752196327169486e+00
-4.627506945936518679e-01, 0.000000000000000000e+00, 0.000000000000000000e+00, 0.000000000000000000e+00, 6.562901075792106076e-02, -1.305853657663841871e-01, 6.196759479305865570e-01, -2.905197519867714351e-01
3.274555720140254894e-02, 2.820019560850098306e-01, -1.468591283904134397e-02, -3.644147972347350911e-02, 5.112739268313046259e-02, -6.751577913296251399e-02, 7.646750613663164456e-03, 6.133349818808030152e-02
0.000000000000000000e+00, 0.000000000000000000e+00, 0.000000000000000000e+00, 6.871179006115595012e-02, -1.357774492242978248e-01, 6.467665592807609887e-01, -3.031846926542104415e-01, 3.385047719596961935e-02
2.938815245792377739e-01, -2.295651799342122643e-02, -5.698191990489619163e-02, 7.993843797587701916e-02, -1.052084007885210198e-01, 1.190893812563124758e-02, 9.568574736314973406e-02, 0.000000000000000000e+00
0.000000000000000000e+00, 0.000000000000000000e+00, 1.188827792206083311e-01, -2.041128056601973495e-01, 1.054585929121140575e+00, -4.933216775478507787e-01, 4.475848607284838715e-02, 4.643961142737618730e-01
-2.010080634266134814e-01, -4.885134242966724938e-01, 6.895214872857927668e-01, -8.785352726034472148e-01, 9.764002829802222172e-02, 8.048087086029666049e-01, 0.000000000000000000e+00, 0.000000000000000000e+00
0.000000000000000000e+00, 1.423596785572628087e-01, -3.119685175299948265e-01, 1.176224516319258617e-01, 5.041504753782591886e-01, 1.236280513421325195e-01, -2.239632081807619787e-02, 1.365804899765224630e-02
-3.160588053985054213e-02, 1.794783144603704847e-02, 1.241590369403587635e-01, 3.707235237019676499e-02, 2.380863481645926257e-03, 0.000000000000000000e+00, 0.000000000000000000e+00, 0.000000000000000000e+00
1.481568246885816287e-01, -3.235896228511728756e-01, 1.224863859860696180e-01, 5.247075272123751244e-01, 1.286865949101894113e-01, -2.307781209204989512e-02, 2.010618137832058394e-02, -4.686210861505422237e-02
2.675592709883704151e-02, 1.836109423586309575e-01, 5.492967990656942578e-02, 3.715684155423825200e-03, 0.000000000000000000e+00, 0.000000000000000000e+00, 0.000000000000000000e+00, 1.539578500442418674e-01
-3.350286585730132272e-01, 1.273678775519617445e-01, 5.452876617448295660e-01, 1.337559442634320972e-01, -2.371935085799268747e-02, 2.707128014680357589e-02, -6.365865748184276751e-02, 3.658737713823011911e-02
2.487977275274875222e-01, 7.455944896824344414e-02, 5.334556804028970853e-03, 0.000000000000000000e+00, 0.000000000000000000e+00, 0.000000000000000000e+00, 2.374624885665975738e-01, -4.818808204294799391e-01
1.989983417159683077e-01, 8.424256681863279139e-01, 2.077143020575632215e-01, -2.917864982468810695e-02, 1.503070160318054904e-01, -3.824199742937479107e-01, 2.321129573727930273e-01, 1.453098008477794245e+00
4.443474861017600031e-01, 5.126850370548308167e-02, 0.000000000000000000e+00, 0.000000000000000000e+00, 0.000000000000000000e+00, -5.126194165991503349e-01, -1.774860569146800571e-01, 3.196749274934076318e-02
2.709064326353243790e-01, -3.167301520582783692e-01, -3.137109343372264658e-01, -0.000000000000000000e+00, 0.000000000000000000e+00, 0.000000000000000000e+00, 0.000000000000000000e+00, -0.000000000000000000e+00
-0.000000000000000000e+00, 0.000000000000000000e+00, 0.000000000000000000e+00, 0.000000000000000000e+00, -5.578290821492661866e-01, -1.931548657563412486e-01, 3.518399510370204958e-02, 2.955916038143071023e-01
-3.451899554396575254e-01, -3.420667293605297865e-01, -9.997522274892984683e-04, 2.192817012810378146e-04, 7.804705276954142885e-04, 1.473150476916867220e-03, -1.980358024965835594e-03, -2.049843891034472312e-03
0.000000000000000000e+00, 0.000000000000000000e+00, 0.000000000000000000e+00, -9.045392206681962532e-01, -3.136610385803475509e-01, 6.945107272921210995e-02, 5.043924603613302304e-01, -5.764960458956905898e-01
-5.763077220565568926e-01, -3.285081033280043417e-01, 7.264080483733408033e-02, 2.558672980940931985e-01, 4.925046106227234377e-01, -6.678927064231838795e-01, -6.871812940866089958e-01, 0.000000000000000000e+00
0.000000000000000000e+00, 0.000000000000000000e+00, 2.323417645447631852e-01, -7.651783489044121367e-02, 2.704031297904105902e-01, 4.159523062119945269e-01, 2.984253874118746319e-01, -2.115638956244340618e-01
0.000000000000000000e+00, -0.000000000000000000e+00, 0.000000000000000000e+00, 0.000000000000000000e+00, 0.000000000000000000e+00, -0.000000000000000000e+00, 0.000000000000000000e+00, 0.000000000000000000e+00
0.000000000000000000e+00, 2.539413829745654216e-01, -8.290564230587771366e-02, 2.957748331917775531e-01, 4.542145816138262737e-01, 3.257570029931420308e-01, -2.305537583380479483e-01, 3.191851697703814968e-04
-1.131573874201695926e-03, 8.123887048921122787e-04, 4.806651665081258622e-03, 3.574266069486050149e-03, -1.795660094460366533e-03, 0.000000000000000000e+00, 0.000000000000000000e+00, 0.000000000000000000e+00
4.723755668526985474e-01, -1.242713117753620339e-01, 5.612567558260296297e-01, 8.299182861025236058e-01, 5.909785301394352430e-01, -4.020551285217022208e-01, 7.513900205571062696e-02, -2.801075797620830032e-01
2.049685769351303477e-01, 1.142323787581848826e+00, 8.637208801773008648e-01, -4.109878510103506244e-01, 0.000000000000000000e+00, 0.000000000000000000e+00, 0.000000000000000000e+00, 1.150602147112254059e-01
-9.387871030899390679e-01, -2.642030629196526759e-01, 8.008220817139512226e-02, 8.361361193731997599e-02, 1.755122633970121471e-01, 0.000000000000000000e+00, -0.000000000000000000e+00, 0.000000000000000000e+00
0.000000000000000000e+00, 0.000000000000000000e+00, 0.000000000000000000e+00, 0.000000000000000000e+00, 0.000000000000000000e+00, 0.000000000000000000e+00, 1.254518355366788240e-01, -1.020875490999576085e+00
-2.875678266945885797e-01, 8.723035328743058980e-02, 9.113361529550038920e-02, 1.908911481378382791e-01, 2.184633543972803928e-03, -2.444227327890605497e-03, 2.595937796447180001e-04, 8.175017213685367278e-04
8.542455100856840905e-04, 1.712434278344226015e-03, 0.000000000000000000e+00, 0.000000000000000000e+00, 0.000000000000000000e+00, 1.890367426870910861e-01, -1.488956854776123606e+00, -4.241004053205388313e-01
1.299298887440323569e-01, 1.367799061775837322e-01, 2.790077183503490987e-01, 3.480342200390106888e-01, -3.870567151253599958e-01, 3.902249470486416488e-02, 1.302311806269247918e-01, 1.354152600361769598e-01
2.771872470148219469e-01, 0.000000000000000000e+00, 0.000000000000000000e+00, 0.000000000000000000e+00, 1.933760467326732790e-01, -1.519118293974253797e+00, -4.330769323925014458e-01, 1.327919701496624860e-01
1.398781308650192123e-01, 2.847104330499007352e-01, 3.762416771231447687e-01, -4.182274808901125240e-01, 4.198580362663574539e-02, 1.408676470482312371e-01, 1.465083236630178865e-01, 3.000407030597508906e-01
0.000000000000000000e+00, 0.000000000000000000e+00, 0.000000000000000000e+00, -9.787826513435571307e-01, -3.876058224946725139e-01, 1.748726515946530669e-01, 5.533970032939923765e-10, -2.336803362656852709e-08
-7.314590466415955128e-10, -0.000000000000000000e+00, -0.000000000000000000e+00, 0.000000000000000000e+00, -0.000000000000000000e+00, 0.000000000000000000e+00, 0.000000000000000000e+00, 0.000000000000000000e+00
0.000000000000000000e+00, 0.000000000000000000e+00, -1.065770027706804068e+00, -4.224457327344151025e-01, 1.907674469027446362e-01, 2.333619529376893351e-09, 5.020128852089199484e-09, -2.841120984900275055e-09
-2.713765301075263172e-03, -2.210532987025104116e-06, 2.715975833637172127e-03, -8.167951034359181037e-05, 4.426584932901256688e-05, 2.117181292884619704e-04, 0.000000000000000000e+00, 0.000000000000000000e+00
0.000000000000000000e+00, -1.130647697314884459e+00, -4.485755690903671100e-01, 2.027536235261645781e-01, 5.444623476285237288e-09, 8.233900014483393236e-08, -6.406168047381175354e-09, -3.499316359142325139e-02
-1.104795882450010060e-05, 3.500421156525297672e-02, -1.059901061039717363e-03, 6.297851103692040124e-04, 2.680440905293872932e-03, 0.000000000000000000e+00, 0.000000000000000000e+00, 0.000000000000000000e+00
-1.396625345317458633e+00, -5.574386494570862105e-01, 2.534881257236382690e-01, 6.158843228976986609e-08, 3.841953416915658861e-08, -6.097983907203089343e-08, -2.475216250864116785e-01, -4.679274277506544847e-04
2.479895521881832765e-01, -7.010523472970936996e-03, 4.605196038145940168e-03, 1.911191894101504571e-02, 0.000000000000000000e+00, 0.000000000000000000e+00, 0.000000000000000000e+00, -1.438635902996024729e+00
-5.748546017856506207e-01, 2.617069265417368840e-01, 8.109762349156438572e-08, 1.440110622023149492e-07, -7.881660333251129294e-08, -2.876009628650714745e-01, -6.378590453517383758e-04, 2.882388216772430733e-01
-8.034125121152511234e-03, 5.433674246031279000e-03, 2.218567645809363040e-02, 0.000000000000000000e+00, 0.000000000000000000e+00, 0.000000000000000000e+00, -1.480513405322913867e+00, -5.922697835233752262e-01
2.699508357780331935e-01, 1.046538432333134964e-07, 5.199609742296010435e-08, -1.001425105109831287e-07, -3.285456737302489549e-01, -8.344856566964197267e-04, 3.293801596503382334e-01, -9.072461309088864292e-03
6.312316750562285174e-03, 2.530288276640282191e-02, 0.000000000000000000e+00, 0.000000000000000000e+00, 0.000000000000000000e+00, -1.511834840598599738e+00, -6.053308273418509522e-01, 2.761502818950590243e-01
1.251234115985415486e-07, 1.045252982532007137e-07, -1.186119459317216597e-07, -3.597706112273874046e-01, -1.000567655140865986e-03, 3.607711779595990098e-01, -9.860578392350801205e-03, 7.001252840242712557e-03
2.766784786229151485e-02, 0.000000000000000000e+00, 0.000000000000000000e+00, 0.000000000000000000e+00, -1.543081442941617754e+00, -6.183912718118956819e-01, 2.823638983214172837e-01, 1.482480758135200879e-07
5.871329731970243124e-08, -1.393554761685716787e-07, -3.914120901380592210e-01, -1.182539139945229262e-03, 3.925946290897384117e-01, -1.065648640565752987e-02, 7.714568318757395252e-03, 3.005490724077151260e-02
0.000000000000000000e+00, 0.000000000000000000e+00, 0.000000000000000000e+00, 3.379396160648149849e-01, 4.095741686413328364e-01, 5.926660304304682408e-03, 3.956783608903113869e-01, 5.669470661535901124e-02
-3.512736844989023388e-01, 0.000000000000000000e+00, 0.000000000000000000e+00, -0.000000000000000000e+00, 0.000000000000000000e+00, 0.000000000000000000e+00, -0.000000000000000000e+00, 0.000000000000000000e+00
0.000000000000000000e+00, 0.000000000000000000e+00, 3.686457345548975750e-01, 4.469160160955911176e-01, 6.466485275315559528e-03, 4.308151198457969566e-01, 6.127475608248436623e-02, -3.827206190549749532e-01
5.585437108206083153e-04, 1.523234042777906697e-03, -2.081777757220406103e-03, 7.012420583904310431e-03, 1.042106839404692781e-03, -5.957388604059441449e-03, 0.000000000000000000e+00, 0.000000000000000000e+00
0.000000000000000000e+00, 3.911474579945262153e-01, 4.743262747531232781e-01, 6.862275981928727710e-03, 4.562826333749159802e-01, 6.443458522650394316e-02, -4.056034852861032936e-01, 4.209170535751277469e-03
1.144496626538468384e-02, -1.565413673025485911e-02, 5.269783219671068941e-02, 7.807691257954203420e-03, -4.479801155910912575e-02, 0.000000000000000000e+00, 0.000000000000000000e+00, 0.000000000000000000e+00
6.343532048469073814e-01, 7.732513475140246895e-01, 1.111979438547743004e-02, 7.158086380028293449e-01, 8.749031531804203621e-02, -6.441887266522681177e-01, 6.527076143902904581e-02, 2.020391779264367194e-01
-2.673099396389430060e-01, 9.198489240850635795e-01, 1.307014746886870360e-01, -7.786358529572134923e-01, 0.000000000000000000e+00, 0.000000000000000000e+00, 0.000000000000000000e+00, 6.464947197404561363e-01
7.882794956935725850e-01, 1.132925462162238418e-02, 7.281284590545940016e-01, 8.819263930131750195e-02, -6.557576497412218597e-01, 6.852110043648006188e-02, 2.132248116709247743e-01, -2.817459115329949970e-01
9.705107825198612259e-01, 1.375103388575588947e-01, -8.213115993711594953e-01, 0.000000000000000000e+00, 0.000000000000000000e+00, 0.000000000000000000e+00, 8.026494736747021852e-01, 7.633288773755698697e-01
-2.634303101444119832e-01, -5.849208776156659193e-10, -1.118366971674117278e-08, 1.437921694380468384e-10, 0.000000000000000000e+00, 0.000000000000000000e+00, -0.000000000000000000e+00, 0.000000000000000000e+00
0.000000000000000000e+00, -0.000000000000000000e+00, 0.000000000000000000e+00, 0.000000000000000000e+00, 0.000000000000000000e+00, 6.733154335949169678e-01, 5.191387007253073227e-02, 1.214271444662278210e+00
-1.222658080773551829e-10, -2.191308548281010231e-09, 4.920608544983101383e-10, 0.000000000000000000e+00, -0.000000000000000000e+00, 0.000000000000000000e+00, -0.000000000000000000e+00, 0.000000000000000000e+00
0.000000000000000000e+00, 0.000000000000000000e+00, 0.000000000000000000e+00, 0.000000000000000000e+00, 7.324572102867307200e-01, 5.641997492698417466e-02, 1.322097737864609712e+00, -4.497999794504004198e-10
2.739746556927726791e-08, 1.812317943739296355e-09, 4.622548711588126048e-05, -1.873462738891029308e-03, 1.827237249255409934e-03, -4.202118876452378359e-05, 4.747623753216013726e-05, 1.500924761195066395e-04
0.000000000000000000e+00, 0.000000000000000000e+00, 0.000000000000000000e+00, 7.751773108863704298e-01, 5.965571262005216202e-02, 1.400402267887073338e+00, -9.908323095314676668e-10, 5.219601375240103723e-08
4.022080783037818309e-09, 8.255564922498831839e-04, -3.331999219286361363e-02, 3.249443570461538200e-02, -7.589571328350919839e-04, 8.593347747494162149e-04, 2.606920722149336841e-03, 0.000000000000000000e+00
0.000000000000000000e+00, 0.000000000000000000e+00, 8.113296657581483551e-01, 6.237689898247495562e-02, 1.467048272230152106e+00, -1.861633740789696121e-09, 4.747353717338469303e-08, 7.388821007625477839e-09
1.640100887263395589e-03, -6.691904376688019573e-02, 6.527894290905865426e-02, -1.511490943539813654e-03, 1.754200446464484553e-03, 5.243483910936325675e-03, 0.000000000000000000e+00, 0.000000000000000000e+00
0.000000000000000000e+00, 1.061193060603038196e+00, 8.079951051411975171e-02, 1.936480567370124195e+00, -3.079048299207595867e-08, 3.624088609318165194e-07, 1.123886908892820128e-07, 8.445679193339834800e-03
-4.031731547340158262e-01, 3.947274756295933718e-01, -8.736491484968519211e-03, 1.095618131195782823e-02, 3.196433388512973789e-02, 0.000000000000000000e+00, 0.000000000000000000e+00, 0.000000000000000000e+00
1.084211893306794128e+00, 8.246688714645011853e-02, 1.980431815268197226e+00, -3.656455784168105354e-08, 4.306115571071775662e-07, 1.324148331693885780e-07, 9.067056171282868518e-03, -4.391465406341426014e-01
4.300794844021277874e-01, -9.447305246120956540e-03, 1.197838334795585727e-02, 3.484084988156198326e-02, 0.000000000000000000e+00, 0.000000000000000000e+00, 0.000000000000000000e+00, 1.103942871760613453e+00
8.389207885073786397e-02, 2.018203095873251307e+00, -4.209922353476079162e-08, 5.058868197268509769e-07, 1.513793719211046460e-07, 9.594055761434201052e-03, -4.705023941325658376e-01, 4.609083382085928382e-01
-1.005811696286553446e-02, 1.287273001700480791e-02, 3.735059472374700068e-02, 0.000000000000000000e+00, 0.000000000000000000e+00, 0.000000000000000000e+00, -5.560356604013710902e-01, 6.048272890386249268e-01
-8.269231172372645822e-02, 1.937589517551136716e-10, 5.007911899005687662e-09, -6.456078353162935531e-11, -0.000000000000000000e+00, 0.000000000000000000e+00, -0.000000000000000000e+00, -0.000000000000000000e+00
0.000000000000000000e+00, -0.000000000000000000e+00, 0.000000000000000000e+00, 0.000000000000000000e+00, 0.000000000000000000e+00, -6.048158586078341559e-01, 6.591175114240802602e-01, -9.002214503555271141e-02
6.695898693951357583e-10, -2.444369708112273731e-08, -2.575838557999535100e-10, -3.969202303600536871e-03, 4.224969864900836140e-03, -2.557675594005874901e-04, -1.185653281276275139e-04, 1.292069370954378135e-05
-2.553662720802875883e-04, 0.000000000000000000e+00, 0.000000000000000000e+00, 0.000000000000000000e+00, -8.645508645957499239e-01, 9.627249938019977193e-01, -1.299406877184405285e-01, 6.954731504507025104e-08
7.966455722427162666e-08, -2.900500505824723533e-08, -3.726774426301893151e-01, 3.974202350585474552e-01, -2.474279218406838510e-02, -1.181493663996013681e-02, 2.615753749779283106e-03, -2.506458838839636938e-02
0.000000000000000000e+00, 0.000000000000000000e+00, 0.000000000000000000e+00, 2.839907868267049773e-01, 3.071669056829904876e-01, 2.203258987687087278e-01, -1.124874794633005104e-01, -5.576738937162450949e-01
-8.070400541190846100e-02, 0.000000000000000000e+00, 0.000000000000000000e+00, -0.000000000000000000e+00, -0.000000000000000000e+00, -0.000000000000000000e+00, -0.000000000000000000e+00, 0.000000000000000000e+00
0.000000000000000000e+00, 0.000000000000000000e+00, 3.087237560430581840e-01, 3.339247735734030553e-01, 2.405405514063273242e-01, -1.221073000494124761e-01, -6.061714135162976635e-01, -8.751754286104931890e-02
1.432501111662915438e-04, 3.393699301739741775e-05, -1.771871041477230888e-04, -8.880897516311765704e-04, -4.647094066075415156e-03, -6.232030969114541385e-04, 0.000000000000000000e+00, 0.000000000000000000e+00
0.000000000000000000e+00, 3.272868398632134412e-01, 3.540107161354690835e-01, 2.560955268567049470e-01, -1.292629209668593460e-01, -6.425459982241618073e-01, -9.255194124945825829e-02, 2.082832326251304357e-03
5.105201706544632012e-04, -2.593352479091233856e-03, -1.280094722000243643e-02, -6.677575101311505890e-02, -8.952783151810722595e-03, 0.000000000000000000e+00, 0.000000000000000000e+00, 0.000000000000000000e+00
5.281454092718299576e-01, 5.713654092735074297e-01, 4.479025008023787557e-01, -2.030949096470043846e-01, -1.034742101919888579e+00, -1.426144347213483821e-01, 5.126896803990099033e-02, 3.705107218944838840e-03
-5.497407461353680941e-02, -2.413274979053683378e-01, -1.295469802348957034e+00, -1.682189839969699119e-01, 0.000000000000000000e+00, 0.000000000000000000e+00, 0.000000000000000000e+00, 5.364542193810807325e-01
5.803586752909352109e-01, 4.566977677845727168e-01, -2.060321450648189279e-01, -1.050920228496074360e+00, -1.445336447211950370e-01, 5.416486262935803209e-02, 3.701867753458467671e-03, -5.786673080194281588e-02
-2.525325536968777707e-01, -1.356478022089641078e+00, -1.759424199954340295e-01, 0.000000000000000000e+00, 0.000000000000000000e+00, 0.000000000000000000e+00, 5.447648703462266706e-01, 5.893542102702802321e-01
4.655682101842521514e-01, -2.089612250629118984e-01, -1.067098526314669060e+00, -1.464412744531431720e-01, 5.712823840356274357e-02, 3.688357259596937443e-03, -6.081659610171603891e-02, -2.638457328161112336e-01
-1.418136634227004311e+00, -1.837335446961249341e-01, 0.000000000000000000e+00, 0.000000000000000000e+00, 0.000000000000000000e+00, 4.938475668773046889e-01, 6.822254222883904207e-02, -2.945983764376709779e-02
-8.614707380903999234e-02, 4.842226732348305362e-01, 1.389253059942213153e-01, 0.000000000000000000e+00, -0.000000000000000000e+00, -0.000000000000000000e+00, -0.000000000000000000e+00, 0.000000000000000000e+00
0.000000000000000000e+00, 0.000000000000000000e+00, 0.000000000000000000e+00, 0.000000000000000000e+00, 5.386988220656956372e-01, 7.439098811853757376e-02, -3.128234116887788213e-02, -9.364758228923777961e-02
5.280887708451024176e-01, 1.512822438381044854e-01, 6.964215207515719831e-04, -1.884288303178657115e-04, -5.079926919477753067e-04, -4.337151689319376020e-04, 2.323233312675161873e-03, 6.819722932925522275e-04
0.000000000000000000e+00, 0.000000000000000000e+00, 0.000000000000000000e+00, 9.050725551505621747e-01, 1.241113285548930967e-01, -2.621537996616090174e-02, -1.476155371638863401e-01, 8.839282274752922053e-01
2.464375620240214226e-01, 3.153075819350766862e-01, -8.367132041018504607e-02, -2.316362612964864010e-01, -1.877017678305519244e-01, 1.017071672259830084e+00, 3.011610307932801600e-01, 0.000000000000000000e+00
0.000000000000000000e+00, 0.000000000000000000e+00, 9.220306052778594053e-01, 1.263835654832363986e-01, -2.519078579641602020e-02, -1.498363371536710620e-01, 9.003047383821317640e-01, 2.506321020182212811e-01
3.336654681062471428e-01, -8.844928034645276049e-02, -2.452161871410238059e-01, -1.981024894222759014e-01, 1.074639887702879104e+00, 3.183313663462524201e-01, 0.000000000000000000e+00, 0.000000000000000000e+00
0.000000000000000000e+00, -9.694597008784890946e-01, 1.854576693156023970e-01, -4.099715794616735076e-01, 8.995758173249952746e-11, 1.495820744631397545e-08, -1.990072824906871721e-10, -0.000000000000000000e+00
0.000000000000000000e+00, -0.000000000000000000e+00, -0.000000000000000000e+00, 0.000000000000000000e+00, -0.000000000000000000e+00, 0.000000000000000000e+00, 0.000000000000000000e+00, 0.000000000000000000e+00
-1.054411604348930220e+00, 2.020732988411011732e-01, -4.462912809775009260e-01, 3.525456712201715704e-10, -1.431514189236660860e-08, -8.709362732225137109e-10, -1.245577006010244918e-03, 1.259247419000881314e-03
-1.367041131536983330e-05, -3.981001356708799125e-05, 8.254619501285762696e-06, -7.785477316186350171e-05, 0.000000000000000000e+00, 0.000000000000000000e+00, 0.000000000000000000e+00, -1.120780452853283871e+00
2.152022188693851756e-01, -4.748259172915479387e-01, 7.773377690695306041e-10, 3.256642007945713343e-08, -1.992700927484585283e-09, -3.442878390073414452e-02, 3.483200499040487591e-02, -4.032210383049856964e-04
-1.106524379674481747e-03, 2.252893184622692141e-04, -2.137842768903730657e-03, 0.000000000000000000e+00, 0.000000000000000000e+00, 0.000000000000000000e+00, -1.586043765928577098e+00, 3.117498876763674098e-01
-6.796792296138374212e-01, 4.099534836629267727e-08, 2.024044923742276017e-07, -1.065421397995994232e-07, -4.451125368196202636e-01, 4.512205361602506515e-01, -6.107998647570700088e-03, -1.513018932958360915e-02
4.263808049421014164e-03, -2.939712387630868951e-02, 0.000000000000000000e+00, 0.000000000000000000e+00, 0.000000000000000000e+00, -1.620692269965826826e+00, 3.192231204516304266e-01, -6.952310798902534561e-01
4.916399450277003856e-08, 2.458708025917413610e-07, -1.275989588739579374e-07, -4.815829319741729564e-01, 4.883035497998975960e-01, -6.720617312814392355e-03, -1.639900381600796833e-02, 4.707171893040928978e-03
-3.185273038191388517e-02, 0.000000000000000000e+00, 0.000000000000000000e+00, 0.000000000000000000e+00, -2.706243535773447673e-01, -2.477506916256920766e-01, 4.398754700768920389e-01, -9.920066323140543096e-02
-3.268458906604224112e-01, 2.583325948753305012e-01, -0.000000000000000000e+00, -0.000000000000000000e+00, 0.000000000000000000e+00, -0.000000000000000000e+00, -0.000000000000000000e+00, 0.000000000000000000e+00
0.000000000000000000e+00, 0.000000000000000000e+00, 0.000000000000000000e+00, -2.932963347819733668e-01, -2.687214865248928053e-01, 4.779764351295862079e-01, -1.079785277037999119e-01, -3.546136392517319491e-01
2.803358744733964181e-01, -7.620169943095737126e-04, -5.773246004650815647e-04, 1.339341594405157009e-03, -5.395724723533748286e-04, -1.736718362591268801e-03, 1.650458101696308756e-03, 0.000000000000000000e+00
0.000000000000000000e+00, 0.000000000000000000e+00, -4.561404593649675543e-01, -4.237512420488919740e-01, 7.768896493536747716e-01, -1.805875780184859059e-01, -5.620007612818843645e-01, 4.458446379646156532e-01
-2.412287508762480381e-01, -1.786440847036853685e-01, 4.198728351504408818e-01, -1.726375541405819891e-01, -5.469333963818300282e-01, 5.206532114629462971e-01, 0.000000000000000000e+00, 0.000000000000000000e+00
0.000000000000000000e+00, -5.444799015725976937e-02, -2.840782595896760784e-02, 4.404984927708937570e-01, 1.712125350775130228e-02, 4.888764425589661733e-01, 1.169941622608838133e-01, -0.000000000000000000e+00
-0.000000000000000000e+00, 0.000000000000000000e+00, -0.000000000000000000e+00, 0.000000000000000000e+00, 0.000000000000000000e+00, 0.000000000000000000e+00, 0.000000000000000000e+00, 0.000000000000000000e+00
-5.944168101428968370e-02, -3.105093648560494982e-02, 4.827081625603512616e-01, 1.894016763143281656e-02, 5.342635152446515434e-01, 1.278770775573303542e-01, -1.338026235359210175e-03, -5.766840034469305088e-04
1.914710244959867734e-03, -5.926268724498116148e-05, 6.037479909332288397e-03, 1.729921222462532486e-03, 0.000000000000000000e+00, 0.000000000000000000e+00, 0.000000000000000000e+00, -9.238358855625675159e-02
-4.922396755767489279e-02, 7.955302417691362260e-01, 3.562939660912316231e-02, 8.442498201628659826e-01, 2.026503857589286028e-01, -2.061104837315473892e-01, -8.752425705580332838e-02, 2.936347403545400137e-01
-7.581924180126723735e-03, 9.242377378284208911e-01, 2.661642873862833936e-01, 0.000000000000000000e+00, 0.000000000000000000e+00, 0.000000000000000000e+00, -9.404557105270830442e-02, -5.017598437835602693e-02
8.129735072619123093e-01, 3.669872518251768995e-02, 8.603982361811163271e-01, 2.065741915047352162e-01, -2.196146687021226784e-01, -9.328016852433573813e-02, 3.128948375242343038e-01, -7.976448818066918592e-03
9.851914466557398775e-01, 2.837173680878601889e-01, 0.000000000000000000e+00, 0.000000000000000000e+00, 0.000000000000000000e+00, -9.570009380172429803e-02, -5.112748747181060371e-02, 8.305179770183191978e-01
3.778787506473671454e-02, 8.765296992008904109e-01, 2.104976547657241293e-01, -2.332884073662535029e-01, -9.912814069357846203e-02, 3.324165492286713652e-01, -8.350879206560135604e-03, 1.047016429457498621e+00
3.015255453972779387e-01, 0.000000000000000000e+00, 0.000000000000000000e+00, 0.000000000000000000e+00, 1.678647058495389421e-01, 1.623431977265031856e-01, -4.770676516658146210e-02, 3.437424433576410920e-01
4.342216022744651016e-01, 7.466191501464075619e-02, 0.000000000000000000e+00, 0.000000000000000000e+00, -0.000000000000000000e+00, 0.000000000000000000e+00, 0.000000000000000000e+00, 0.000000000000000000e+00
0.000000000000000000e+00, 0.000000000000000000e+00, 0.000000000000000000e+00, 1.832914100330367002e-01, 1.777016939180255106e-01, -5.138373033135482798e-02, 3.752830903219572800e-01, 4.741662059114499228e-01
8.208976855155830643e-02, 3.904614491194301098e-04, 4.775542275942547374e-04, -8.680156827997149646e-04, 4.527255729384570965e-03, 5.356847765287718263e-03, 8.567274786595402251e-04, 0.000000000000000000e+00
0.000000000000000000e+00, 0.000000000000000000e+00, 3.104905281910759207e-01, 3.152249526897803467e-01, -6.423557479079283761e-02, 6.346391796696883025e-01, 8.046747576441813932e-01, 1.573470720164724113e-01
7.335885802812362744e-02, 8.711990235308472719e-02, -1.604787607291845442e-01, 8.246725969418089441e-01, 9.744953618758276370e-01, 1.657033292332476815e-01, 0.000000000000000000e+00, 0.000000000000000000e+00
0.000000000000000000e+00, 3.161859864935525066e-01, 3.218196262864339574e-01, -6.410607271909937732e-02, 6.462446202023295339e-01, 8.195286666727236158e-01, 1.612805422557285484e-01, 7.764072966351039107e-02
9.187602478027469266e-02, -1.695167537814669667e-01, 8.711839116151386397e-01, 1.029134638565649906e+00, 1.754850447813329772e-01, 0.000000000000000000e+00, 0.000000000000000000e+00, 0.000000000000000000e+00
-1.631447192264307844e-01, -5.499246181779143816e-01, -4.765180919652099445e-01, 4.343152290615042710e-01, -3.240308367013229884e-01, 1.432300832891189035e-01, 0.000000000000000000e+00, -0.000000000000000000e+00
-0.000000000000000000e+00, 0.000000000000000000e+00, -0.000000000000000000e+00, 0.000000000000000000e+00, 0.000000000000000000e+00, 0.000000000000000000e+00, 0.000000000000000000e+00, -1.771678671137340288e-01
-5.964104249693892301e-01, -5.170040356671745663e-01, 4.713887396610932368e-01, -3.518245713281755727e-01, 1.550443004261009006e-01, 7.628800878223184964e-04, -4.879371224677220265e-04, -2.749429724280691369e-04
2.545918776759203712e-03, -2.131985941729013217e-03, 6.987506905860231977e-04, 0.000000000000000000e+00, 0.000000000000000000e+00, 0.000000000000000000e+00, -1.881905055131523341e-01, -6.326925387764739117e-01
-5.486690688362199086e-01, 5.004435247920246965e-01, -3.736527769684925837e-01, 1.641678926193147481e-01, 1.390454788234417316e-02, -8.864483555481120561e-03, -5.040064331031942658e-03, 4.649587248556753122e-02
-3.872136138201185546e-02, 1.282507307832262029e-02, 0.000000000000000000e+00, 0.000000000000000000e+00, 0.000000000000000000e+00, -3.009015740491592927e-01, -9.872578662636087854e-01, -8.618699790639852143e-01
7.918034932253146252e-01, -5.958271305142409657e-01, 2.472436000424824420e-01, 2.572113990307282605e-01, -1.681753730773269118e-01, -8.903602732176493784e-02, 8.429484183137249120e-01, -7.176441932302913829e-01
2.175799893902714277e-01, 0.000000000000000000e+00, 0.000000000000000000e+00, 0.000000000000000000e+00, -3.069665306593338250e-01, -1.005556915694617137e+00, -8.782154094736183136e-01, 8.072146250522574951e-01
-6.077354988681392678e-01, 2.512240656203176270e-01, 2.728155206146622436e-01, -1.785845535828642638e-01, -9.423096790215854113e-02, 8.938072571947616174e-01, -7.611909558615467253e-01, 2.300132065039542928e-01
0.000000000000000000e+00, 0.000000000000000000e+00, 0.000000000000000000e+00, -3.120231691555923059e-01, -1.020750055935092826e+00, -8.918016965706418997e-01, 8.200422226568672146e-01, -6.176606232639312299e-01
2.545025871589718935e-01, 2.859623892407792689e-01, -1.873711641828464114e-01, -9.859122556119701009e-02, 9.366608207224835780e-01, -7.978827413978138994e-01, 2.404320895679168402e-01, 0.000000000000000000e+00
0.000000000000000000e+00, 0.000000000000000000e+00, 4.330202083445696126e-01, 1.131215965248655975e+00, -3.693445908793938776e-02, -2.913175554778386541e-09, 7.884490180459028072e-09, 3.169704577216981699e-10
-0.000000000000000000e+00, 0.000000000000000000e+00, -0.000000000000000000e+00, 0.000000000000000000e+00, -0.000000000000000000e+00, -0.000000000000000000e+00, 0.000000000000000000e+00, 0.000000000000000000e+00
0.000000000000000000e+00, 4.696878744351819512e-01, 1.228223505544607130e+00, -4.003027300333774491e-02, -9.799030453752562298e-09, -2.095570626052930677e-08, 1.091346109265022936e-09, -1.395902394599778443e-04
2.062798901806143451e-03, -1.923208661442656542e-03, 4.177322618967190649e-05, -5.265181228060725242e-05, -1.585731392127632665e-04, 0.000000000000000000e+00, 0.000000000000000000e+00, 0.000000000000000000e+00
4.990089843224787547e-01, 1.306278963483397337e+00, -4.249351210911571364e-02, -2.215736170860342181e-08, 6.255169288633677913e-09, 2.511083993966155848e-09, -2.537903190820025353e-03, 3.652077060197133490e-02
-3.398286746718405527e-02, 7.563818317407819142e-04, -9.244782244352232892e-04, -2.737788070726681570e-03, 0.000000000000000000e+00, 0.000000000000000000e+00, 0.000000000000000000e+00, 7.002575583172530038e-01
1.856632800759096424e+00, -5.902015712225271160e-02, -7.574185415555426159e-07, 6.575036117459610421e-10, 8.405580133587331399e-08, -3.132667758201348324e-02, 4.581668630403710751e-01, -4.268401853244561672e-01
9.580718550368209560e-03, -1.164152641390247926e-02, -3.362827511780092787e-02, 0.000000000000000000e+00, 0.000000000000000000e+00, 0.000000000000000000e+00, 7.148713854885863084e-01, 1.897509048721434555e+00
-6.019753430430686836e-02, -8.824626561912052752e-07, -3.127584644316838957e-09, 9.803639991614336796e-08, -3.390278327793726926e-02, 4.952876898954838292e-01, -4.613849077905402551e-01, 1.036908590293680703e-02
-1.254815297098612822e-02, -3.629781218099990131e-02, 0.000000000000000000e+00, 0.000000000000000000e+00, 0.000000000000000000e+00, 7.294816165693336352e-01, 1.938504652642741410e+00, -6.137154550276205378e-02
-1.020836417791156408e-06, 2.654892988746878036e-08, 1.135619062453312194e-07, -3.654306080361803544e-02, 5.330639654644706571e-01, -4.965209045469807791e-01, 1.117550585734887816e-02, -1.346226797166756584e-02
-3.901215676645534286e-02, 0.000000000000000000e+00, 0.000000000000000000e+00, 0.000000000000000000e+00, -1.954165926818413057e-01, 5.260830085102322640e-01, 9.471784948508582547e-01, -6.223165174377108431e-10
1.109926040139972620e-08, -1.718479897740829606e-10, -0.000000000000000000e+00, 0.000000000000000000e+00, 0.000000000000000000e+00, -0.000000000000000000e+00, 0.000000000000000000e+00, 0.000000000000000000e+00
0.000000000000000000e+00, 0.000000000000000000e+00, 0.000000000000000000e+00, -2.126368363423902785e-01, 5.730423005621796406e-01, 1.032564069721714217e+00, -2.766899055714492203e-09, 1.841343302518241515e-08
-6.758150069621719114e-10, -2.128963571747222259e-03, 1.520215179255795265e-04, 1.976942052029001529e-03, -6.897895137867752829e-05, 3.937091035863088363e-05, 1.312631978654251689e-04, 0.000000000000000000e+00
0.000000000000000000e+00, 0.000000000000000000e+00, -3.235349400905920270e-01, 8.855791755390234332e-01, 1.616044066019978853e+00, -3.161379348221771298e-07, 7.053414324200879967e-07, -5.524479263815600144e-08
-5.173445460058843093e-01, 3.418652927362349214e-02, 4.831580163012758056e-01, -1.403278592561713750e-02, 1.194475146587583615e-02, 3.147712201035685747e-02, 0.000000000000000000e+00, 0.000000000000000000e+00
0.000000000000000000e+00, -3.293363546335450476e-01, 9.024049409054832882e-01, 1.648191574675961224e+00, -3.644737052606092478e-07, 8.127633102203942370e-07, -6.315019153639816993e-08, -5.524225706147126713e-01
3.622887385824967443e-02, 5.161936980414216780e-01, -1.487149459387702294e-02, 1.291469995490306978e-02, 3.359776988375051676e-02, 0.000000000000000000e+00, 0.000000000000000000e+00, 0.000000000000000000e+00
5.768219201997338841e-01, -5.488927970433835624e-01, -2.966336994933690963e-01, -3.734952961160856756e-10, 2.653338040016208414e-09, 4.766986787079365740e-10, 0.000000000000000000e+00, -0.000000000000000000e+00
-0.000000000000000000e+00, 0.000000000000000000e+00, -0.000000000000000000e+00, 0.000000000000000000e+00, 0.000000000000000000e+00, 0.000000000000000000e+00, 0.000000000000000000e+00, 5.691717190975739693e-02
9.606121193403913683e-01, -1.669757972078446395e-01, -1.893478133902289167e-09, -1.850381206779426493e-08, 1.807593137328765383e-11, -0.000000000000000000e+00, 0.000000000000000000e+00, -0.000000000000000000e+00
0.000000000000000000e+00, -0.000000000000000000e+00, -0.000000000000000000e+00, 0.000000000000000000e+00, 0.000000000000000000e+00, 0.000000000000000000e+00, -4.258118875757989086e-01, 5.164774866652592500e-02
-3.972480544310428852e-01, 3.579188103902636309e-01, -1.499670646788528634e-02, -3.625870496979471946e-01, -0.000000000000000000e+00, 0.000000000000000000e+00, -0.000000000000000000e+00, 0.000000000000000000e+00
0.000000000000000000e+00, -0.000000000000000000e+00, 0.000000000000000000e+00, 0.000000000000000000e+00, 0.000000000000000000e+00, -4.617432541189547268e-01, 5.655130715192224072e-02, -4.312121025601154956e-01
3.884705110381649895e-01, -1.672737456209319809e-02, -3.938592955916908056e-01, -1.977857228047600463e-04, 3.593494881667830027e-04, -1.615637647968644135e-04, 9.633031826762269989e-04, 1.193340693121632608e-04
-9.471893866174715178e-04, 0.000000000000000000e+00, 0.000000000000000000e+00, 0.000000000000000000e+00, -4.914653281065758383e-01, 6.082345206528317477e-02, -4.594821693524878681e-01, 4.138842972615070503e-01
-1.834320856719076978e-02, -4.199971803408587556e-01, -9.397808869285565955e-03, 1.705445663086104652e-02, -7.656647707610163972e-03, 4.538309240292641433e-02, 5.305697804907879775e-03, -4.467348229185979375e-02
0.000000000000000000e+00, 0.000000000000000000e+00, 0.000000000000000000e+00, -7.668197395011994155e-01, 1.132868604331174756e-01, -7.318915109890918869e-01, 6.575923409096501304e-01, -4.445668592177220990e-02
-6.781934448534429061e-01, -1.805745651242332550e-01, 3.161355994689253879e-01, -1.355610336084669965e-01, 8.630481631058311009e-01, 1.035840643450783166e-01, -8.393765138511222190e-01, 0.000000000000000000e+00
0.000000000000000000e+00, 0.000000000000000000e+00, -7.777003109171747308e-01, 1.158543834902229785e-01, -7.430566016673729735e-01, 6.675554811202069061e-01, -4.592534108995641878e-02, -6.890258543419288673e-01
-1.892913421619694392e-01, 3.310224266103251045e-01, -1.417310858604691748e-01, 9.043405504928925254e-01, 1.082060651954499519e-01, -8.791039756976793962e-01, 0.000000000000000000e+00, 0.000000000000000000e+00
0.000000000000000000e+00, -7.885405547458658182e-01, 1.184564011900613861e-01, -7.542156988613443191e-01, 6.775121141192275154e-01, -4.742823403726024317e-02, -6.998752168288912001e-01, -1.981176914845781123e-01
3.460746627806108866e-01, -1.479569710156945772e-01, 9.461278233769644386e-01, 1.128368958289835272e-01, -9.192730343374139190e-01, 0.000000000000000000e+00, 0.000000000000000000e+00, 0.000000000000000000e+00
-5.147401682115638755e-01, 6.959413505915645892e-02, 6.432456518961241487e-01, -1.038215145827723855e-10, 2.425432952387067305e-08, -3.968278600065113010e-10, -0.000000000000000000e+00, -0.000000000000000000e+00
0.000000000000000000e+00, -0.000000000000000000e+00, 0.000000000000000000e+00, 0.000000000000000000e+00, 0.000000000000000000e+00, 0.000000000000000000e+00, 0.000000000000000000e+00, -5.587200992131194921e-01
7.560823802522760595e-02, 6.994680880018482316e-01, -4.166067281196718328e-10, 6.922224751079742730e-08, -1.472740106357628767e-09, -2.729329599953140076e-03, -1.444256179973194026e-05, 2.743772159734942512e-03
-8.193450228207917478e-05, 4.393109062487993182e-05, 2.162744004541627735e-04, 0.000000000000000000e+00, 0.000000000000000000e+00, 0.000000000000000000e+00, -8.037507336060222274e-01, 1.099664701254990939e-01
1.028814203452697917e+00, -2.669988399127837333e-08, 3.706365562064705703e-07, -7.250238490570091050e-08, -3.930511303094555986e-01, -3.015916892230318270e-03, 3.960670478823542506e-01, -1.071518751088574271e-02
7.670031120886264438e-03, 3.065084347461744310e-02, 0.000000000000000000e+00, 0.000000000000000000e+00, 0.000000000000000000e+00, -8.217323852322253597e-01, 1.125425553030471593e-01, 1.054036840337160275e+00
-3.205744309719978295e-08, 4.346987444707191231e-07, -8.636456879748608658e-08, -4.299105376780570920e-01, -3.409009147776879880e-03, 4.333195468064888756e-01, -1.164333705489700027e-02, 8.510095385064576218e-03
3.346150723422977591e-02, 0.000000000000000000e+00, 0.000000000000000000e+00, 0.000000000000000000e+00, -3.723195691943841923e-01, 2.917806682212343294e-01, 3.540044871928471615e-01, -3.959629229632192771e-01
1.422290750855305930e-01, 4.616878893076431511e-02, -0.000000000000000000e+00, 0.000000000000000000e+00, 0.000000000000000000e+00, -0.000000000000000000e+00, 0.000000000000000000e+00, 0.000000000000000000e+00
0.000000000000000000e+00, 0.000000000000000000e+00, 0.000000000000000000e+00, -4.058277700310957692e-01, 3.189423043064161245e-01, 3.864506640151667560e-01, -4.321440893702863106e-01, 1.549533171937483300e-01
5.019183500382528446e-02, -3.941445929327170791e-03, 1.593393502674763382e-03, 2.348052430434654711e-03, -5.848501076096196058e-03, 2.418988909926306566e-03, 9.163211679590258082e-04, 0.000000000000000000e+00
0.000000000000000000e+00, 0.000000000000000000e+00, -6.284539038619949558e-01, 5.150014841274703770e-01, 6.122496200078570983e-01, -6.820802194283355213e-01, 2.382790385338383332e-01, 7.470652901347168973e-02
-4.362503515164918300e-01, 1.745173543888996759e-01, 2.617329979461466283e-01, -6.433445293114076202e-01, 2.687442555218744755e-01, 9.797526255102292914e-02, 0.000000000000000000e+00, 0.000000000000000000e+00
0.000000000000000000e+00, -6.400574179175365641e-01, 5.259716581338769181e-01, 6.245054820199159584e-01, -6.955651738299214459e-01, 2.425721285343318268e-01, 7.587796622446883743e-02, -4.653313897203687488e-01
1.860008486066518640e-01, 2.793305407337441371e-01, -6.859959316664625550e-01, 2.866770127342298524e-01, 1.042452923090075867e-01, 0.000000000000000000e+00, 0.000000000000000000e+00, 0.000000000000000000e+00
2.828749712906326597e-01, -6.122725236800408144e-01, 5.194372618651388329e-01, 1.278117061618785698e-09, -2.575648080767076037e-08, 9.812504961654384487e-11, 0.000000000000000000e+00, -0.000000000000000000e+00
0.000000000000000000e+00, -0.000000000000000000e+00, 0.000000000000000000e+00, 0.000000000000000000e+00, 0.000000000000000000e+00, 0.000000000000000000e+00, 0.000000000000000000e+00, 4.378739888022430971e-01
-3.617232601771011580e-01, 7.916786575092623623e-01, 8.982206795062164522e-10, -3.684019299761915134e-09, 2.473121236432699421e-10, 0.000000000000000000e+00, -0.000000000000000000e+00, 0.000000000000000000e+00
-0.000000000000000000e+00, 0.000000000000000000e+00, 0.000000000000000000e+00, 0.000000000000000000e+00, 0.000000000000000000e+00, 0.000000000000000000e+00, 4.774571853353481443e-01, -3.939571606283490679e-01
8.638610145516941730e-01, 3.151311407645729643e-09, 1.005358528936041292e-08, 8.947279456932896609e-10, 5.772956859200450682e-04, -3.981366744156820438e-03, 3.404071058742978197e-03, -6.180078799058520179e-05
9.655004804741413986e-05, 2.877079240991607472e-04, 0.000000000000000000e+00, 0.000000000000000000e+00, 0.000000000000000000e+00, 1.293845672930467872e-01, 2.901578681284579520e-01, 4.035305691703371805e-02
-4.159324420925679111e-01, -8.870108476982210832e-02, 3.758053796689524440e-01, 0.000000000000000000e+00, 0.000000000000000000e+00, -0.000000000000000000e+00, -0.000000000000000000e+00, -0.000000000000000000e+00
0.000000000000000000e+00, 0.000000000000000000e+00, 0.000000000000000000e+00, 0.000000000000000000e+00, 1.411590990017775882e-01, 3.161559976667024929e-01, 4.388632829548009401e-02, -4.522485475178094072e-01
-9.697347375924048052e-02, 4.088021650516309724e-01, 7.161518933443168915e-05, 3.037842515477303762e-04, -3.753994388633944660e-04, -3.446519337789075675e-03, -3.910284931293054808e-04, 2.862934197701753978e-03
0.000000000000000000e+00, 0.000000000000000000e+00, 0.000000000000000000e+00, 2.530115152892041253e-01, 5.531482137139298594e-01, 7.405274690178018093e-02, -7.594306295592844203e-01, -1.803780629312568551e-01
6.930607536004774749e-01, 1.882804994061864842e-02, 8.527778745996059118e-02, -1.041058365572888333e-01, -9.852040544573402725e-01, -1.167305588283153867e-01, 8.163204679788743645e-01, 0.000000000000000000e+00
0.000000000000000000e+00, 0.000000000000000000e+00, 2.583079787790581450e-01, 5.640168409718879783e-01, 7.536603704320915531e-02, -7.726639004304618474e-01, -1.844928039629321892e-01, 7.055188528973893591e-01
1.973271779163750239e-02, 8.986803888470631940e-02, -1.096007573886887826e-01, -1.039170272188208122e+00, -1.234804718538405066e-01, 8.608686055947826210e-01, 0.000000000000000000e+00, 0.000000000000000000e+00
0.000000000000000000e+00, 2.636479592460614918e-01, 5.749459168001702647e-01, 7.668113593258162053e-02, -7.859005105286118731e-01, -1.886545082252348571e-01, 7.179995561922695169e-01, 2.063276874615823861e-02
9.452001500579877702e-02, -1.151527846694183344e-01, -1.093889255642732650e+00, -1.303770629630729982e-01, 9.060211925829988466e-01, 0.000000000000000000e+00, 0.000000000000000000e+00, 0.000000000000000000e+00
3.596706202328080471e-01, 1.452671444552668500e+00, 4.948416718712861928e-01, -1.514114660629056518e-09, 3.655820050954962836e-07, -4.804519960123113502e-11, -0.000000000000000000e+00, 0.000000000000000000e+00
-0.000000000000000000e+00, -0.000000000000000000e+00, -0.000000000000000000e+00, -0.000000000000000000e+00, 0.000000000000000000e+00, 0.000000000000000000e+00, 0.000000000000000000e+00, 3.905261049140108520e-01
1.580070488223041192e+00, 5.374731117137433456e-01, -4.755728559564512436e-09, 8.670828550968399661e-09, -1.780617243837609490e-10, -1.715906752391083145e-03, 2.568035560773107833e-03, -8.521288087498314926e-04
-2.775398111285729458e-05, -2.825319121621598268e-05, -1.447088295334417586e-04, 0.000000000000000000e+00, 0.000000000000000000e+00, 0.000000000000000000e+00, 4.144337713409072532e-01, 1.679717130902997679e+00
5.705681902391023241e-01, -1.039579075087402837e-08, -1.332777556355580268e-10, -4.439812815592731594e-10, -2.608498322974618644e-02, 3.917302537335786566e-02, -1.308804218568510383e-02, -4.467513877600375180e-04
-4.134999659348389026e-04, -2.174324464657550766e-03, 0.000000000000000000e+00, 0.000000000000000000e+00, 0.000000000000000000e+00, 4.331355401069306721e-01, 1.758499427246155156e+00, 5.965214756715290223e-01
-1.896879628108157759e-08, -1.097098079920364504e-08, -9.278721962037621126e-10, -4.998136384732315696e-02, 7.492978450312422212e-02, -2.494842074582285033e-02, -9.346561515878280824e-04, -8.086927701400841535e-04
-4.104351537716782565e-03, 0.000000000000000000e+00, 0.000000000000000000e+00, 0.000000000000000000e+00, 6.243413461710324297e-01, 2.608316252499558896e+00, 8.651513261023854318e-01, -6.307735856715959704e-07
-5.030791111613114626e-08, -4.365116635018190115e-08, -4.589925258460336721e-01, 6.767871438576753551e-01, -2.177946182210814263e-01, -1.108734150148497910e-02, -6.878893066622398210e-03, -3.545010216988441626e-02
0.000000000000000000e+00, 0.000000000000000000e+00, 0.000000000000000000e+00, -1.435627323709622559e-02, 1.481680293907425838e-01, -3.245602326082854816e-01, -2.418264962755929670e-01, -3.471022408245962865e-01
3.464834991908158357e-01, 0.000000000000000000e+00, 0.000000000000000000e+00, -0.000000000000000000e+00, -0.000000000000000000e+00, -0.000000000000000000e+00, 0.000000000000000000e+00, 0.000000000000000000e+00
0.000000000000000000e+00, 0.000000000000000000e+00, -1.526545002327562087e-02, 1.617935309993930038e-01, -3.532044426586958830e-01, -2.639750750575688421e-01, -3.787032293327312615e-01, 3.781591493892099143e-01
4.556335212408022493e-04, 1.818220219870043345e-03, -2.273853746637212285e-03, -3.954280571896630868e-03, -6.245020426857765712e-03, 5.080205918029609760e-03, 0.000000000000000000e+00, 0.000000000000000000e+00
0.000000000000000000e+00, -1.442712478375827306e-02, 2.700677087220739181e-01, -5.564910367771076505e-01, -4.385092125178753353e-01, -6.234981057392485759e-01, 6.263107623046241246e-01, 5.342158173760694351e-02
2.166321566974453994e-01, -2.700537376718348814e-01, -4.718550047804729308e-01, -7.385068623829611489e-01, 5.938489680728639142e-01, 0.000000000000000000e+00, 0.000000000000000000e+00, 0.000000000000000000e+00
-1.403390538894050757e-02, 2.755351149465633531e-01, -5.657191617582744136e-01, -4.472620541932764704e-01, -6.355980943486509993e-01, 6.386959979565698386e-01, 5.669443601527388715e-02, 2.299249995671494018e-01
-2.866194349305057898e-01, -5.011906768265895762e-01, -7.836704618044827431e-01, 6.301656051708445228e-01, 0.000000000000000000e+00, 0.000000000000000000e+00, 0.000000000000000000e+00, -4.350816619215933795e-02
-1.777983174472196060e-01, 2.932730458143696373e-01, 8.171266601064229584e-02, 5.250784577293108324e-01, 5.489010594896105710e-02, -0.000000000000000000e+00, -0.000000000000000000e+00, 0.000000000000000000e+00
0.000000000000000000e+00, 0.000000000000000000e+00, 0.000000000000000000e+00, 0.000000000000000000e+00, 0.000000000000000000e+00, 0.000000000000000000e+00, -4.720778619249112878e-02, -1.929314586286942079e-01
3.194037383823658538e-01, 8.882996608778348513e-02, 5.698807375887704474e-01, 5.970211931285075019e-02, -2.100115329254251088e-04, -2.625345607646048128e-04, 4.725460936455395228e-04, 2.913425853079496127e-04
2.099553931671200354e-03, 2.362638892031387579e-04, 0.000000000000000000e+00, 0.000000000000000000e+00, 0.000000000000000000e+00, -2.751430340461982205e-01, 4.335043587963185313e-02, 4.017125580827961007e-01
-1.475494697020215962e-01, -3.465695485012634247e-01, 2.942640898502929536e-01, -0.000000000000000000e+00, -0.000000000000000000e+00, 0.000000000000000000e+00, -0.000000000000000000e+00, -0.000000000000000000e+00
0.000000000000000000e+00, 0.000000000000000000e+00, 0.000000000000000000e+00, 0.000000000000000000e+00, -2.990274115054909476e-01, 4.726349348862043248e-02, 4.379191967981796996e-01, -1.610457153999412527e-01
-3.771834957647820508e-01, 3.204823086945131072e-01, -2.493117918316048627e-03, -6.933909734934522726e-05, 2.562457021027085211e-03, -2.176767825376560526e-03, -4.897572587146741159e-03, 4.237369033606584040e-03
0.000000000000000000e+00, 0.000000000000000000e+00, 0.000000000000000000e+00, -4.664355957956839993e-01, 7.785141190599373373e-02, 7.191653745117262408e-01, -2.699799041769356256e-01, -6.027034550628520559e-01
5.182859563398322100e-01, -3.293680471755405792e-01, -8.559918172257704322e-03, 3.379279647183472957e-01, -2.915390482911934811e-01, -6.538984633643772915e-01, 5.574677121126996315e-01, 0.000000000000000000e+00
0.000000000000000000e+00, 0.000000000000000000e+00, -4.750368023180477350e-01, 7.958777247246462405e-02, 7.350116332995592083e-01, -2.763163442210421761e-01, -6.148547307737053380e-01, 5.291709800584377676e-01
-3.516133061190614417e-01, -9.095632639380294565e-03, 3.607089376548605064e-01, -3.115643769779740113e-01, -6.986769711628167956e-01, 5.952123427307514092e-01, 0.000000000000000000e+00, 0.000000000000000000e+00
0.000000000000000000e+00, 2.107509436937156921e-01, 3.922677151305780513e-02, -8.227934888186697604e-01, -8.435200385295964221e-02, -1.935215599695942756e-01, 2.631238343944964156e-02, 0.000000000000000000e+00
0.000000000000000000e+00, -0.000000000000000000e+00, -0.000000000000000000e+00, -0.000000000000000000e+00, 0.000000000000000000e+00, 0.000000000000000000e+00, 0.000000000000000000e+00, 0.000000000000000000e+00
5.043874943314735626e-01, 1.043114892474146238e-01, -3.950822232544992652e-01, -3.717281835354177000e-01, 1.191562475097337898e-01, 5.402617194233259174e-02, 0.000000000000000000e+00, -0.000000000000000000e+00
-0.000000000000000000e+00, -0.000000000000000000e+00, 0.000000000000000000e+00, 0.000000000000000000e+00, 0.000000000000000000e+00, 0.000000000000000000e+00, 0.000000000000000000e+00, 5.526210011476802020e-01
1.146644842070215914e-01, -4.321238827660419668e-01, -4.066043971658366285e-01, 1.304774898595857935e-01, 5.899295098454652997e-02, 3.891376083650791799e-03, -1.001676230917522174e-04, -3.791208453427917079e-03
-5.557668522875272576e-03, 1.848807628837516401e-03, 8.509032274097875831e-04, 0.000000000000000000e+00, 0.000000000000000000e+00, 0.000000000000000000e+00, 1.474488583652313611e+00, 5.977029198607933802e-01
1.721927699715101401e+00, -1.261813942493955527e-09, -8.643284236997889564e-08, 5.411849144090743319e-10, 0.000000000000000000e+00, -0.000000000000000000e+00, 0.000000000000000000e+00, -0.000000000000000000e+00
0.000000000000000000e+00, 0.000000000000000000e+00, 0.000000000000000000e+00, 0.000000000000000000e+00, 0.000000000000000000e+00, 1.600573341834755858e+00, 6.479934761133211429e-01, 1.870133381030490316e+00
-4.162078797832069416e-09, -2.171672209160732055e-07, 1.809344881766255501e-09, 4.605407271923781507e-04, -1.950508570299999168e-03, 1.489967843006187887e-03, -2.094517466466208099e-05, 3.977746157933117587e-05
1.316250368113108229e-04, 0.000000000000000000e+00, 0.000000000000000000e+00, 0.000000000000000000e+00, 1.697374620649246157e+00, 6.863240772362843023e-01, 1.984258740621196448e+00, -9.266890955203156646e-09
-3.036156083078649950e-07, 4.157319219378930577e-09, 8.853071257827234072e-03, -3.711975234014754099e-02, 2.826668109320382843e-02, -4.204041983613957044e-04, 7.610595668352428253e-04, 2.457175335523793455e-03
0.000000000000000000e+00, 0.000000000000000000e+00, 0.000000000000000000e+00, 1.773229870497915917e+00, 7.161360534885522489e-01, 2.074004832191030712e+00, -1.688818620749713018e-08, -4.380040060095441599e-07
7.478573605251270158e-09, 1.692157785235717804e-02, -7.129499458635114861e-02, 5.437341662266132608e-02, -8.089525281891187880e-04, 1.502936614158653260e-03, 4.724965876959378620e-03, 0.000000000000000000e+00
0.000000000000000000e+00, 0.000000000000000000e+00, 1.758942731032067941e-01, -9.479439484184215559e-01, -6.047182718400902907e-02, 6.967644723761649617e-10, 1.115229388151275543e-08, -2.706681562951466078e-11
0.000000000000000000e+00, -0.000000000000000000e+00, 0.000000000000000000e+00, 0.000000000000000000e+00, 0.000000000000000000e+00, 0.000000000000000000e+00, 0.000000000000000000e+00, 0.000000000000000000e+00
0.000000000000000000e+00, 6.382038044629302354e-01, -8.245567076867038603e-02, -5.108852447247175244e-01, 9.910147767844399211e-11, -1.008690489024312746e-08, 5.540087360728300756e-10, 0.000000000000000000e+00
-0.000000000000000000e+00, -0.000000000000000000e+00, 0.000000000000000000e+00, -0.000000000000000000e+00, -0.000000000000000000e+00, 0.000000000000000000e+00, 0.000000000000000000e+00, 0.000000000000000000e+00
7.012181426097020553e-01, -9.049250512206381825e-02, -5.601750603399209272e-01, 4.763389672349081898e-10, -1.387643647210953752e-08, 2.352405542790280933e-09, 6.078060299484959114e-03, -4.191914852761918081e-04
-5.658868808532527446e-03, 1.954864412759433896e-04, -1.059549861199930449e-04, -3.783984187617877291e-04, 0.000000000000000000e+00, 0.000000000000000000e+00, 0.000000000000000000e+00, -2.494827657806164278e-01
7.921934978114724135e-01, -2.580650072061999034e-01, -1.117647787950942350e-09, 2.635012331297579120e-10, -2.035803075896030501e-12, -0.000000000000000000e+00, 0.000000000000000000e+00, -0.000000000000000000e+00
-0.000000000000000000e+00, -0.000000000000000000e+00, -0.000000000000000000e+00, 0.000000000000000000e+00, 0.000000000000000000e+00, 0.000000000000000000e+00, 5.882892537296366964e-01, 4.744755553230390333e-01
1.263453249128098921e-01, -2.087556672807249110e-03, -1.279427490211246798e-01, 5.290538930613859492e-01, 0.000000000000000000e+00, 0.000000000000000000e+00, -0.000000000000000000e+00, 0.000000000000000000e+00
-0.000000000000000000e+00, 0.000000000000000000e+00, 0.000000000000000000e+00, 0.000000000000000000e+00, 0.000000000000000000e+00, 6.391187954640227264e-01, 5.146027461784611345e-01, 1.370386748626585272e-01
-2.510077750863727412e-03, -1.387970026193898199e-01, 5.737825386850397003e-01, 6.941840134736841162e-04, 1.463138678521517892e-04, -8.404978787165792633e-04, 3.479396123406688565e-04, -1.198070080870714503e-03
4.478225297989598015e-03, 0.000000000000000000e+00, 0.000000000000000000e+00, 0.000000000000000000e+00, 6.818966903766494614e-01, 5.480528530279700217e-01, 1.459566691387457760e-01, -2.955710533874136587e-03
-1.478587977083095639e-01, 6.110619254706696202e-01, 1.038906147967245952e-02, 2.247267116227734743e-03, -1.263632867593565863e-02, 5.012841625697881179e-03, -1.775418237914892783e-02, 6.659223196479643891e-02
0.000000000000000000e+00, 0.000000000000000000e+00, 0.000000000000000000e+00, 1.130610280848550309e+00, 8.797300485799042224e-01, 2.347620833461602496e-01, -1.303013322584683706e-02, -2.388302892532304100e-01
9.803097055244847091e-01, 1.803766171041695787e-01, 4.676563886162192485e-02, -2.271422553490771434e-01, 1.009266993269973683e-01, -3.309719061537859108e-01, 1.200274582155304248e+00, 0.000000000000000000e+00
0.000000000000000000e+00, 0.000000000000000000e+00, 1.154443970554823284e+00, 8.965038418752779847e-01, 2.392673212859189047e-01, -1.377824983734539203e-02, -2.434993633676570957e-01, 9.989705901653949116e-01
1.906940856211043755e-01, 4.996639752079062857e-02, -2.406604838471928520e-01, 1.067023236474191061e-01, -3.503194631695477068e-01, 1.270079957506011104e+00, 0.000000000000000000e+00, 0.000000000000000000e+00
0.000000000000000000e+00, 1.173599660136108280e+00, 9.099245375629427812e-01, 2.428728302042739706e-01, -1.439323082728767404e-02, -2.472411384328552231e-01, 1.013900359581058064e+00, 1.990481100116293367e-01
5.260024354865566742e-02, -2.516483534691827950e-01, 1.113608109008867447e-01, -3.659814883824406007e-01, 1.326634140842695153e+00, 0.000000000000000000e+00, 0.000000000000000000e+00, 0.000000000000000000e+00
-4.304400561598112906e-01, -9.412510244896898914e-01, 2.343129145077444686e-01, 2.307023526805594292e-09, -1.113691191401597373e-07, -3.585951394511223855e-10, -0.000000000000000000e+00, -0.000000000000000000e+00
0.000000000000000000e+00, -0.000000000000000000e+00, 0.000000000000000000e+00, 0.000000000000000000e+00, 0.000000000000000000e+00, 0.000000000000000000e+00, 0.000000000000000000e+00, -4.690463575610244185e-01
-1.024772540118999764e+00, 2.555873436031388946e-01, 8.468558268372121698e-09, -1.037234180505168491e-07, -1.393791133030609098e-09, -2.071199277146075479e-04, -4.721087014635581489e-03, 4.928206945555549737e-03
-1.328740246855237553e-04, 1.101019552152178183e-04, 4.098487648659663359e-04, 0.000000000000000000e+00, 0.000000000000000000e+00, 0.000000000000000000e+00, -7.003976774182952836e-01, -1.513373111157307216e+00
3.865617575279087226e-01, 6.552841758497024571e-07, 1.552952476325727130e-07, -9.489294745860532409e-08, -1.972993397445031022e-02, -4.159649042012596998e-01, 4.356948390186138886e-01, -1.123319086603210247e-02
1.097380481171750070e-02, 3.671272229214212618e-02, 0.000000000000000000e+00, 0.000000000000000000e+00, 0.000000000000000000e+00, -7.169048462830880375e-01, -1.547530491965972255e+00, 3.961192244718979016e-01
7.768064805665120681e-07, 2.154656993689299898e-07, -1.117292573868088979e-07, -2.150447255691207218e-02, -4.522890740147537669e-01, 4.737935460028601664e-01, -1.214767187126216709e-02, 1.194223861781713338e-02
3.995796815255828888e-02, 0.000000000000000000e+00, 0.000000000000000000e+00, 0.000000000000000000e+00, -7.334092324587371259e-01, -1.581593346964952129e+00, 4.057031483680545447e-01, 9.134006586844381615e-07
2.037550414196907735e-07, -1.304327255095488382e-07, -2.332283348159419969e-02, -4.891231718313628352e-01, 5.124460057640964905e-01, -1.306286580943258335e-02, 1.292685564513659617e-02, 4.325846313375131258e-02
0.000000000000000000e+00, 0.000000000000000000e+00, 0.000000000000000000e+00, 1.379485821047381766e-01, 4.080460013847477252e-01, -1.040133134030030437e-01, -3.695773735289254684e-03, 5.299102763480492140e-01
9.038256749558157277e-02, 0.000000000000000000e+00, 0.000000000000000000e+00, -0.000000000000000000e+00, 0.000000000000000000e+00, 0.000000000000000000e+00, 0.000000000000000000e+00, 0.000000000000000000e+00
0.000000000000000000e+00, 0.000000000000000000e+00, 1.506318116560361187e-01, 4.456045989180089095e-01, -1.124837549409079956e-01, -3.859175114778601832e-03, 5.784951725872179429e-01, 9.876737712641051048e-02
1.025948129598918697e-04, 1.231734522312502231e-03, -1.334329334951190466e-03, 4.432851602572918884e-04, 6.619845582523982246e-03, 1.352311085150518285e-03, 0.000000000000000000e+00, 0.000000000000000000e+00
0.000000000000000000e+00, 2.694827874640415843e-01, 7.978303698048209158e-01, -1.601464572951619980e-01, -3.510440952527294866e-04, 1.029631971576165261e+00, 1.800647963495652926e-01, 3.757688957130780882e-02
2.364633425971257863e-01, -2.740402308265476039e-01, 1.052625342795637381e-01, 1.324135825414036072e+00, 2.751110679466226006e-01, 0.000000000000000000e+00, 0.000000000000000000e+00, 0.000000000000000000e+00
2.741901770674486372e-01, 8.117882529290508797e-01, -1.608875088194641478e-01, -3.261957023399192314e-05, 1.047343231438792932e+00, 1.834011550118089806e-01, 4.000571344612737640e-02, 2.479315001404215346e-01
-2.879372135523025622e-01, 1.110996127680396323e-01, 1.389340589407034310e+00, 2.890458474925478582e-01, 0.000000000000000000e+00, 0.000000000000000000e+00, 0.000000000000000000e+00, -1.226132357463623757e-01
2.926687688128118414e-02, -2.508023811885223275e-01, 2.787143586986864374e-01, 4.671920163261805148e-01, 1.111091279091587364e-01, -0.000000000000000000e+00, 0.000000000000000000e+00, -0.000000000000000000e+00
0.000000000000000000e+00, 0.000000000000000000e+00, 0.000000000000000000e+00, 0.000000000000000000e+00, 0.000000000000000000e+00, 0.000000000000000000e+00, -1.333587290097061062e-01, 3.213825086325410030e-02
-2.720597288536338865e-01, 3.033578751617161950e-01, 5.083892581839094538e-01, 1.214005612227838371e-01, -7.178642701464942283e-05, 5.158079486016657134e-04, -4.440215239781465260e-04, 2.012204161128606193e-03
3.120171710682570661e-03, 6.808595903901903165e-04, 0.000000000000000000e+00, 0.000000000000000000e+00, 0.000000000000000000e+00, -2.267142466679981927e-01, 6.584502867832939255e-02, -4.370259535830113840e-01
5.245946123031026698e-01, 8.741766572608704600e-01, 2.270229539205540770e-01, -2.326844652547726752e-02, 1.820169309743038255e-01, -1.587484854786479771e-01, 7.157381731821595983e-01, 1.098398341537474954e+00
2.487935519525873995e-01, 0.000000000000000000e+00, 0.000000000000000000e+00, 0.000000000000000000e+00, -2.305035629069535352e-01, 6.755795579141408991e-02, -4.429737161696286063e-01, 5.338987261031969966e-01
8.893717667890480572e-01, 2.319649242187857285e-01, -2.427740059213668797e-02, 1.914513056676398484e-01, -1.671739049354277196e-01, 7.536782140778819361e-01, 1.156047358775357248e+00, 2.623153940191581546e-01
0.000000000000000000e+00, 0.000000000000000000e+00, 0.000000000000000000e+00, 1.482652897276445954e-03, -7.934788433323071155e-01, 3.606312901464613918e-01, 1.918689992880410269e-09, -3.008665482619164094e-08
1.433534396569263126e-12, 0.000000000000000000e+00, -0.000000000000000000e+00, 0.000000000000000000e+00, -0.000000000000000000e+00, 0.000000000000000000e+00, 0.000000000000000000e+00, 0.000000000000000000e+00
0.000000000000000000e+00, 0.000000000000000000e+00, 1.622445734705712855e-03, -8.672470763231069357e-01, 3.949257076928096022e-01, 7.018066368452918003e-09, -3.348070058841754676e-08, 4.349967516608397763e-12
5.746377447324976968e-04, -4.081612475825344491e-03, 3.506974726541808429e-03, -6.414096057285669525e-05, 9.968329735559267794e-05, 2.963004238300108472e-04, 0.000000000000000000e+00, 0.000000000000000000e+00
0.000000000000000000e+00, -7.441596596439858935e-01, 4.133835844580270868e-01, -2.126865180462581828e-01, 1.834041893232603635e-10, 3.968900579557381355e-09, -1.318238087990411862e-10, -0.000000000000000000e+00
0.000000000000000000e+00, -0.000000000000000000e+00, -0.000000000000000000e+00, 0.000000000000000000e+00, -0.000000000000000000e+00, 0.000000000000000000e+00, 0.000000000000000000e+00, 0.000000000000000000e+00
-8.110597877217994300e-01, 4.513928492007816540e-01, -2.320145417067502880e-01, 7.157350861132194371e-10, -1.724058894304552118e-08, -5.787396374474109559e-10, -2.788150804113251335e-03, 2.865518508098191183e-03
-7.736769959814777085e-05, -8.618280190115075673e-05, 1.581834966728559800e-05, -1.762052616793200019e-04, 0.000000000000000000e+00, 0.000000000000000000e+00, 0.000000000000000000e+00, -1.132613645789696699e+00
6.425568293065215819e-01, -3.269786891484863234e-01, 4.511921657168590685e-08, 1.291017225683350045e-07, -3.848389086566732174e-08, -3.361774464731011047e-01, 3.462708296817033071e-01, -1.009338353213717551e-02
-1.083384306037396203e-02, 2.771680651166783145e-03, -2.213946429917491854e-02, 0.000000000000000000e+00, 0.000000000000000000e+00, 0.000000000000000000e+00, -1.159351692371284770e+00, 6.590614723457839386e-01
-3.350214955808883954e-01, 5.697910366827617281e-08, 1.105316885034809034e-07, -4.854251514580662453e-08, -3.715019012947473609e-01, 3.827075636441416018e-01, -1.120566289393799125e-02, -1.200941973000544880e-02
3.184042128655603741e-03, -2.453356584593570366e-02, 0.000000000000000000e+00, 0.000000000000000000e+00, 0.000000000000000000e+00, -1.186016361580680245e+00, 6.756109380855628288e-01, -3.430634029906440285e-01
7.080304762294903164e-08, 9.568454937043849536e-08, -6.026175704996683671e-08, -4.073990766222789217e-01, 4.197502762706878943e-01, -1.235120041058437000e-02, -1.320769063835764562e-02, 3.612641391373442971e-03
-2.696447527626300716e-02, 0.000000000000000000e+00, 0.000000000000000000e+00, 0.000000000000000000e+00, -3.024961833603785899e-01, -7.276200323157279611e-03, 3.600233367844386523e-01, 1.347543332365395696e-01
-1.307757513252018056e-01, -4.580537079884560714e-01, -0.000000000000000000e+00, -0.000000000000000000e+00, 0.000000000000000000e+00, 0.000000000000000000e+00, -0.000000000000000000e+00, -0.000000000000000000e+00
0.000000000000000000e+00, 0.000000000000000000e+00, 0.000000000000000000e+00, -3.283758559623005668e-01, -7.842321706577316809e-03, 3.921512381846077866e-01, 1.469929211706056948e-01, -1.424908833233624605e-01
-4.986616190961247752e-01, -2.692111776344683922e-03, -4.023985160184481372e-05, 2.732351631187076180e-03, 2.896123043781742134e-03, -2.629411954876086088e-03, -7.821417348206193693e-03, 0.000000000000000000e+00
0.000000000000000000e+00, 0.000000000000000000e+00, -8.734547634810586880e-02, -3.575440249731924314e-01, 1.876909271906310184e-01, -4.839709468938197534e-01, 3.079569699955008941e-02, -1.642610591923801544e-01
-0.000000000000000000e+00, -0.000000000000000000e+00, 0.000000000000000000e+00, -0.000000000000000000e+00, 0.000000000000000000e+00, -0.000000000000000000e+00, 0.000000000000000000e+00, 0.000000000000000000e+00
0.000000000000000000e+00, -9.498458950429261582e-02, -3.881768303069857984e-01, 2.043939545605470420e-01, -5.270440209087032812e-01, 3.377990367497989838e-02, -1.787755978745315388e-01, -1.327871418240224300e-04
-2.061040411974025734e-03, 2.193827558575412243e-03, -7.734814580388421797e-03, 1.517452889862785155e-04, -2.379332256587641387e-03, 0.000000000000000000e+00, 0.000000000000000000e+00, 0.000000000000000000e+00
-1.439848556114302069e-01, -5.742414255301578896e-01, 3.161506249361248355e-01, -8.153317720954019743e-01, 5.754115784230885711e-02, -2.743654864835097240e-01, -1.408630646146287989e-02, -2.224095030721194854e-01
2.364958091556740860e-01, -8.117230541553867029e-01, 2.293616560365794449e-02, -2.499647596646492609e-01, 0.000000000000000000e+00, 0.000000000000000000e+00, 0.000000000000000000e+00, -1.468814102544921396e-01
-5.846789072132315690e-01, 3.230031253846045169e-01, -8.330152906877958952e-01, 5.919170455664435337e-02, -2.801579536106003632e-01, -1.523043534268181745e-02, -2.393237972409333891e-01, 2.545542330272474452e-01
-8.723038727867904463e-01, 2.499042116342865827e-02, -2.686673487013507833e-01, 0.000000000000000000e+00, 0.000000000000000000e+00, 0.000000000000000000e+00, -1.497695847221708898e-01, -5.950199366095201281e-01
3.298647230860544677e-01, -8.507231257022466187e-01, 6.086643926123002507e-02, -2.859513625709396156e-01, -1.640472981942281069e-02, -2.565050066111240201e-01, 2.729097383938466348e-01, -9.337214653161690636e-01
2.711624293740268893e-02, -2.876419462978392350e-01, 0.000000000000000000e+00, 0.000000000000000000e+00, 0.000000000000000000e+00, -7.596394596768778484e-01, 2.461273778056891903e-01, -8.235917353075281611e-01
-3.572547337748046663e-10, 2.607801422257212925e-08, -6.195792893554883817e-11, -0.000000000000000000e+00, 0.000000000000000000e+00, -0.000000000000000000e+00, 0.000000000000000000e+00, -0.000000000000000000e+00
-0.000000000000000000e+00, 0.000000000000000000e+00, 0.000000000000000000e+00, 0.000000000000000000e+00, 8.697288069333780625e-01, 1.731220514024645334e-04, -2.621450288394807093e-01, 5.629440430599725713e-13
-7.290293076773389007e-09, 9.974339839142077862e-10, 0.000000000000000000e+00, -0.000000000000000000e+00, -0.000000000000000000e+00, 0.000000000000000000e+00, -0.000000000000000000e+00, -0.000000000000000000e+00
0.000000000000000000e+00, 0.000000000000000000e+00, 0.000000000000000000e+00, 2.029084694743679973e-01, 3.593025346749830762e-01, -2.575097322901998553e-01, 1.237915975722674172e-01, -1.548698579247346219e-01
-4.544006364910427309e-01, 0.000000000000000000e+00, 0.000000000000000000e+00, -0.000000000000000000e+00, 0.000000000000000000e+00, -0.000000000000000000e+00, -0.000000000000000000e+00, 0.000000000000000000e+00
0.000000000000000000e+00, 0.000000000000000000e+00, 2.206859787439198750e-01, 3.897405303634075002e-01, -2.789068565715359105e-01, 1.343921876497716494e-01, -1.681100534108200539e-01, -4.928945172508452099e-01
8.876181751302909774e-04, 2.170571662484644879e-03, -3.058189825797377314e-03, 1.690000526735628084e-03, -2.782047135186194436e-03, -6.703489447630274836e-03, 0.000000000000000000e+00, 0.000000000000000000e+00
0.000000000000000000e+00, 2.796447615165754130e-01, 5.684888364790283838e-02, 1.948471474565088846e-01, 1.726140712484156292e-01, -5.423341271631908489e-01, -9.580113752559686613e-02, 0.000000000000000000e+00
-0.000000000000000000e+00, -0.000000000000000000e+00, 0.000000000000000000e+00, -0.000000000000000000e+00, -0.000000000000000000e+00, 0.000000000000000000e+00, 0.000000000000000000e+00, 0.000000000000000000e+00
3.049448641857416265e-01, 6.206956166918985163e-02, 2.134903513187052515e-01, 1.883705883113601098e-01, -5.913968753442578885e-01, -1.047398307278539498e-01, 5.209479817863774684e-04, -3.180972652575872581e-04
-2.028507107175093918e-04, 2.046152999240114564e-03, -7.287599071544103614e-03, -9.834660549271486644e-04, 0.000000000000000000e+00, 0.000000000000000000e+00, 0.000000000000000000e+00, 5.495345707811544189e-01
1.151375520641226696e-01, 4.266978529885910865e-01, 3.457508599498484991e-01, -1.065619248765810934e+00, -1.999394471844105070e-01, 1.190963117028722429e-01, -6.399674183995207599e-02, -5.509956961234175471e-02
4.200643967237532306e-01, -1.477882121978192353e+00, -2.080548083516241820e-01, 0.000000000000000000e+00, 0.000000000000000000e+00, 0.000000000000000000e+00, 1.356170310870291607e-01, 4.353380599695705899e-01
-7.159351005217655661e-01, -8.091237917990028771e-10, -9.677478309330389356e-08, 8.205200309813226487e-11, 0.000000000000000000e+00, 0.000000000000000000e+00, -0.000000000000000000e+00, 0.000000000000000000e+00
-0.000000000000000000e+00, -0.000000000000000000e+00, 0.000000000000000000e+00, 0.000000000000000000e+00, 0.000000000000000000e+00, -1.018874694694562377e+00, 6.382044038113612872e-02, -3.919702082018260147e-02
3.135586011780063608e-11, 1.462834397171000698e-08, -1.166092813712167137e-09, -0.000000000000000000e+00, 0.000000000000000000e+00, 0.000000000000000000e+00, -0.000000000000000000e+00, 0.000000000000000000e+00
-0.000000000000000000e+00, 0.000000000000000000e+00, 0.000000000000000000e+00, 0.000000000000000000e+00, -2.230787703280942003e-01, -4.116617420370315972e-01, -1.321414052547272622e+00, 3.291971990081167646e-10
1.647785070721968940e-09, -4.484355019716175390e-11, 0.000000000000000000e+00, 0.000000000000000000e+00, -0.000000000000000000e+00, 0.000000000000000000e+00, 0.000000000000000000e+00, -0.000000000000000000e+00
0.000000000000000000e+00, 0.000000000000000000e+00, 0.000000000000000000e+00, -2.430400912271190594e-01, -4.482865119042268032e-01, -1.437093180134687342e+00, 1.279989299631472866e-09, -9.153683032478176688e-09
-1.737352788930733424e-10, 1.132850716362928745e-03, 3.953768425603972829e-04, -1.528227556814799187e-03, 3.348375900142628220e-05, -1.418341087063537112e-06, -1.775514146923823703e-04, 0.000000000000000000e+00
0.000000000000000000e+00, 0.000000000000000000e+00, -2.586266180913274204e-01, -4.768138704158976227e-01, -1.526570592365034784e+00, 2.766121102903393917e-09, -4.147714962919554765e-08, -3.706264954489602811e-10
2.731862606084959483e-02, 9.717682054950008141e-03, -3.703630802745488254e-02, 8.465176337616573841e-04, -7.205377650755295576e-05, -4.233552784068336100e-03, 0.000000000000000000e+00, 0.000000000000000000e+00
0.000000000000000000e+00, -2.720456013549036878e-01, -5.012993087302569650e-01, -1.602810623906392395e+00, 4.071204085409457363e-09, -6.787391845367589880e-08, -5.192389262111232421e-10, 5.493963737077740134e-02
1.948742963443731227e-02, -7.442706716259876731e-02, 1.685766210872032293e-03, -1.002452489354739324e-04, -8.580773034482055972e-03, 0.000000000000000000e+00, 0.000000000000000000e+00, 0.000000000000000000e+00
-3.996823937046646291e-01, -7.311456646773419887e-01, -2.296389813899665899e+00, -6.784229765421668158e-08, -2.151658345712694015e-06, 5.772534254247326184e-09, 4.362950146120536110e-01, 1.440182513706873002e-01
-5.803132662427786803e-01, 1.215948772263709260e-02, 2.350910355962989012e-03, -7.313925903585349886e-02, 0.000000000000000000e+00, 0.000000000000000000e+00, 0.000000000000000000e+00, -4.077858841657032718e-01
-7.455823415767189877e-01, -2.338802962481440151e+00, -8.107394361592029241e-08, -2.441071009573465434e-06, 6.863594093463985177e-09, 4.632973457000386652e-01, 1.526407845831047883e-01, -6.159381290546704912e-01
1.289733965776656069e-02, 2.587309447882889940e-03, -7.788908762315843726e-02, 0.000000000000000000e+00, 0.000000000000000000e+00, 0.000000000000000000e+00, 2.906787875361823148e-01, -5.014911430387721802e-01
3.704783708144195886e-01, 3.685072155001130334e-02, -2.880322361073920923e-01, 1.616597799754299347e-01, 0.000000000000000000e+00, -0.000000000000000000e+00, 0.000000000000000000e+00, 0.000000000000000000e+00
-0.000000000000000000e+00, 0.000000000000000000e+00, 0.000000000000000000e+00, 0.000000000000000000e+00, 0.000000000000000000e+00, 3.161607068329458925e-01, -5.446351114109199143e-01, 4.031631097175696343e-01
3.991859084481531872e-02, -3.131753308929431379e-01, 1.755575998247554392e-01, 4.192055012364059191e-04, -9.542659300753532532e-04, 5.350604298314893745e-04, 3.740554124648613201e-05, -9.935278974622071060e-04
5.613771403664051876e-04, 0.000000000000000000e+00, 0.000000000000000000e+00, 0.000000000000000000e+00, 4.823399913813218864e-01, -8.138040329448390509e-01, 6.195436476022575523e-01, 5.743041216570983487e-02
-4.755781423830275356e-01, 2.621913713163759319e-01, 1.838946944344559686e-01, -4.174345740198686094e-01, 2.335398804671477146e-01, 1.268296962572427501e-02, -4.375896487573983640e-01, 2.468869772966039711e-01
0.000000000000000000e+00, 0.000000000000000000e+00, 0.000000000000000000e+00, 4.928904930542372109e-01, -8.302604284354075936e-01, 6.334565795941642374e-01, 5.840858091301766308e-02, -4.858095766376515634e-01
2.674877919956278327e-01, 1.983217280943917193e-01, -4.500041870569668756e-01, 2.516824592683952200e-01, 1.341566980222100650e-02, -4.719399281431042592e-01, 2.662242909926673118e-01, 0.000000000000000000e+00
0.000000000000000000e+00, 0.000000000000000000e+00, 1.992807632587656197e-01, 5.074583496657818736e-03, -2.249119631254449803e-01, -2.046917103259244045e-02, 3.414540026163602748e-01, -4.364781919276996547e-01
0.000000000000000000e+00, 0.000000000000000000e+00, -0.000000000000000000e+00, 0.000000000000000000e+00, 0.000000000000000000e+00, -0.000000000000000000e+00, 0.000000000000000000e+00, 0.000000000000000000e+00
0.000000000000000000e+00, 3.775838177060731882e-01, 9.035760222533495423e-03, -3.865183047666628235e-01, -5.228355032528810703e-02, 6.140926592437166986e-01, -7.792768541542602900e-01, 1.731153948072029769e-01
3.340980739905925756e-02, -2.065252028409627350e-01, 4.030816569826364826e-02, 6.902706016405262268e-01, -8.611362223192818854e-01, 0.000000000000000000e+00, 0.000000000000000000e+00, 0.000000000000000000e+00
1.422636446468173721e-01, 1.041823965521048063e-02, 1.400150712788471585e-01, -1.529720960365965332e-01, 3.289175492147486390e-02, -5.470102864322836655e-01, 0.000000000000000000e+00, -0.000000000000000000e+00
0.000000000000000000e+00, -0.000000000000000000e+00, 0.000000000000000000e+00, -0.000000000000000000e+00, 0.000000000000000000e+00, 0.000000000000000000e+00, 0.000000000000000000e+00, 1.558451369563930988e-01
1.141848395711555879e-02, 1.523460873030905161e-01, -1.664987051541355623e-01, 3.608280102149541424e-02, -5.951142055555925792e-01, 1.325714095258150895e-04, -2.342894011980943244e-04, 1.017179941039386552e-04
-1.415916449392005082e-03, 2.525047852208790072e-04, -4.968538445771473328e-03, 0.000000000000000000e+00, 0.000000000000000000e+00, 0.000000000000000000e+00, 1.661063887954582485e-01, 1.217625837290703915e-02
1.613174449948359124e-01, -1.763579654384232753e-01, 3.851068659683359180e-02, -6.300875564424321951e-01, 1.688109895115258311e-03, -3.070198908294371250e-03, 1.382089074254445882e-03, -1.868214700153027208e-02
3.350107494773347031e-03, -6.543594878123577818e-02, 0.000000000000000000e+00, 0.000000000000000000e+00, 0.000000000000000000e+00, 2.907088619842367327e-01, 2.146900595811386189e-02, 2.523432203833624321e-01
-2.778457743903925969e-01, 6.888942973613293441e-02, -9.835895970024097767e-01, 2.389355795214861966e-02, -4.816265601966771698e-02, 2.426909786642005365e-02, -3.347359503433129380e-01, 7.107863914909089142e-02
-1.177158120008888309e+00, 0.000000000000000000e+00, 0.000000000000000000e+00, 0.000000000000000000e+00, 2.977737030196915269e-01, 2.199998318169555864e-02, 2.568471311944525159e-01, -2.829440461973029008e-01
7.064618420323288961e-02, -1.001020019314522003e+00, 2.490066354052653322e-02, -5.048178601748709582e-02, 2.558112298588743894e-02, -3.536365343849371401e-01, 7.556873883142863069e-02, -1.243718011089641529e+00
0.000000000000000000e+00, 0.000000000000000000e+00, 0.000000000000000000e+00, -2.342989642716640074e-03, 3.387644265323462855e-01, 1.676228393253503118e-02, 8.220546420403816723e-02, -5.541289618000210249e-01
1.792794438789609146e-02, -0.000000000000000000e+00, 0.000000000000000000e+00, -0.000000000000000000e+00, 0.000000000000000000e+00, -0.000000000000000000e+00, -0.000000000000000000e+00, 0.000000000000000000e+00
0.000000000000000000e+00, 0.000000000000000000e+00, -2.546015411903239812e-03, 3.682232795322625263e-01, 1.927269363279482048e-02, 8.928100253872085779e-02, -6.020468688567155446e-01, 1.933342047203355854e-02
-3.679610230114002223e-04, 7.110782414623069338e-04, -3.431172113910025637e-04, 7.577182457752119210e-04, -5.238713999821710543e-03, -7.554032940755610803e-05, 0.000000000000000000e+00, 0.000000000000000000e+00
0.000000000000000000e+00, 3.516637961115657296e-01, 3.218761148760536650e-01, -1.404303234176599302e-01, -1.535005822182619883e-01, -3.730234611159656821e-01, 3.401203239256275213e-01, 0.000000000000000000e+00
0.000000000000000000e+00, -0.000000000000000000e+00, -0.000000000000000000e+00, -0.000000000000000000e+00, 0.000000000000000000e+00, 0.000000000000000000e+00, 0.000000000000000000e+00, 0.000000000000000000e+00
3.827125706617588996e-01, 3.500254985807883523e-01, -1.520641901901703397e-01, -1.672182657561269159e-01, -4.057373112286203343e-01, 3.699705514509724069e-01, 1.049716678061078006e-03, 9.365228456968841203e-04
-1.986239528361155495e-03, -1.721981663894678848e-03, -4.798980994429745579e-03, 3.773688986302075905e-03, 0.000000000000000000e+00, 0.000000000000000000e+00, 0.000000000000000000e+00, 6.414378029752832999e-01
5.788523414414785684e-01, -2.322446058830414106e-01, -2.851362915154117550e-01, -6.737609635321446522e-01, 6.150292267883242792e-01, 1.754827636698451931e-01, 1.565472235967052261e-01, -3.320299877592766125e-01
-2.944653947858381082e-01, -7.863544206851187379e-01, 6.204521127024367200e-01, 0.000000000000000000e+00, 0.000000000000000000e+00, 0.000000000000000000e+00, 6.548580705569259086e-01, 5.904655735037224185e-01
-2.356611273979284660e-01, -2.914040633535690539e-01, -6.874689611712589965e-01, 6.275841208568391227e-01, 1.867680532855601205e-01, 1.665590861090057440e-01, -3.533271392797738830e-01, -3.137868949785991290e-01
-8.359143416289932516e-01, 6.598318040966283382e-01, 0.000000000000000000e+00, 0.000000000000000000e+00, 0.000000000000000000e+00, -5.977746062141985756e-02, -1.033009021715812076e-01, -3.158667478328522904e-01
3.987427009860954885e-01, 4.827484580396839559e-02, -3.884800578024584228e-01, 0.000000000000000000e+00, 0.000000000000000000e+00, -0.000000000000000000e+00, 0.000000000000000000e+00, 0.000000000000000000e+00
-0.000000000000000000e+00, 0.000000000000000000e+00, 0.000000000000000000e+00, 0.000000000000000000e+00, -6.437600426870110359e-02, -1.115697378810159290e-01, -3.427101727117869423e-01, 4.325763480208281719e-01
5.187660879462984570e-02, -4.215944010988130208e-01, 2.958749645568249350e-04, 3.524075819615811954e-04, -6.482825416373181378e-04, 3.492118515020305267e-03, 4.048827927049450512e-04, -3.247559038420851692e-03
0.000000000000000000e+00, 0.000000000000000000e+00, 0.000000000000000000e+00, -9.352893270520523661e-02, -1.758156300269420325e-01, -6.058314117135241705e-01, 7.630052292228417521e-01, 7.034881640893808630e-02
-7.501491197571582559e-01, 7.936889333067251306e-02, 1.129854243335758762e-01, -1.923543182006760555e-01, 1.079163998118111145e+00, 1.141388055760106796e-01, -1.001769116661766379e+00, 0.000000000000000000e+00
0.000000000000000000e+00, 0.000000000000000000e+00, -9.403791865756278012e-02, -1.775757023157134573e-01, -6.153932453389391322e-01, 7.749918553575849689e-01, 7.042635176087058690e-02, -7.622490227453563305e-01
8.263449612075600414e-02, 1.182779779715696505e-01, -2.009124755829770625e-01, 1.129390735690126268e+00, 1.188456307056795086e-01, -1.048291922995847614e+00, 0.000000000000000000e+00, 0.000000000000000000e+00
0.000000000000000000e+00, 3.416410421374276307e-01, -5.789695140597348466e-01, -1.110506700318372730e-01, 3.284042822021698282e-01, -1.642733030246129877e-01, -3.445248499236806816e-02, 0.000000000000000000e+00
-0.000000000000000000e+00, -0.000000000000000000e+00, 0.000000000000000000e+00, -0.000000000000000000e+00, -0.000000000000000000e+00, 0.000000000000000000e+00, 0.000000000000000000e+00, 0.000000000000000000e+00
3.737318053401772477e-01, -6.319809837570963262e-01, -1.212747194575795467e-01, 3.589506743353967910e-01, -1.797362035722815665e-01, -3.781200151474621574e-02, 3.426747945492797289e-03, -3.130867204814536710e-03
-2.958807464982739417e-04, 4.184408512150749465e-03, -2.284849808041869781e-03, -3.832627463953234680e-04, 0.000000000000000000e+00, 0.000000000000000000e+00, 0.000000000000000000e+00, 5.873160831201372778e-01
-9.634861663093398088e-01, -1.859888418625566808e-01, 5.574365945481799534e-01, -2.832377055231810048e-01, -6.200581133116984250e-02, 4.129205498304623356e-01, -3.773043576147831479e-01, -3.561619228859461833e-02
4.976111572511188186e-01, -2.738762039209108323e-01, -4.876703669576102490e-02, 0.000000000000000000e+00, 0.000000000000000000e+00, 0.000000000000000000e+00, 7.819033702212149217e-01, -2.470422189696738421e-02
2.734618402920037106e-01, 1.253442953039204666e-01, -3.556109122302771874e-01, 1.887596724695704276e-01, 0.000000000000000000e+00, -0.000000000000000000e+00, -0.000000000000000000e+00, 0.000000000000000000e+00
-0.000000000000000000e+00, 0.000000000000000000e+00, 0.000000000000000000e+00, 0.000000000000000000e+00, 0.000000000000000000e+00, 8.513098021949696559e-01, -2.679538870758935154e-02, 2.978582967696638550e-01
1.361231273237373529e-01, -3.870301911373203452e-01, 2.050433913961139665e-01, 1.768963567613822830e-03, -1.475689135422643015e-03, -2.932744322998383940e-04, 1.209518581608881420e-03, -2.680088228550192402e-03
1.659635248360603150e-03, 0.000000000000000000e+00, 0.000000000000000000e+00, 0.000000000000000000e+00, 1.406367497199393357e+00, -4.133772217322732867e-02, 4.953527020298994499e-01, 2.151662365582253933e-01
-6.353257761079759147e-01, 3.252971957200763153e-01, 4.404490727634936542e-01, -3.653890213072913395e-01, -7.506005086130887460e-02, 2.963602721735305590e-01, -6.472690470955023700e-01, 4.035057518765383100e-01
0.000000000000000000e+00, 0.000000000000000000e+00, 0.000000000000000000e+00, 1.434555453256721735e+00, -4.198522985603203583e-02, 5.054824182936660248e-01, 2.188827747734191365e-01, -6.478155124399228582e-01
3.309897214963013479e-01, 4.682534910228058345e-01, -3.883520648752267213e-01, -7.990142589039149479e-02, 3.146693968441687805e-01, -6.871472019563539257e-01, 4.286666930560212863e-01, 0.000000000000000000e+00
0.000000000000000000e+00, 0.000000000000000000e+00, 1.076758995567582033e+00, 1.327137915684317271e+00, 1.951545917962994869e-01, -2.039164071412370729e-09, -4.216019666283358708e-08, 5.414180371072340409e-10
0.000000000000000000e+00, 0.000000000000000000e+00, -0.000000000000000000e+00, 0.000000000000000000e+00, -0.000000000000000000e+00, -0.000000000000000000e+00, 0.000000000000000000e+00, 0.000000000000000000e+00
0.000000000000000000e+00, 1.169893118196531079e+00, 1.442670202906142229e+00, 2.117620444967756310e-01, -7.476734459737209789e-09, -7.663470724773135202e-10, 1.992579721224553787e-09, 6.450284526207979022e-04
2.058130167627588488e-03, -2.703158623386284209e-03, 7.758914722582170857e-05, -2.098905124465402642e-05, -2.823417263891433060e-04, 0.000000000000000000e+00, 0.000000000000000000e+00, 0.000000000000000000e+00
1.244507888035484955e+00, 1.535502767653105005e+00, 2.249698002490343463e-01, -1.841687273125657738e-08, 3.385255118735186795e-09, 4.938673460890260965e-09, 9.609977897328371779e-03, 3.017843004591220027e-02
-3.978840799701132552e-02, 1.190359276724534772e-03, -3.779789437465470620e-04, -4.076300463497817099e-03, 0.000000000000000000e+00, 0.000000000000000000e+00, 0.000000000000000000e+00, 1.300543027756528636e+00
1.605462312607448094e+00, 2.348137557430310107e-01, -3.360271574075304827e-08, 7.314283368028696598e-08, 8.822753580713613867e-09, 1.787112799167458674e-02, 5.639800458973477648e-02, -7.426913252607608706e-02
2.224550566243290589e-03, -7.640402450624095027e-04, -7.619224505311663134e-03, 0.000000000000000000e+00, 0.000000000000000000e+00, 0.000000000000000000e+00, 1.350408389107879747e+00, 1.667913220418498321e+00
2.435157598283045621e-01, -5.441909987086969937e-08, 1.614437911363288171e-08, 1.385540272050024540e-08, 2.618022444389040554e-02, 8.344581306652724961e-02, -1.096260375097031919e-01, 3.251295618247713407e-03
-1.171910796235671546e-03, -1.132692010181529478e-02, 0.000000000000000000e+00, 0.000000000000000000e+00, 0.000000000000000000e+00, 1.857851532982887965e+00, 2.312299089893956161e+00, 3.294667985384872599e-01
-8.369213560430063523e-07, 4.322108877427049763e-07, 1.930859101387593265e-07, 1.334625207885700160e-01, 4.603800740975459993e-01, -5.938425944343780349e-01, 1.741722973125999288e-02, -5.607517007621681294e-03
-6.392441214047259179e-02, 0.000000000000000000e+00, 0.000000000000000000e+00, 0.000000000000000000e+00, 1.889323661578363067e+00, 2.352780452861483962e+00, 3.346490647469388957e-01, -9.302648128802093802e-07
4.734736834631067770e-07, 2.148296293299694960e-07, 1.409377255687917219e-01, 4.875686793253508622e-01, -6.285064061171239391e-01, 1.848881783635333842e-02, -5.872284112865620680e-03, -6.770748686963848351e-02
0.000000000000000000e+00, 0.000000000000000000e+00, 0.000000000000000000e+00, -4.610662900661650077e-01, -3.046991313290405845e-01, 1.706768914982901564e-01, 1.579612543211171560e-01, 3.722938400224543032e-01
2.401705393714028136e-01, -0.000000000000000000e+00, -0.000000000000000000e+00, 0.000000000000000000e+00, 0.000000000000000000e+00, 0.000000000000000000e+00, 0.000000000000000000e+00, 0.000000000000000000e+00
0.000000000000000000e+00, 0.000000000000000000e+00, -5.001480888261546909e-01, -3.307075996277195618e-01, 1.858787972095689023e-01, 1.719018098541015283e-01, 4.041616670141812695e-01, 2.608815167257745871e-01
-5.671903358869258803e-04, -1.503235938542201702e-04, 7.175139296962847191e-04, 4.691031206135401629e-04, 1.439178761229205263e-03, 1.018051841916527448e-03, 0.000000000000000000e+00, 0.000000000000000000e+00
0.000000000000000000e+00, -7.986225371881651158e-01, -5.334884292915903492e-01, 3.186710349254952002e-01, 2.912364598459062925e-01, 6.548149602804977931e-01, 4.272473698785935192e-01, -2.915710583913987408e-01
-7.524913065750585273e-02, 3.668201894690804044e-01, 2.447847174630105038e-01, 7.515875385063112146e-01, 5.269599412716237108e-01, 0.000000000000000000e+00, 0.000000000000000000e+00, 0.000000000000000000e+00
9.574362148152408547e-02, -2.270788003511405584e-01, -6.911974221391690154e-01, 2.232964194297436533e-01, -5.518819617216821211e-02, 3.606652817646183173e-01, 0.000000000000000000e+00, 0.000000000000000000e+00
-0.000000000000000000e+00, 0.000000000000000000e+00, -0.000000000000000000e+00, 0.000000000000000000e+00, 0.000000000000000000e+00, 0.000000000000000000e+00, 0.000000000000000000e+00, 1.047618567826924113e-01
-2.470779444172203354e-01, -7.521394702752318695e-01, 2.429091978108536831e-01, -5.985238987794266885e-02, 3.926918932799521866e-01, 2.379105773089511093e-03, 1.669552352278488535e-04, -2.546061011839261846e-03
3.224771047196183134e-03, -8.360658540743154876e-04, 4.497041044325759442e-03, 0.000000000000000000e+00, 0.000000000000000000e+00, 0.000000000000000000e+00, 1.825875609220574125e-01, -3.933695851129795362e-01
-1.199473189416612628e+00, 3.854452570222010599e-01, -8.979873790790564303e-02, 6.323117384697917176e-01, 3.520245563822277379e-01, 2.420188842234204454e-02, -3.762264449705954861e-01, 4.814574824418482168e-01
-1.195529794099469273e-01, 6.737095363470013698e-01, 0.000000000000000000e+00, 0.000000000000000000e+00, 0.000000000000000000e+00, 1.874109244468587510e-01, -4.013194283226766967e-01, -1.223860163345882546e+00
3.931535628142141525e-01, -9.120380327782812158e-02, 6.456010912298678628e-01, 3.760046946045587646e-01, 2.589541542213720515e-02, -4.019001100468490018e-01, 5.147431085859113242e-01, -1.274594400968618035e-01
7.203311837796637640e-01, 0.000000000000000000e+00, 0.000000000000000000e+00, 0.000000000000000000e+00, 1.922891283530945850e-01, -4.092503064355936249e-01, -1.248197220112972738e+00, 4.008402064415075849e-01
-9.257929722427218899e-02, 6.588886031340489557e-01, 4.002894259620809470e-01, 2.762207653515458619e-02, -4.279115018595698317e-01, 5.485152265269995775e-01, -1.354233708683159343e-01, 7.676497372126637186e-01
0.000000000000000000e+00, 0.000000000000000000e+00, 0.000000000000000000e+00, 4.075729442302971628e-01, -7.784477626265076666e-02, -9.672059153196994885e-02, -2.055630264857719325e-01, -3.406601442142287439e-01
3.385278337392176873e-01, 0.000000000000000000e+00, -0.000000000000000000e+00, -0.000000000000000000e+00, -0.000000000000000000e+00, -0.000000000000000000e+00, 0.000000000000000000e+00, 0.000000000000000000e+00
0.000000000000000000e+00, 0.000000000000000000e+00, -2.654661897379388957e-01, 4.446794189935899255e-01, -3.940628171946100045e-01, 2.271632014534029353e-01, -2.614844023827604322e-02, -3.028203024297310697e-01
-0.000000000000000000e+00, 0.000000000000000000e+00, -0.000000000000000000e+00, 0.000000000000000000e+00, 0.000000000000000000e+00, -0.000000000000000000e+00, 0.000000000000000000e+00, 0.000000000000000000e+00
0.000000000000000000e+00, -4.704902307418527552e-01, 8.287876580980857444e-01, -7.095164641214107837e-01, 4.089942562237594004e-01, -5.529790904298885479e-02, -5.608978745476803640e-01, -1.606452204450988241e-01
5.309318136140822597e-01, -3.702865929979489157e-01, 5.291997300565218776e-01, 8.061715737148979558e-03, -6.333024043973923822e-01, 0.000000000000000000e+00, 0.000000000000000000e+00, 0.000000000000000000e+00
5.259109098893370859e-01, 9.820238420370817900e-02, -6.281095781883979656e-01, -1.357408143601792858e-10, 1.532694224695587878e-10, 2.667772509471576133e-10, 0.000000000000000000e+00, 0.000000000000000000e+00
-0.000000000000000000e+00, 0.000000000000000000e+00, -0.000000000000000000e+00, -0.000000000000000000e+00, 0.000000000000000000e+00, 0.000000000000000000e+00, 0.000000000000000000e+00, 5.790922092456763925e-01
1.080338925151115015e-01, -6.901444525671450725e-01, -6.641229088809820180e-10, 2.154657051102791374e-09, 1.247687990814944750e-09, 8.757065850025736939e-03, 8.204574414434355391e-04, -9.577523295702551967e-03
2.559803392902013476e-04, -9.277308432226322990e-05, -9.074332605817356841e-04, 0.000000000000000000e+00, 0.000000000000000000e+00, 0.000000000000000000e+00, 8.277542101606707448e-01, 1.530772709835826195e-01
-9.668201703884619080e-01, -2.193828458323453695e-08, -4.597016310979919256e-07, 3.255561613619451412e-08, 3.487403105814894655e-01, 3.167225259078332994e-02, -3.804125629935524722e-01, 9.596715642642840438e-03
-2.815797327677995072e-03, -3.695831481593109258e-02, 0.000000000000000000e+00, 0.000000000000000000e+00, 0.000000000000000000e+00, 8.458808184859661905e-01, 1.563069349224616711e-01, -9.862316105073654082e-01
-2.573379354750356251e-08, -4.658768527375087309e-07, 3.790251164294387739e-08, 3.789959105648155191e-01, 3.423047744695262296e-02, -4.132263883914186753e-01, 1.037779323798296467e-02, -3.028451633990445792e-03
-4.019868880422481500e-02, 0.000000000000000000e+00, 0.000000000000000000e+00, 0.000000000000000000e+00, 8.653122939667052815e-01, 1.597615578733180275e-01, -1.006935759570684263e+00, -3.025509070026391303e-08
-5.281353285429983152e-07, 4.423864671327873185e-08, 4.118533145535179796e-01, 3.699534612820561813e-02, -4.488486604828950677e-01, 1.122125107501728385e-02, -3.255569455436654359e-03, -4.372006532239125498e-02
0.000000000000000000e+00, 0.000000000000000000e+00, 0.000000000000000000e+00, 6.054407649683331005e-01, 4.437785126806254588e-01, -5.114707653311808544e-01, -3.119239314220294305e-10, 1.237844958023306784e-08
1.016281298191016054e-10, 0.000000000000000000e+00, 0.000000000000000000e+00, -0.000000000000000000e+00, 0.000000000000000000e+00, 0.000000000000000000e+00, -0.000000000000000000e+00, 0.000000000000000000e+00
0.000000000000000000e+00, 0.000000000000000000e+00, 2.663504855372447744e-01, -1.451407525738241389e-01, -2.481780912728827615e-01, 1.311830835026052411e-01, 3.723341247991365233e-01, -3.341053915041384825e-01
0.000000000000000000e+00, -0.000000000000000000e+00, -0.000000000000000000e+00, 0.000000000000000000e+00, 0.000000000000000000e+00, -0.000000000000000000e+00, 0.000000000000000000e+00, 0.000000000000000000e+00
0.000000000000000000e+00, 2.910915031468139791e-01, -1.582431728393384751e-01, -2.701679283418538802e-01, 1.426302425362153958e-01, 4.062341282672989329e-01, -3.642313193077332256e-01, 1.171362598694209453e-03
-3.639197755137074880e-04, -8.074428236615440379e-04, 1.131277797718559805e-03, 2.811438364559314899e-03, -2.498664372558649996e-03, 0.000000000000000000e+00, 0.000000000000000000e+00, 0.000000000000000000e+00
4.663121300189025931e-01, -2.448787423762519289e-01, -4.085228258721929628e-01, 2.117336396622074846e-01, 6.353657183998403513e-01, -5.628837727631239574e-01, 2.602606863065282106e-01, -8.031896378230383993e-02
-1.799417215519630853e-01, 2.456106699511800828e-01, 6.125561146510466459e-01, -5.461916810718296933e-01, 0.000000000000000000e+00, 0.000000000000000000e+00, 0.000000000000000000e+00, 4.761899915098516956e-01
-2.494950310181503483e-01, -4.155624300576433727e-01, 2.151126590895561796e-01, 6.478111457584971866e-01, -5.734460473516477252e-01, 2.778419772244068997e-01, -8.566279945250722394e-02, -1.921791777591695394e-01
2.618644084839399921e-01, 6.532095715137845593e-01, -5.827965495471746360e-01, 0.000000000000000000e+00, 0.000000000000000000e+00, 0.000000000000000000e+00, -1.934120675733750350e+00, -1.239278401732792911e+00
-7.980743046162290799e-01, 1.550227906323581837e-09, -1.790364561959483427e-07, -1.677425104721195753e-09, -0.000000000000000000e+00, 0.000000000000000000e+00, 0.000000000000000000e+00, -0.000000000000000000e+00
0.000000000000000000e+00, 0.000000000000000000e+00, 0.000000000000000000e+00, 0.000000000000000000e+00, 0.000000000000000000e+00, -2.104476733876408101e+00, -1.349776590240424401e+00, -8.699360958692921031e-01
6.569755671052176026e-09, -2.674351467249475333e-07, -6.372725326455374589e-09, -1.468972004543229537e-03, 8.571128671320682598e-05, 1.383260718459638442e-03, -4.690466938841094942e-05, 2.689224584265900080e-05
9.423192208445641004e-05, 0.000000000000000000e+00, 0.000000000000000000e+00, 0.000000000000000000e+00, -2.236238691639482745e+00, -1.435752523315793727e+00, -9.261097706990960576e-01, 1.548471212962727878e-08
-3.403736138922673655e-07, -1.433555047484521004e-08, -3.482456827167235841e-02, 2.145625400263840698e-03, 3.267894286672774762e-02, -1.097694283636763569e-03, 6.854034907670296731e-04, 2.180177636518282683e-03
0.000000000000000000e+00, 0.000000000000000000e+00, 0.000000000000000000e+00, -2.342284663138196610e+00, -1.505373350785429887e+00, -9.718250722719462553e-01, 2.835344613511006237e-08, -3.747059836632790870e-07
-2.517034774784333557e-08, -6.846414356785139599e-02, 4.272729932041473798e-03, 6.419141360560710885e-02, -2.131220701950833907e-03, 1.363245511994975187e-03, 4.273947796537514061e-03, 0.000000000000000000e+00
0.000000000000000000e+00, 0.000000000000000000e+00, -2.435396181769176938e+00, -1.566815812050757151e+00, -1.012344194190625712e+00, 4.553819216452056148e-08, -3.353090600752020014e-07, -3.903164619600259816e-08
-1.023883968864335720e-01, 6.354664672777634270e-03, 9.603373241756292533e-02, -3.147444363441988420e-03, 2.040093238584254551e-03, 6.404234698949348020e-03, 0.000000000000000000e+00, 0.000000000000000000e+00
0.000000000000000000e+00, -2.515776512271731047e+00, -1.620074084869875142e+00, -1.047587594356223173e+00, 6.616938588786245863e-08, -1.607862841754625234e-07, -5.504384031415564122e-08, -1.342045398006541934e-01
8.241184732747342326e-03, 1.259633551441045607e-01, -4.070441709061209216e-03, 2.686918104044752360e-03, 8.424752190503034116e-03, 0.000000000000000000e+00, 0.000000000000000000e+00, 0.000000000000000000e+00
-2.595891588282974727e+00, -1.673338693658120269e+00, -1.082937421678921597e+00, 9.312463233119709232e-08, -2.942772860381313723e-07, -7.534502128781543026e-08, -1.676373927249872609e-01, 1.016816403259266158e-02
1.574692287299834237e-01, -5.019296214873665216e-03, 3.383323341147886996e-03, 1.056374351641736417e-02, 0.000000000000000000e+00, 0.000000000000000000e+00, 0.000000000000000000e+00, 7.682995628852357095e-02
9.117290044462087462e-01, 6.953383632593984620e-01, -2.061562342709950812e-02, -4.614378218774680546e-02, 3.928792752858372705e-01, -0.000000000000000000e+00, 0.000000000000000000e+00, 0.000000000000000000e+00
-0.000000000000000000e+00, -0.000000000000000000e+00, 0.000000000000000000e+00, 0.000000000000000000e+00, 0.000000000000000000e+00, 0.000000000000000000e+00, 8.413885521586780825e-02, 9.934699415082872687e-01
7.573481506252488504e-01, -2.251334919379199828e-02, -5.024186989516139790e-02, 4.281076489300580934e-01, -1.217410074031563798e-03, 9.881829320647227046e-04, 2.292271399195567412e-04, -2.069470431963364233e-04
-2.346707554288637518e-04, 2.071944298636677062e-03, 0.000000000000000000e+00, 0.000000000000000000e+00, 0.000000000000000000e+00, 8.990768018788646010e-02, 1.056202457460692745e+00, 8.048119228136708658e-01
-2.398877913977636583e-02, -5.337221323690694713e-02, 4.551456694013506499e-01, -2.736157825482053371e-02, 2.214725763715534590e-02, 5.214320596359458930e-03, -4.575645944740840826e-03, -5.273229048694413022e-03
4.643394763966601085e-02, 0.000000000000000000e+00, 0.000000000000000000e+00, 0.000000000000000000e+00, 1.422073594075581870e-01, 1.561953212609027863e+00, 1.182186182621912884e+00, -3.654095205938800300e-02
-7.802972341553497670e-02, 6.732034838701307367e-01, -3.971593400464972778e-01, 3.291506385334885265e-01, 6.800870115051187159e-02, -6.934096724843137605e-02, -7.704604458797663369e-02, 6.620973816767655729e-01
0.000000000000000000e+00, 0.000000000000000000e+00, 0.000000000000000000e+00, 1.455788548715679920e-01, 1.591849226073439372e+00, 1.204231930337373857e+00, -3.731388677968806161e-02, -7.945792791595344962e-02
6.860973522869658892e-01, -4.231299442790250609e-01, 3.510085987611567537e-01, 7.212134350156594598e-02, -7.403635140794768976e-02, -8.213216741777032426e-02, 7.046108043114406305e-01, 0.000000000000000000e+00
0.000000000000000000e+00, 0.000000000000000000e+00, 1.489874350197445407e-01, 1.621795413563644095e+00, 1.226284698991597644e+00, -3.809151461225569052e-02, -8.088511031324407963e-02, 6.990131825427360335e-01
-4.494780206305223902e-01, 3.732080763901928222e-01, 7.626994377570922579e-02, -7.881088115435716523e-02, -8.729666908008162918e-02, 7.476474853891619254e-01, 0.000000000000000000e+00, 0.000000000000000000e+00
0.000000000000000000e+00, -3.187807156883641913e-01, 1.375927831897482689e-01, -1.114199649891747246e-01, 2.134720497862593047e-01, -4.877119513681780205e-01, -7.298594415391619628e-02, -0.000000000000000000e+00
0.000000000000000000e+00, -0.000000000000000000e+00, 0.000000000000000000e+00, -0.000000000000000000e+00, -0.000000000000000000e+00, 0.000000000000000000e+00, 0.000000000000000000e+00, 0.000000000000000000e+00
-3.487580692969797225e-01, 1.508221904040760730e-01, -1.210723858488716859e-01, 2.337698406133749962e-01, -5.336949048260621886e-01, -8.031264694045563146e-02, -1.139462202104339281e-03, 1.194625039744491276e-03
-5.516284701791964780e-05, 2.609339677765277078e-03, -5.660595779863213106e-03, -1.167420861856597767e-03, 0.000000000000000000e+00, 0.000000000000000000e+00, 0.000000000000000000e+00, -5.850107321909824298e-01
2.623501130293807160e-01, -1.769984013448749616e-01, 3.997784606960299025e-01, -8.994523792920765537e-01, -1.500229271634151984e-01, -2.124243591999785130e-01, 2.258830148645435409e-01, -1.345865605616186102e-02
5.102244856273978613e-01, -1.094719568089443928e+00, -2.356740134805450082e-01, 0.000000000000000000e+00, 0.000000000000000000e+00, 0.000000000000000000e+00, -1.330368146863675660e+00, -3.415088215924936832e-01
-2.551526019376686993e-01, 4.229746119737076126e-11, -4.102733661209809099e-08, -1.616167460901172198e-09, -0.000000000000000000e+00, 0.000000000000000000e+00, 0.000000000000000000e+00, -0.000000000000000000e+00
0.000000000000000000e+00, 0.000000000000000000e+00, 0.000000000000000000e+00, 0.000000000000000000e+00, 0.000000000000000000e+00, -1.445507689620801228e+00, -3.716207717344659489e-01, -2.777128688758231934e-01
1.647653478201826120e-10, -4.242675346989531004e-08, -5.334143013374812439e-09, -3.289280434498812258e-03, 1.270928708238584044e-03, 2.018351726058664405e-03, -1.611388489974303700e-04, 4.138355053365818493e-05
3.362346772944767488e-05, 0.000000000000000000e+00, 0.000000000000000000e+00, 0.000000000000000000e+00, -2.381042300018231472e+00, -6.275825796751594021e-01, -4.711280659042199614e-01, 1.837317596073209354e-08
-1.696714736524291985e-07, -7.542017529314085656e-07, -6.429821113851074132e-01, 2.412857869704343738e-01, 4.016963245709923580e-01, -3.066572314061668386e-02, 1.062854224290058283e-02, 4.100310608696645411e-03
0.000000000000000000e+00, 0.000000000000000000e+00, 0.000000000000000000e+00, -2.424284946828479725e+00, -6.398983765303162263e-01, -4.805037590312139506e-01, 2.086612717923366435e-08, -2.786393615406918058e-07
-8.567276123054402817e-07, -6.800141718119360190e-01, 2.550045833708922682e-01, 4.250095884064267748e-01, -3.243072674501693703e-02, 1.137482444417502354e-02, 4.359900137823479079e-03, 0.000000000000000000e+00
0.000000000000000000e+00, 0.000000000000000000e+00, -2.467412518739979799e+00, -6.522256894374682812e-01, -4.898944358689824030e-01, 2.357772811155558622e-08, -1.632741409034766702e-07, -9.689369893777760353e-07
-7.173606506144507566e-01, 2.688319020201006548e-01, 4.485287475041802585e-01, -3.420846029638254654e-02, 1.214201907445559142e-02, 4.624946967742860245e-03, 0.000000000000000000e+00, 0.000000000000000000e+00
0.000000000000000000e+00, 3.327088454440563781e-01, -3.110305625326882373e-01, -2.453050503530861681e-01, -9.340725427106613687e-02, 2.153875031557618003e-01, 4.009453920911442149e-01, 0.000000000000000000e+00
-0.000000000000000000e+00, -0.000000000000000000e+00, -0.000000000000000000e+00, 0.000000000000000000e+00, 0.000000000000000000e+00, 0.000000000000000000e+00, 0.000000000000000000e+00, 0.000000000000000000e+00
6.298821511730156031e-01, -5.586064370642447319e-01, -4.383583907662799706e-01, -1.595223964440566633e-01, 3.913803048599611700e-01, 7.190089445712409821e-01, 4.049655502045205746e-01, -2.730095031223722657e-01
-1.319560468224972860e-01, -2.291210689267031142e-01, 4.293071066656972135e-01, 8.779726340776993210e-01, 0.000000000000000000e+00, 0.000000000000000000e+00, 0.000000000000000000e+00, 2.812086328154059789e-01
-4.059913493421505315e-01, 8.596612409613738071e-02, -2.029271348969327315e-01, 3.294573588006993181e-01, 2.534633169796560170e-01, 0.000000000000000000e+00, -0.000000000000000000e+00, 0.000000000000000000e+00
-0.000000000000000000e+00, 0.000000000000000000e+00, 0.000000000000000000e+00, 0.000000000000000000e+00, 0.000000000000000000e+00, 0.000000000000000000e+00, 3.067271979876636800e-01, -4.418956595847079449e-01
9.406039422372446113e-02, -2.208136613650193147e-01, 3.589031545669406631e-01, 2.757563387334975857e-01, 1.323250084697527411e-03, -1.818085803926391270e-03, 4.948357212046288964e-04, -1.595385248768546507e-03
3.141453112574350663e-03, 2.375090363496424207e-03, 0.000000000000000000e+00, 0.000000000000000000e+00, 0.000000000000000000e+00, 5.266445551794564084e-01, -7.294336686948553750e-01, 1.708273814677184199e-01
-3.625344782784299946e-01, 6.023463290191934938e-01, 4.516283075129515767e-01, 3.116010804953706637e-01, -4.229828904560583025e-01, 1.113818086382325767e-01, -3.621039011328012203e-01, 7.247573111007359348e-01
5.538164058597709882e-01, 0.000000000000000000e+00, 0.000000000000000000e+00, 0.000000000000000000e+00, -3.766984944523141809e-01, -2.760392954088225492e-01, 7.136515829997392979e-01, 1.978171287192804767e-10
6.253225522979379893e-09, -6.224106915121171759e-11, -0.000000000000000000e+00, -0.000000000000000000e+00, 0.000000000000000000e+00, -0.000000000000000000e+00, -0.000000000000000000e+00, 0.000000000000000000e+00
0.000000000000000000e+00, 0.000000000000000000e+00, 0.000000000000000000e+00, -3.591878878822574728e-01, 7.870730073020139050e-01, 3.678549692187759595e-02, 9.954564355035930531e-12, 9.408398625862488687e-09
-1.633703675550616427e-12, -0.000000000000000000e+00, 0.000000000000000000e+00, -0.000000000000000000e+00, -0.000000000000000000e+00, -0.000000000000000000e+00, -0.000000000000000000e+00, 0.000000000000000000e+00
0.000000000000000000e+00, 0.000000000000000000e+00, -3.902189388431345773e-01, 8.565956272501739077e-01, 3.999273345652246819e-02, 7.841849160316950481e-11, 1.025771895872275738e-08, -1.437623363511821310e-11
-2.875636648487701246e-04, 3.210564094099335373e-04, -3.349274489385488797e-05, -8.363195547428172480e-06, -1.241556791086180958e-07, -1.900046491637430367e-05, 0.000000000000000000e+00, 0.000000000000000000e+00
0.000000000000000000e+00, 2.075894877468120459e-01, -6.477267125482831511e-02, -9.232748526205698525e-01, 6.980754436704206786e-11, 1.476314957411726977e-08, 6.386918519699367957e-11, 0.000000000000000000e+00
0.000000000000000000e+00, -0.000000000000000000e+00, 0.000000000000000000e+00, 0.000000000000000000e+00, -0.000000000000000000e+00, 0.000000000000000000e+00, 0.000000000000000000e+00, 0.000000000000000000e+00
1.239783802297215187e-01, -5.264704872708595440e-01, -6.708219300690372311e-01, -2.480118577044907735e-01, -2.864284653272992642e-01, 1.061515638490710817e-01, 0.000000000000000000e+00, -0.000000000000000000e+00
-0.000000000000000000e+00, -0.000000000000000000e+00, -0.000000000000000000e+00, 0.000000000000000000e+00, 0.000000000000000000e+00, 0.000000000000000000e+00, 0.000000000000000000e+00, 1.354613717373837067e-01
-5.742455353479702929e-01, -7.315218842495871954e-01, -2.706760473795166710e-01, -3.129595868630921651e-01, 1.161220888885096392e-01, 2.998790746663510410e-03, -9.886678124929014488e-04, -2.010122935688917010e-03
-3.606114266539806393e-03, -3.697139492429091321e-03, 1.107023018127183947e-03, 0.000000000000000000e+00, 0.000000000000000000e+00, 0.000000000000000000e+00, 2.227565563305402008e-01, -9.177357600426750972e-01
-1.164479546304324042e+00, -4.370740298892962783e-01, -5.147941951915563363e-01, 1.949064829511756858e-01, 4.571243224836970542e-01, -1.523360053098639089e-01, -3.047883172850583411e-01, -5.518428005344837572e-01
-5.597164484803965889e-01, 1.731573620774907174e-01, 0.000000000000000000e+00, 0.000000000000000000e+00, 0.000000000000000000e+00, 2.271152321736235880e-01, -9.340734845439100376e-01, -1.184920752648852327e+00
-4.451496934588966004e-01, -5.248834126256296528e-01, 1.989680960255050535e-01, 4.846715070675087778e-01, -1.616097550963241369e-01, -3.230617516539991962e-01, -5.853192153263112596e-01, -5.933105154673185000e-01
1.838107943327012828e-01, 0.000000000000000000e+00, 0.000000000000000000e+00, 0.000000000000000000e+00, 1.122930979239536442e-01, 1.796803143310928830e-01, -3.300445490206489474e-01, -3.747415790145686709e-01
3.127381918337491240e-01, 2.335779206836554045e-01, 0.000000000000000000e+00, 0.000000000000000000e+00, -0.000000000000000000e+00, -0.000000000000000000e+00, 0.000000000000000000e+00, 0.000000000000000000e+00
0.000000000000000000e+00, 0.000000000000000000e+00, 0.000000000000000000e+00, 1.220213577654704479e-01, 1.954186904013497372e-01, -3.575625619639504760e-01, -4.061000882717708538e-01, 3.389903594855239177e-01
2.530671476667795128e-01, 5.066169296175078527e-04, 9.212826613117998560e-04, -1.427899588953279860e-03, -3.503832123435361018e-03, 2.635101203192271539e-03, 2.396003248993861835e-03, 0.000000000000000000e+00
0.000000000000000000e+00, 0.000000000000000000e+00, 2.289569870914169303e-01, 3.737046634183743832e-01, -6.274359105519786706e-01, -7.173776465739254427e-01, 6.012118480605564974e-01, 4.446429443605047216e-01
1.244628897621390118e-01, 2.422929804081216942e-01, -3.667558694962519961e-01, -9.137513709623193980e-01, 6.533186859648887346e-01, 6.223792285588614082e-01, 0.000000000000000000e+00, 0.000000000000000000e+00
0.000000000000000000e+00, 6.298843345137284944e-01, -2.347795286665619319e-01, -3.268867961908367148e-01, 1.989611821132476754e-01, 6.010458178425250042e-02, 1.068698508356466098e-01, 0.000000000000000000e+00
-0.000000000000000000e+00, -0.000000000000000000e+00, 0.000000000000000000e+00, 0.000000000000000000e+00, 0.000000000000000000e+00, 0.000000000000000000e+00, 0.000000000000000000e+00, 0.000000000000000000e+00
6.900468015834978486e-01, -2.566355183877150337e-01, -3.575027555526593681e-01, 2.176257056553460023e-01, 6.591929437051791130e-02, 1.169579016808096339e-01, 3.950854199959034745e-03, -1.645520564459924040e-03
-2.305333644308274390e-03, 3.387047620657314840e-03, 7.448321996285003216e-04, 1.391997269132073901e-03, 0.000000000000000000e+00, 0.000000000000000000e+00, 0.000000000000000000e+00, 1.030092271171156426e+00
-3.732179068712158099e-01, -5.231363547599309216e-01, 3.189953680478587739e-01, 9.970523969173507306e-02, 1.725518781460510798e-01, 4.224914684924767627e-01, -1.763925643851705360e-01, -2.460989042428919082e-01
3.628325479505342122e-01, 8.084615907278282221e-02, 1.494097641361878670e-01, 0.000000000000000000e+00, 0.000000000000000000e+00, 0.000000000000000000e+00, 1.055405580911105146e+00, -3.814697360689215389e-01
-5.350103462002524513e-01, 3.262883467825051231e-01, 1.022781996953216060e-01, 1.766020179789874467e-01, 4.610406341784390460e-01, -1.925888173048115048e-01, -2.684518168007070105e-01, 3.960720225586133458e-01
8.823839798794759492e-02, 1.630639085312289571e-01, 0.000000000000000000e+00, 0.000000000000000000e+00, 0.000000000000000000e+00, -2.490369823243536798e-03, 5.134020265155504054e-02, -4.590398930210283224e-01
1.616535403301574136e-01, -3.636551314125522905e-01, 3.314461681370933221e-01, 0.000000000000000000e+00, 0.000000000000000000e+00, -0.000000000000000000e+00, 0.000000000000000000e+00, -0.000000000000000000e+00
0.000000000000000000e+00, 0.000000000000000000e+00, 0.000000000000000000e+00, 0.000000000000000000e+00, -2.312566355145738613e-03, 5.602462971820027643e-02, -4.994128595437535845e-01, 1.756305062803236727e-01
-3.960771844605250336e-01, 3.610010453177726064e-01, 3.385383297219264013e-04, 3.558055247084499200e-04, -6.943438556009840943e-04, 6.165770741662676257e-04, -1.523709468804619518e-03, 1.574428398378683452e-03
0.000000000000000000e+00, 0.000000000000000000e+00, 0.000000000000000000e+00, 9.289380263776526522e-03, 9.772658717071604217e-02, -8.242977677592202568e-01, 2.823814934789266595e-01, -6.679230529508053404e-01
6.091184953726210827e-01, 1.657235955906230795e-01, 1.729452458494639966e-01, -3.386688420781241993e-01, 2.926356263252484213e-01, -7.242142539744456098e-01, 7.640654102989956620e-01, 0.000000000000000000e+00
0.000000000000000000e+00, 0.000000000000000000e+00, 1.017292754645935521e-02, 9.959338629080380367e-02, -8.376521070134553826e-01, 2.865495123050557091e-01, -6.795405660732704023e-01, 6.197351394259551505e-01
1.746110032024909275e-01, 1.822736589720865552e-01, -3.568846628541387789e-01, 3.078740998220519942e-01, -7.625295042338157137e-01, 8.049037171329161966e-01, 0.000000000000000000e+00, 0.000000000000000000e+00
0.000000000000000000e+00, 5.514881469919273860e-01, 1.197496195806429187e+00, 1.690208125838837283e+00, -1.506392705491589261e-09, 9.229262152812471796e-08, 4.208579978198035914e-10, -0.000000000000000000e+00
0.000000000000000000e+00, 0.000000000000000000e+00, -0.000000000000000000e+00, 0.000000000000000000e+00, 0.000000000000000000e+00, 0.000000000000000000e+00, 0.000000000000000000e+00, 0.000000000000000000e+00
5.987480122820102446e-01, 1.301361309607222516e+00, 1.838383668490268130e+00, -6.501838700134937101e-09, 2.357639050478698475e-07, 1.643624027918696449e-09, -8.824890946922690814e-04, 2.705956302091253504e-05
8.554295318976318403e-04, -2.729837675732988851e-05, 1.545463463470973174e-05, 6.178144810597162361e-05, 0.000000000000000000e+00, 0.000000000000000000e+00, 0.000000000000000000e+00, 6.339816944409053523e-01
1.379279516755318458e+00, 1.950145540354014884e+00, -1.541739162109493280e-08, 4.141073370211964389e-07, 3.706085218364529280e-09, -3.361533267485600912e-02, 1.096006575682878601e-03, 3.251932604511750119e-02
-1.030849873414199170e-03, 6.417611712799015274e-04, 2.309625108490127084e-03, 0.000000000000000000e+00, 0.000000000000000000e+00, 0.000000000000000000e+00, 6.606546260965279194e-01, 1.438657650781948849e+00
2.035815035138745621e+00, -2.770323451524230192e-08, 4.171815972903761857e-07, 6.387280922429814362e-09, -6.547425998621075882e-02, 2.161769906263632732e-03, 6.331249010114579912e-02, -1.986498020378962143e-03
1.267574558775194996e-03, 4.503308432878803252e-03, 0.000000000000000000e+00, 0.000000000000000000e+00, 0.000000000000000000e+00, 6.838648221921748149e-01, 1.490620988505336308e+00, 2.111167859759846444e+00
-4.399504509601164349e-08, 3.690327753874170122e-07, 9.806287519090040706e-09, -9.801288192644068420e-02, 3.216054445325963480e-03, 9.479682749113171880e-02, -2.941322524753962192e-03, 1.895391238747624494e-03
6.767420850961033095e-03, 0.000000000000000000e+00, 0.000000000000000000e+00, 0.000000000000000000e+00, -8.437177699985662915e-01, -1.855167265413548427e-01, -6.065433092177194840e-01, 3.262367386015376791e-01
-3.332676308294378331e-01, 1.500802291544769129e-01, -0.000000000000000000e+00, 0.000000000000000000e+00, -0.000000000000000000e+00, 0.000000000000000000e+00, -0.000000000000000000e+00, 0.000000000000000000e+00
0.000000000000000000e+00, 0.000000000000000000e+00, 0.000000000000000000e+00, -9.199072850293129600e-01, -2.021117427618881746e-01, -6.612451555434502026e-01, 3.556910536776193843e-01, -3.632387983060336167e-01
1.634205479364873315e-01, -1.413793578295224201e-03, 1.727959230943013893e-03, -3.141656596673047066e-04, 3.247998467984589219e-03, -2.962975232792726572e-03, 1.256567554417643839e-03, 0.000000000000000000e+00
0.000000000000000000e+00, 0.000000000000000000e+00, -9.779824355669968217e-01, -2.147014418500019228e-01, -7.029129715407012036e-01, 3.781395849439986301e-01, -3.860391685066981160e-01, 1.735074857059928366e-01
-1.821224872940100520e-02, 2.226559260108616767e-02, -4.053343926367502723e-03, 4.185323998860814715e-02, -3.836199886178622703e-02, 1.616250334756363233e-02, 0.000000000000000000e+00, 0.000000000000000000e+00
0.000000000000000000e+00, -1.022510856004101854e+00, -2.243075630434058498e-01, -7.348427882844322800e-01, 3.953513735106106153e-01, -4.034861585218667557e-01, 1.811769087685461410e-01, -3.414892945179837103e-02
4.174862616940283599e-02, -7.599696724458888247e-03, 7.854502570123063354e-02, -7.200691595859626259e-02, 3.023968084821843094e-02, 0.000000000000000000e+00, 0.000000000000000000e+00, 0.000000000000000000e+00
-1.548595790991433629e+00, -3.349800763232476108e-01, -1.111029053881271267e+00, 5.987541770087287940e-01, -6.076839549030751408e-01, 2.676507291476494244e-01, -3.156462472309287115e-01, 3.851059590359993123e-01
-6.945971195418537691e-02, 7.411743215201904711e-01, -6.683509170050168091e-01, 2.709537196828909478e-01, 0.000000000000000000e+00, 0.000000000000000000e+00, 0.000000000000000000e+00, -1.574533364932848345e+00
-3.403048804317665432e-01, -1.129525888294502289e+00, 6.087877406599256913e-01, -6.176680723087162317e-01, 2.717079327299508629e-01, -3.317848024147537211e-01, 4.047435648539310371e-01, -7.295876197136989816e-02
7.798637794485632213e-01, -7.029666871660791294e-01, 2.843021904695665625e-01, 0.000000000000000000e+00, 0.000000000000000000e+00, 0.000000000000000000e+00, -4.145275265597531122e-01, 5.183244858818236711e-01
6.899240635869540172e-01, -2.392259516685034922e-10, 3.544077741567731314e-09, -4.847644369968029313e-10, -0.000000000000000000e+00, 0.000000000000000000e+00, 0.000000000000000000e+00, -0.000000000000000000e+00
0.000000000000000000e+00, 0.000000000000000000e+00, 0.000000000000000000e+00, 0.000000000000000000e+00, 0.000000000000000000e+00, 1.885081815868717980e-01, 6.794047387351000167e-02, -5.167734577636569071e-01
1.442042813530715062e-01, -3.250437783602781461e-01, -2.300146658296843005e-01, 0.000000000000000000e+00, 0.000000000000000000e+00, -0.000000000000000000e+00, 0.000000000000000000e+00, -0.000000000000000000e+00
-0.000000000000000000e+00, 0.000000000000000000e+00, 0.000000000000000000e+00, 0.000000000000000000e+00, 2.052565453845311139e-01, 7.396726483181192968e-02, -5.611631290389903493e-01, 1.569538887431002894e-01
-3.537220442447487345e-01, -2.503381002075254491e-01, 1.145144031094551479e-03, 6.382906726806043774e-04, -1.783434706246955206e-03, 1.146291630581495677e-03, -2.633888600961849322e-03, -1.840723407805550885e-03
0.000000000000000000e+00, 0.000000000000000000e+00, 0.000000000000000000e+00, 2.183947553134952535e-01, 7.869152181249082501e-02, -5.953788178878693937e-01, 1.669330080109330539e-01, -3.761396020404271789e-01
-2.662370160360799654e-01, 1.791086789371706262e-02, 9.963587546365990089e-03, -2.787445544505616837e-02, 1.799965773653861706e-02, -4.118611667812923510e-02, -2.882610265717636122e-02, 0.000000000000000000e+00
0.000000000000000000e+00, 0.000000000000000000e+00, 2.297582303224301181e-01, 8.277459905250457439e-02, -6.244222153986123125e-01, 1.755446710228871776e-01, -3.954575438040981439e-01, -2.799491234930067129e-01
3.612610196016565606e-02, 2.008974957612339601e-02, -5.621585138809761378e-02, 3.641810906345881171e-02, -8.318400317526976340e-02, -5.817738569293080808e-02, 0.000000000000000000e+00, 0.000000000000000000e+00
0.000000000000000000e+00, 2.800092723891156044e-01, 1.007995107922437933e-01, -7.475177232815515271e-01, 2.134301596119941857e-01, -4.801957367482934669e-01, -3.402055598346330201e-01, 1.413914490444596606e-01
7.861478177634188824e-02, -2.200062307105156156e-01, 1.438853141025583926e-01, -3.260406924328786427e-01, -2.282841487994371477e-01, 0.000000000000000000e+00, 0.000000000000000000e+00, 0.000000000000000000e+00
2.878682072850140550e-01, 1.036150035600159197e-01, -7.661104534437390701e-01, 2.193315369111139279e-01, -4.933641495571187141e-01, -3.495836717606519706e-01, 1.597223209387899079e-01, 8.878155882234255170e-02
-2.485038797383246623e-01, 1.627944146050803731e-01, -3.682582413417733180e-01, -2.579595323161404385e-01, 0.000000000000000000e+00, 0.000000000000000000e+00, 0.000000000000000000e+00, 2.957598066704008599e-01
1.064414344366533954e-01, -7.846157643562082784e-01, 2.252517722805084111e-01, -5.065667252265096954e-01, -3.589898460364214228e-01, 1.784285879516364637e-01, 9.915605608227116841e-02, -2.775846440881095112e-01
1.821617056070315155e-01, -4.113296183964502695e-01, -2.882654646947611643e-01, 0.000000000000000000e+00, 0.000000000000000000e+00, 0.000000000000000000e+00, 3.036844130300936917e-01, 1.092789104486617535e-01
-8.030333991553457729e-01, 2.311911439890919628e-01, -5.198036778094774490e-01, -3.684243181202534467e-01, 1.974909463457749370e-01, 1.097275519387434506e-01, -3.072184984757212467e-01, 2.019687313684478680e-01
-4.552054968444171901e-01, -3.191731045398610300e-01, 0.000000000000000000e+00, 0.000000000000000000e+00, 0.000000000000000000e+00, 3.116424330648134844e-01, 1.121276028384498302e-01, -8.213622447654942427e-01
2.371498660898757049e-01, -5.330757350862597166e-01, -3.778876873605789832e-01, 2.168983460922502271e-01, 1.204885709631180607e-01, -3.373869173992206649e-01, 2.222028036565598108e-01, -4.998547846517021331e-01
-3.506627961539426352e-01, 0.000000000000000000e+00, 0.000000000000000000e+00, 0.000000000000000000e+00, 3.196344875282924325e-01, 1.149876400378243013e-01, -8.396014449746092012e-01, 2.431284094994838885e-01
-5.463834964052872722e-01, -3.873803390528181567e-01, 2.366439096738951198e-01, 1.314336000998670706e-01, -3.680775098383962107e-01, 2.428553035638880142e-01, -5.452602903346696062e-01, -3.827237260523512208e-01
0.000000000000000000e+00, 0.000000000000000000e+00, 0.000000000000000000e+00, -6.261333123584523763e-01, -1.103385135234986159e+00, -1.363232347811301204e-01, 2.911312313856673772e-01, -1.499407950230700892e-01
-9.509506226330252665e-02, 0.000000000000000000e+00, -0.000000000000000000e+00, 0.000000000000000000e+00, 0.000000000000000000e+00, -0.000000000000000000e+00, -0.000000000000000000e+00, 0.000000000000000000e+00
0.000000000000000000e+00, 0.000000000000000000e+00, -6.837818124344843262e-01, -1.203757332001243574e+00, -1.489223200937790093e-01, 3.182343453776244058e-01, -1.638451541918836130e-01, -1.039263115566562423e-01
6.449292729447589757e-05, -2.427876292230524754e-03, 2.363383370080305093e-03, 2.874829442281290337e-03, -1.315802483451818973e-03, -8.735979544632252979e-04, 0.000000000000000000e+00, 0.000000000000000000e+00
0.000000000000000000e+00, -7.249528542036590695e-01, -1.275017463050809097e+00, -1.579369378990603534e-01, 3.376951461208792526e-01, -1.738104242299005620e-01, -1.102601294513772395e-01, 7.333413479369815108e-04
-2.861214915076836299e-02, 2.787880785546706375e-02, 3.388388109679780352e-02, -1.555182341817944354e-02, -1.034523896547368156e-02, 0.000000000000000000e+00, 0.000000000000000000e+00, 0.000000000000000000e+00
-7.578855093042228264e-01, -1.331678836261020127e+00, -1.651610771853486703e-01, 3.533445617597381072e-01, -1.818093712003357454e-01, -1.153479126607454136e-01, 1.394348808284031401e-03, -5.454632834214874493e-02
5.315197949303576003e-02, 6.454046786316358641e-02, -2.964891117009388691e-02, -1.973906297109559102e-02, 0.000000000000000000e+00, 0.000000000000000000e+00, 0.000000000000000000e+00, -7.866985857750613542e-01
-1.380999646752225640e+00, -1.714914167186398775e-01, 3.670983453379189076e-01, -1.888285119179284599e-01, -1.198155949997129488e-01, 2.067873055216723575e-03, -8.052242295463912791e-02, 7.845454991224953822e-02
9.518968728070797969e-02, -4.374647128070537072e-02, -2.914030246283405567e-02, 0.000000000000000000e+00, 0.000000000000000000e+00, 0.000000000000000000e+00, -1.119849579118770810e+00, -1.938000172506266994e+00
-2.452118730773702182e-01, 5.295908236343378483e-01, -2.712331417461107397e-01, -1.724911513068123625e-01, 1.123413862301602707e-02, -4.738781986715532857e-01, 4.626440599481786986e-01, 5.584120832403762780e-01
-2.602763274370963331e-01, -1.752292196493142329e-01, 0.000000000000000000e+00, 0.000000000000000000e+00, 0.000000000000000000e+00, -1.140396185165946763e+00, -1.971607865182520625e+00, -2.497882622380063755e-01
5.398167781318785607e-01, -2.763930394149062275e-01, -1.758058156963847596e-01, 1.177282030164275226e-02, -5.012111482047914013e-01, 4.894383276060866872e-01, 5.906516912096601013e-01, -2.755833418172228266e-01
-1.857110502960530596e-01, 0.000000000000000000e+00, 0.000000000000000000e+00, 0.000000000000000000e+00, 4.375863443659758212e-01, -5.437775722379970533e-01, -6.514983373058741423e-01, 1.207120355258533795e-10
-1.060391146826373194e-08, 5.418796973983218641e-10, 0.000000000000000000e+00, -0.000000000000000000e+00, -0.000000000000000000e+00, 0.000000000000000000e+00, -0.000000000000000000e+00, -0.000000000000000000e+00
0.000000000000000000e+00, 0.000000000000000000e+00, 0.000000000000000000e+00, 4.784462814888707505e-01, 2.403681798678431250e-02, -2.117558155541537090e-01, 4.556846548832087507e-01, -4.800067065342232542e-02
-1.157220773240845713e-01, 0.000000000000000000e+00, -0.000000000000000000e+00, -0.000000000000000000e+00, 0.000000000000000000e+00, -0.000000000000000000e+00, -0.000000000000000000e+00, 0.000000000000000000e+00
0.000000000000000000e+00, 0.000000000000000000e+00, 5.215584415835745613e-01, 2.689720302230174526e-02, -2.305293777000878008e-01, 4.961326683916129077e-01, -5.255400630476694812e-02, -1.261168875394028388e-01
3.564108702767954800e-03, -6.166645375661386876e-04, -2.947444168948978524e-03, 7.981456054689832144e-03, -1.188114954033877603e-03, -2.677180809545814857e-03, 0.000000000000000000e+00, 0.000000000000000000e+00
0.000000000000000000e+00, 8.887362005885981464e-01, 6.655389198109284976e-02, -3.832173932830512664e-01, 8.264840195930193145e-01, -9.717087344604331822e-02, -2.139329915402836402e-01, 4.182026790456140342e-01
-7.664636232089262757e-02, -3.415563174850688166e-01, 9.255582584758224041e-01, -1.481639156522714662e-01, -3.287874980171907047e-01, 0.000000000000000000e+00, 0.000000000000000000e+00, 0.000000000000000000e+00
9.068458559154174425e-01, 6.915250623805535568e-02, -3.904372301038172566e-01, 8.421718791526651149e-01, -9.962858730847320987e-02, -2.182402732554106772e-01, 4.433014280446720967e-01, -8.147543344807536836e-02
-3.618259941393071055e-01, 9.809390920103395750e-01, -1.574102803180505439e-01, -3.489953990825407915e-01, 0.000000000000000000e+00, 0.000000000000000000e+00, 0.000000000000000000e+00, -1.771011039795832853e-01
-3.445100588606162528e-01, -1.560197399975176702e-01, -3.468031231469359543e-01, 3.668589484503454456e-01, -3.154034300904051125e-01, 0.000000000000000000e+00, -0.000000000000000000e+00, 0.000000000000000000e+00
-0.000000000000000000e+00, 0.000000000000000000e+00, -0.000000000000000000e+00, 0.000000000000000000e+00, 0.000000000000000000e+00, 0.000000000000000000e+00, -1.921806676923886736e-01, -3.739907666729619939e-01
-1.691766688622993453e-01, -3.773811095045959685e-01, 3.991536399567353066e-01, -3.431907217216246808e-01, 8.875198562735613040e-05, -2.568940003900155723e-04, 1.681420155104341953e-04, -1.371107335018227884e-03
1.382690760732695158e-03, -1.243651034642102469e-03, 0.000000000000000000e+00, 0.000000000000000000e+00, 0.000000000000000000e+00, -3.243320092878894667e-01, -6.369857572087740394e-01, -2.807381228917871230e-01
-6.788270417661911305e-01, 7.159187896823226982e-01, -6.165441655688258527e-01, 5.091691932133754483e-02, -1.549222369623482753e-01, 1.040053158474349843e-01, -8.377547976364390081e-01, 8.372465644944672158e-01
-7.638797257505116622e-01, 0.000000000000000000e+00, 0.000000000000000000e+00, 0.000000000000000000e+00, -3.286547028198130715e-01, -6.457776849639953465e-01, -2.842415927397681230e-01, -6.900118253214900799e-01
7.276100226617980837e-01, -6.266632648032435249e-01, 5.321699689188242460e-02, -1.620731334440156934e-01, 1.088561359012988200e-01, -8.768497830615000765e-01, 8.764844918106583505e-01, -7.998802511158584760e-01
0.000000000000000000e+00, 0.000000000000000000e+00, 0.000000000000000000e+00, 2.016401438435755367e-02, -2.541486719104794068e-01, 1.021270889721612590e-01, -9.124726674172457808e-02, -1.151987284146846618e-01
-5.352856611830824063e-01, 0.000000000000000000e+00, -0.000000000000000000e+00, 0.000000000000000000e+00, -0.000000000000000000e+00, -0.000000000000000000e+00, -0.000000000000000000e+00, 0.000000000000000000e+00
0.000000000000000000e+00, 0.000000000000000000e+00, 2.302034177748401439e-02, -2.769630625833685578e-01, 1.113961729969950021e-01, -9.927430816986185236e-02, -1.254258066905334923e-01, -5.833609400135109091e-01
3.583824833266586692e-04, -6.927263102043722341e-04, 3.343438267930820443e-04, -7.802456647001359104e-04, -9.939132443081244266e-04, -4.899056943177317221e-03, 0.000000000000000000e+00, 0.000000000000000000e+00
0.000000000000000000e+00, 8.362516544859212309e-02, -4.937754310125762602e-01, 2.024297185098231366e-01, -1.706709408245825621e-01, -2.193198924273120631e-01, -1.040943388892809462e+00, 1.005844532308240724e-01
-1.900276922002095137e-01, 8.944323897577610705e-02, -2.106576864123222148e-01, -2.785571076683168168e-01, -1.433787754520487567e+00, 0.000000000000000000e+00, 0.000000000000000000e+00, 0.000000000000000000e+00
8.707097476671792069e-02, -5.018510089609722336e-01, 2.059222074383366408e-01, -1.731628710608309751e-01, -2.227150300463938415e-01, -1.058011205404179922e+00, 1.050647180447466106e-01, -1.984854683282101240e-01
9.342074970517158516e-02, -2.202104823435423187e-01, -2.914805139950122914e-01, -1.502354567132280661e+00, 0.000000000000000000e+00, 0.000000000000000000e+00, 0.000000000000000000e+00, -2.545348663530402900e-01
-6.337189229645237565e-02, 3.831069847399447004e-01, 2.558309359297292196e-01, -3.248483907717792940e-01, 2.712345330906826280e-01, -0.000000000000000000e+00, -0.000000000000000000e+00, 0.000000000000000000e+00
0.000000000000000000e+00, -0.000000000000000000e+00, 0.000000000000000000e+00, 0.000000000000000000e+00, 0.000000000000000000e+00, 0.000000000000000000e+00, -2.771112514829279228e-01, -6.884502979031305314e-02
4.182362090294408086e-01, 2.787563773047582183e-01, -3.537380554099763263e-01, 2.953378653749923477e-01, -1.447061511418205014e-03, -5.013613321700843796e-04, 1.948422844560855930e-03, 2.529027858834146259e-03
-3.134691698679350699e-03, 2.341530103817944779e-03, 0.000000000000000000e+00, 0.000000000000000000e+00, 0.000000000000000000e+00, -4.333236927036555608e-01, -1.038962692165534829e-01, 6.826117558654085649e-01
4.417453943709413466e-01, -5.551165595824661958e-01, 4.628369793842852520e-01, -2.601387059679692304e-01, -9.145831452693033159e-02, 3.515970209240420474e-01, 4.481820829615105750e-01, -5.640414421895758590e-01
4.149855781187017367e-01, 0.000000000000000000e+00, 0.000000000000000000e+00, 0.000000000000000000e+00, -4.417034399807728828e-01, -1.056358138215639370e-01, 6.978520733895227091e-01, 4.507107906863285773e-01
-5.659978587786791415e-01, 4.718591425582066012e-01, -2.780576237924230476e-01, -9.786121507779901862e-02, 3.759188380166506027e-01, 4.786259442625777072e-01, -6.028909209931312407e-01, 4.431042614598160734e-01
0.000000000000000000e+00, 0.000000000000000000e+00, 0.000000000000000000e+00, -4.500518070864683029e-01, -1.073532253452304103e-01, 7.131514695446903307e-01, 4.596675392600689247e-01, -5.768475209398570280e-01
4.808515095529878880e-01, -2.962136508182556804e-01, -1.043627834402346827e-01, 4.005764342038521386e-01, 5.094343780146277645e-01, -6.422687053543856273e-01, 4.715667864002318632e-01, 0.000000000000000000e+00
0.000000000000000000e+00, 0.000000000000000000e+00, -2.957847719406474490e-03, -2.586498000324256030e-01, 2.324176677424863169e-01, 4.196250705864258412e-01, -2.889308948637403507e-01, 1.917378776337025081e-01
-0.000000000000000000e+00, -0.000000000000000000e+00, 0.000000000000000000e+00, 0.000000000000000000e+00, -0.000000000000000000e+00, 0.000000000000000000e+00, 0.000000000000000000e+00, 0.000000000000000000e+00
0.000000000000000000e+00, -1.853014106175259823e-03, -4.573833795790093748e-01, 4.474768777951799170e-01, 7.837982530963542027e-01, -5.309076777584010864e-01, 3.405927389210448575e-01, -2.962741360868319587e-02
-2.668279288354319378e-01, 2.964553425236634565e-01, 9.326062133530941267e-01, -6.239296932864963896e-01, 3.578829153825044407e-01, 0.000000000000000000e+00, 0.000000000000000000e+00, 0.000000000000000000e+00
-1.709250585390763473e-03, -4.642465184621389906e-01, 4.561640480067867265e-01, 7.978388463040591017e-01, -5.399805286853421871e-01, 3.458049725510454198e-01, -3.123842561218434857e-02, -2.811024448954926869e-01
3.123408695470425989e-01, 9.815674798566365045e-01, -6.567777041307685248e-01, 3.763025455230096239e-01, 0.000000000000000000e+00, 0.000000000000000000e+00, 0.000000000000000000e+00, -3.851335102168880753e-01
-2.312411467724764524e-01, -6.184802322432936261e-01, -2.237788092954765551e-01, -9.452917433144766499e-03, -4.911092723279726346e-01, 0.000000000000000000e+00, 0.000000000000000000e+00, -0.000000000000000000e+00
-0.000000000000000000e+00, -0.000000000000000000e+00, -0.000000000000000000e+00, 0.000000000000000000e+00, 0.000000000000000000e+00, 0.000000000000000000e+00, -4.173822659471037588e-01, -2.509862955356281788e-01
-6.714169974397939944e-01, -2.428408292791199574e-01, -9.883873704897384871e-03, -5.334201463810610555e-01, 1.009081119654693126e-05, 5.302807014766026603e-04, -5.403715100141428911e-04, -1.567014667811675787e-03
-3.952273080930791545e-04, -3.274248051522013220e-03, 0.000000000000000000e+00, 0.000000000000000000e+00, 0.000000000000000000e+00, -4.424024514937021646e-01, -2.664566130201301286e-01, -7.129425966164945061e-01
-2.577619081425338576e-01, -1.007565717582244343e-02, -5.667144654491178546e-01, 1.511006775054687598e-04, 9.860177095182344129e-03, -1.001127778438669000e-02, -2.875386437059559985e-02, -7.051011154886191803e-03
-6.017702634196505501e-02, 0.000000000000000000e+00, 0.000000000000000000e+00, 0.000000000000000000e+00, -4.626087988744914670e-01, -2.790763009350938351e-01, -7.468645191129897887e-01, -2.699205686822688244e-01
-1.011016319012155405e-02, -5.939960354363986728e-01, 1.945123299417982857e-04, 1.938407710272966461e-02, -1.957858952437582442e-02, -5.628671798083638433e-02, -1.366991165703082198e-02, -1.177716863359110494e-01
0.000000000000000000e+00, 0.000000000000000000e+00, 0.000000000000000000e+00, -6.845725670679553287e-01, -4.253597219952281461e-01, -1.143087173999833617e+00, -4.103190303092319469e-01, -2.823128105568329521e-03
-9.178817441962204837e-01, -6.659089483461892896e-03, 1.952396836900361088e-01, -1.885805928594968262e-01, -5.638870200820547129e-01, -1.323094009430575424e-01, -1.158118555440381447e+00, 0.000000000000000000e+00
0.000000000000000000e+00, 0.000000000000000000e+00, -6.943417324398863943e-01, -4.321572322251656662e-01, -1.161633154984405003e+00, -4.168369016855159592e-01, -2.129545679361095206e-03, -9.332762655095049320e-01
-7.362047142523017729e-03, 2.052296409285735423e-01, -1.978675932578403962e-01, -5.924373704069822999e-01, -1.385318527249421727e-01, -1.216030023928781567e+00, 0.000000000000000000e+00, 0.000000000000000000e+00
0.000000000000000000e+00, -7.040424864694816431e-01, -4.389446819635831609e-01, -1.180165265333859237e+00, -4.233459112671418834e-01, -1.400541242473422139e-03, -9.486826025489999425e-01, -8.106092278402150797e-03
2.153584616052476863e-01, -2.072523691553099234e-01, -6.213494987509970979e-01, -1.447782974579503446e-01, -1.274632496392658965e+00, 0.000000000000000000e+00, 0.000000000000000000e+00, 0.000000000000000000e+00
-5.868446527685707848e-01, -2.851237694142645385e-01, 3.656803297608270942e-01, -2.864627780249727751e-01, 1.740157224728116625e-01, -2.235322550103455846e-02, -0.000000000000000000e+00, -0.000000000000000000e+00
0.000000000000000000e+00, -0.000000000000000000e+00, 0.000000000000000000e+00, 0.000000000000000000e+00, 0.000000000000000000e+00, 0.000000000000000000e+00, 0.000000000000000000e+00, -6.383613902896752013e-01
-3.100734244937173867e-01, 3.985465856173589505e-01, -3.121313729526849490e-01, 1.892839311042673334e-01, -2.450108558946803919e-02, -5.789324324102506324e-03, -7.740240732949056277e-04, 6.563348377645857393e-03
-6.719171918811848131e-03, 4.869947544328455911e-03, 2.944934110886340546e-04, 0.000000000000000000e+00, 0.000000000000000000e+00, 0.000000000000000000e+00, -5.503846073960395185e-02, -2.373597985804763374e-02
1.599027686447166696e-01, -3.086109072956254029e-01, 4.710471966766401897e-01, 6.926127727562730874e-02, -0.000000000000000000e+00, -0.000000000000000000e+00, 0.000000000000000000e+00, -0.000000000000000000e+00
0.000000000000000000e+00, 0.000000000000000000e+00, 0.000000000000000000e+00, 0.000000000000000000e+00, 0.000000000000000000e+00, -5.997232378004158787e-02, -2.555112531090310279e-02, 1.751450126459303813e-01
-3.364068894790941400e-01, 5.133548171239603608e-01, 7.500714506220938771e-02, -3.684831432469443243e-04, -2.459780790157646839e-04, 6.144612195146341828e-04, -2.407907964265422213e-03, 3.862213288703163130e-03
6.496869331097627565e-04, 0.000000000000000000e+00, 0.000000000000000000e+00, 0.000000000000000000e+00, -6.355081920840043030e-02, -2.675689662487484508e-02, 1.865227970986547967e-01, -3.566128943750658253e-01
5.440680849846124545e-01, 7.901071231126358119e-02, -5.299279339947008532e-03, -3.554134323622196775e-03, 8.853413636302032846e-03, -3.460124080360080234e-02, 5.541399460956598216e-02, 9.338086401316612536e-03
0.000000000000000000e+00, 0.000000000000000000e+00, 0.000000000000000000e+00, -9.751455696060701284e-02, -3.258873612768797140e-02, 3.108087822079252383e-01, -5.510095672697913338e-01, 8.368923900665884430e-01
1.087720115131620702e-01, -8.825392198259671139e-02, -6.509060839403515986e-02, 1.533445301062205668e-01, -5.920630323949803708e-01, 9.508584366257344378e-01, 1.588915622023485963e-01, 0.000000000000000000e+00
0.000000000000000000e+00, 0.000000000000000000e+00, -9.925941008029183499e-02, -3.263118283978188455e-02, 3.179278642763835316e-01, -5.611225445880927420e-01, 8.519868946795660092e-01, 1.099264636177313126e-01
-9.321318932172277527e-02, -6.903350674917960172e-02, 1.622466958781962620e-01, -6.267117870351405218e-01, 1.006599041010250772e+00, 1.678812324494650676e-01, 0.000000000000000000e+00, 0.000000000000000000e+00
0.000000000000000000e+00, -2.465284817093863368e-03, 2.866266141996408612e-01, -5.050703662473685629e-01, 1.322269986322612556e-01, 3.434957686676914368e-01, 2.052013411129778031e-01, 0.000000000000000000e+00
0.000000000000000000e+00, -0.000000000000000000e+00, 0.000000000000000000e+00, 0.000000000000000000e+00, 0.000000000000000000e+00, 0.000000000000000000e+00, 0.000000000000000000e+00, 0.000000000000000000e+00
-2.535511094843124081e-03, 3.141891073586414174e-01, -5.523444874679882544e-01, 1.449764668878328333e-01, 3.763578076799053429e-01, 2.250779398302237000e-01, 4.027624828630980611e-04, 2.193414319957071989e-03
-2.596176801261962982e-03, 1.916883374583460472e-03, 4.209566676818967713e-03, 2.713589300232026932e-03, 0.000000000000000000e+00, 0.000000000000000000e+00, 0.000000000000000000e+00, -2.362065779496363451e-04
4.920854396796270347e-01, -8.371264784394876202e-01, 2.278224205115754741e-01, 5.858681001214964823e-01, 3.557215134210937046e-01, 5.354404610369927625e-02, 3.008210723161134914e-01, -3.543651179783814387e-01
2.623437945596724385e-01, 5.701111741454562010e-01, 3.715760299428116364e-01, 0.000000000000000000e+00, 0.000000000000000000e+00, 0.000000000000000000e+00, -1.146158577844982762e+00, -9.306757782886955210e-01
-2.964824068251493139e-01, -1.363501198393197167e-01, 1.715791998584770273e-01, 2.713351166005814608e-01, -0.000000000000000000e+00, -0.000000000000000000e+00, 0.000000000000000000e+00, -0.000000000000000000e+00
0.000000000000000000e+00, 0.000000000000000000e+00, 0.000000000000000000e+00, 0.000000000000000000e+00, 0.000000000000000000e+00, -1.245969356373822778e+00, -1.012176119766338589e+00, -3.226975219007090501e-01
-1.482848702268316221e-01, 1.864357417390552496e-01, 2.950344880424118910e-01, -2.408555386862948951e-04, -1.052396518391461090e-04, 3.460951913151869312e-04, -1.804683184612988973e-04, 2.474286515465410068e-04
3.461045591277716617e-04, 0.000000000000000000e+00, 0.000000000000000000e+00, 0.000000000000000000e+00, -1.326689603057945810e+00, -1.078272007870983984e+00, -3.440574651740233580e-01, -1.579594348705231355e-01
1.984161175258753462e-01, 3.142291780823125436e-01, -2.141938818650863594e-02, -9.306284534072579301e-03, 3.072567270113308116e-02, -1.610327538430401939e-02, 2.198687234237649973e-02, 3.084978675699757630e-02
0.000000000000000000e+00, 0.000000000000000000e+00, 0.000000000000000000e+00, -1.388467014474985550e+00, -1.129010705507474510e+00, -3.605389048668863339e-01, -1.653813805443353213e-01, 2.075559884505805974e-01
3.289434389264367931e-01, -4.203559000087680325e-02, -1.822468275754477937e-02, 6.026027280354732257e-02, -3.156760033019179179e-02, 4.321989613896497218e-02, 6.059257307290195210e-02, 0.000000000000000000e+00
0.000000000000000000e+00, 0.000000000000000000e+00, -1.443826602893112376e+00, -1.174594407289122788e+00, -3.754113936967888310e-01, -1.720453109927185531e-01, 2.157238660573471412e-01, 3.421466139442587151e-01
-6.348458799560516286e-02, -2.751627428727304245e-02, 9.100086229152921924e-02, -4.759508991122306937e-02, 6.540885617803733620e-02, 9.155164414531356820e-02, 0.000000000000000000e+00, 0.000000000000000000e+00
0.000000000000000000e+00, -1.982038069063218444e+00, -1.622112725747244744e+00, -5.240238185438005347e-01, -2.371955021918344397e-01, 2.942401587236560534e-01, 4.710831147718966272e-01, -3.337784356951652986e-01
-1.467474268350209554e-01, 4.805258623778932980e-01, -2.501210420161808501e-01, 3.524728399104325449e-01, 4.837084253661921296e-01, 0.000000000000000000e+00, 0.000000000000000000e+00, 0.000000000000000000e+00
-2.017774304881488678e+00, -1.652086996992500945e+00, -5.341361108924664869e-01, -2.415364330403006743e-01, 2.993984938054707889e-01, 4.796751598253868321e-01, -3.539118458052241678e-01, -1.556941620669742565e-01
5.096060081190710855e-01, -2.652446872640834008e-01, 3.742273736330046785e-01, 5.129942900810702255e-01, 0.000000000000000000e+00, 0.000000000000000000e+00, 0.000000000000000000e+00, -2.053440673796947724e+00
-1.682035581876429653e+00, -5.442606042627631258e-01, -2.458700218704873985e-01, 3.045394263774860999e-01, 4.882539764027932216e-01, -3.742323326132355188e-01, -1.647297737954429298e-01, 5.389621061102439770e-01
-2.805125819209325355e-01, 3.962277689243486334e-01, 5.425620335757824764e-01, 0.000000000000000000e+00, 0.000000000000000000e+00, 0.000000000000000000e+00, 4.752590749647361279e-01, -6.682342860288917885e-01
1.151345767272689002e-01, 9.468033979710659847e-11, 1.438080889234104719e-08, -1.963694913862669406e-11, 0.000000000000000000e+00, -0.000000000000000000e+00, 0.000000000000000000e+00, 0.000000000000000000e+00
0.000000000000000000e+00, 0.000000000000000000e+00, 0.000000000000000000e+00, 0.000000000000000000e+00, 0.000000000000000000e+00, 5.185530944976395329e-01, -7.277633702389240122e-01, 1.255326619536564214e-01
3.086333409440897584e-10, 1.749381688906986423e-08, -8.017363001529306495e-11, 1.782265180238848043e-03, -2.045101948121086973e-03, 2.628367620778367239e-04, 5.080965953101616622e-05, 4.812632371481584917e-06
1.206055337357499478e-04, 0.000000000000000000e+00, 0.000000000000000000e+00, 0.000000000000000000e+00, 2.728639688268020072e-02, -1.329038984691476299e-01, -9.162833461467052854e-02, -4.019147525570467838e-01
-3.877284320594097666e-01, -1.107765751511703561e-01, 0.000000000000000000e+00, -0.000000000000000000e+00, 0.000000000000000000e+00, -0.000000000000000000e+00, -0.000000000000000000e+00, -0.000000000000000000e+00
0.000000000000000000e+00, 0.000000000000000000e+00, 0.000000000000000000e+00, 2.973928117404797331e-02, -1.440820142731519815e-01, -9.921083074943094771e-02, -4.374153160101360016e-01, -4.220871511302814461e-01
-1.200168797486665939e-01, 7.210926778680344911e-04, -7.613801500771917542e-04, 4.028747058481586818e-05, -6.446426834559507331e-03, -6.214589861726338253e-03, -1.035047992462850277e-03, 0.000000000000000000e+00
0.000000000000000000e+00, 0.000000000000000000e+00, 5.127840554726097871e-02, -2.244370651150993101e-01, -1.503511132399778794e-01, -7.375701661301999890e-01, -7.155968539536829987e-01, -1.844879235542799534e-01
1.098992467621432018e-01, -1.188367574080210348e-01, 8.937509023224725693e-03, -9.209857505307601500e-01, -8.915497251313053706e-01, -1.340442374628755817e-01, 0.000000000000000000e+00, 0.000000000000000000e+00
0.000000000000000000e+00, 5.221028533092630930e-02, -2.272767993863743785e-01, -1.520083437595838305e-01, -7.502455292333413128e-01, -7.281025158296531297e-01, -1.866790129861290171e-01, 1.158684828892345975e-01
-1.254705895749469169e-01, 9.602106917570655750e-03, -9.697404292958192729e-01, -9.385998042831822374e-01, -1.403608752854340336e-01, 0.000000000000000000e+00, 0.000000000000000000e+00, 0.000000000000000000e+00
-3.373958786061112547e-01, -3.570901255632321081e-01, -1.566741321602907189e-01, 2.259625781143472512e-01, 2.501024706529466068e-01, 4.500435446402412110e-01, -0.000000000000000000e+00, -0.000000000000000000e+00
0.000000000000000000e+00, 0.000000000000000000e+00, 0.000000000000000000e+00, 0.000000000000000000e+00, 0.000000000000000000e+00, 0.000000000000000000e+00, 0.000000000000000000e+00, -3.665969475648035991e-01
-3.885927781180845142e-01, -1.704373982868616633e-01, 2.464836690426045196e-01, 2.726921698801223481e-01, 4.901558374060931977e-01, -3.542363405032108743e-04, -6.846977611016002085e-04, 1.038934096721110542e-03
2.793250846046619208e-03, 2.996786040984812313e-03, 6.262502496647222999e-03, 0.000000000000000000e+00, 0.000000000000000000e+00, 0.000000000000000000e+00, -6.022106622207814564e-01, -6.598890012865556987e-01
-2.873150943044257555e-01, 4.408238533477104037e-01, 4.832015119402505166e-01, 8.480034537648770687e-01, -7.226268555931296411e-02, -1.220808754269322449e-01, 1.943435605175271863e-01, 5.251636434618357496e-01
5.674934113034696415e-01, 1.163072731944779337e+00, 0.000000000000000000e+00, 0.000000000000000000e+00, 0.000000000000000000e+00, -6.103201889767321253e-01, -6.698701647606440934e-01, -2.915499404806088934e-01
4.486559245907203453e-01, 4.915666608020133332e-01, 8.616545561136507159e-01, -7.598835093840194954e-02, -1.277149514625304516e-01, 2.037033016995933310e-01, 5.507634168161440469e-01, 5.953376971755135472e-01
1.219199961335472704e+00, 0.000000000000000000e+00, 0.000000000000000000e+00, 0.000000000000000000e+00, 1.078647970579615922e+00, -6.643404370019834193e-02, 6.881545301550934246e-01, 4.289142451301959503e-13
-4.270064134190589576e-08, -3.153340087455390026e-12, 0.000000000000000000e+00, -0.000000000000000000e+00, 0.000000000000000000e+00, 0.000000000000000000e+00, 0.000000000000000000e+00, 0.000000000000000000e+00
0.000000000000000000e+00, 0.000000000000000000e+00, 0.000000000000000000e+00, 1.175681111615690444e+00, -7.227634236826457892e-02, 7.494931757100550263e-01, -8.516041008878370947e-13, 2.192559747744763826e-08
6.481263663385003572e-12, 2.174524910852943145e-03, -2.437686560431167725e-03, 2.631616526139417115e-04, 6.352184444687905779e-05, 1.649294335078718288e-06, 1.449163488222822633e-04, 0.000000000000000000e+00
0.000000000000000000e+00, 0.000000000000000000e+00, 1.250280555259052351e+00, -7.671650284133460507e-02, 7.964331173698023791e-01, 1.309603736782363920e-11, 8.626264198793163797e-09, -9.012554609827208511e-11
3.354287318905026238e-02, -3.770530526646920927e-02, 4.162432071583888754e-03, 1.036727793328561138e-03, 2.764174763367073349e-05, 2.232685560967646345e-03, 0.000000000000000000e+00, 0.000000000000000000e+00
0.000000000000000000e+00, 1.802790591325797331e+00, -1.079596482282240977e-01, 1.136667552955627825e+00, -6.321490802412289554e-09, -7.874227404009622950e-07, 4.927896438175926061e-08, 4.407001660050499092e-01
-4.901046308899444370e-01, 4.940446511478194247e-02, 1.442227653836522863e-02, -1.836917476302525609e-03, 3.026778371126308612e-02, 0.000000000000000000e+00, 0.000000000000000000e+00, 0.000000000000000000e+00
1.838769135152591438e+00, -1.099083547329953309e-01, 1.158426041530241424e+00, -7.599125351478803892e-09, -7.962634994905674411e-07, 5.961986911052483118e-08, 4.721961115647806406e-01, -5.248277956477174211e-01
5.263168364991651499e-02, 1.550510738325098885e-02, -2.061881112667242073e-03, 3.245178555026335260e-02, 0.000000000000000000e+00, 0.000000000000000000e+00, 0.000000000000000000e+00, 2.548324642543220442e-01
-1.349007776040587192e-01, 1.534734509991096674e-01, -4.390779941788735541e-01, -2.342962397781825912e-01, 1.636646539903042485e-01, 0.000000000000000000e+00, -0.000000000000000000e+00, 0.000000000000000000e+00
-0.000000000000000000e+00, -0.000000000000000000e+00, 0.000000000000000000e+00, 0.000000000000000000e+00, 0.000000000000000000e+00, 0.000000000000000000e+00, 2.779770316967767885e-01, -1.462917584249152636e-01
1.675235695658069124e-01, -4.788580338609527143e-01, -2.557370094684744966e-01, 1.787333652154486641e-01, 5.623069368611280025e-04, -7.953640598845118561e-04, 2.330571217367830364e-04, -3.036839002269719947e-03
-1.518741177026667949e-03, 1.027365149437083937e-03, 0.000000000000000000e+00, 0.000000000000000000e+00, 0.000000000000000000e+00, 2.948727067766500620e-01, -1.542857928787465249e-01, 1.778219381969904922e-01
-5.078611037844111831e-01, -2.714498276092104367e-01, 1.898103944849782454e-01, 1.009364218186356577e-02, -1.430205700790674293e-02, 4.208414871027896242e-03, -5.459502118549743738e-02, -2.739784508654830031e-02
1.854855605367827787e-02, 0.000000000000000000e+00, 0.000000000000000000e+00, 0.000000000000000000e+00, 4.454676049909282454e-01, -2.117910272744736588e-01, 2.714001673106436474e-01, -7.648554178292710226e-01
-4.141987411347594628e-01, 2.918270749140329245e-01, 1.625276285998663306e-01, -2.338701090624135392e-01, 7.134248037345723714e-02, -8.738201384631708590e-01, -4.410887782344391495e-01, 3.025619836327081980e-01
0.000000000000000000e+00, 0.000000000000000000e+00, 0.000000000000000000e+00, 4.542123554625112081e-01, -2.144610175079753045e-01, 2.769233771551173895e-01, -7.797085562669733294e-01, -4.226268215817749474e-01
2.979133726094105317e-01, 1.730577692175863103e-01, -2.492690091414448417e-01, 7.621124058840622606e-02, -9.303334006143875179e-01, -4.697911405747093871e-01, 3.225458219883574063e-01, 0.000000000000000000e+00
0.000000000000000000e+00, 0.000000000000000000e+00, 4.629731170993217071e-01, -2.170610552174613572e-01, 2.824669220356421651e-01, -7.945811307180802308e-01, -4.310867959274388705e-01, 3.040293380521215671e-01
1.837358380784707423e-01, -2.649118345825634546e-01, 8.117599656385554585e-02, -9.876458924947193463e-01, -4.989231945663600842e-01, 3.428674297421225314e-01, 0.000000000000000000e+00, 0.000000000000000000e+00
0.000000000000000000e+00, 4.322901698476866450e-02, -2.018743793779197992e-01, -2.477663603061019265e-02, -2.794034595572034152e-01, -3.250196331806301520e-01, 3.839423480209214201e-01, 0.000000000000000000e+00
-0.000000000000000000e+00, 0.000000000000000000e+00, -0.000000000000000000e+00, -0.000000000000000000e+00, 0.000000000000000000e+00, 0.000000000000000000e+00, 0.000000000000000000e+00, 0.000000000000000000e+00
1.116029910162846389e-01, -3.831068563081380662e-01, -3.380502012016557006e-02, -5.749365412782857510e-01, -6.675580925669418741e-01, 7.726817952621868324e-01, 1.672374841585408944e-01, -2.724501145102850019e-01
1.052126300902626738e-01, -8.593540289137709953e-01, -8.006036948640811168e-01, 1.139128950417941599e+00, 0.000000000000000000e+00, 0.000000000000000000e+00, 0.000000000000000000e+00, -7.134026821584745770e-01
-1.844145119336055627e+00, -1.499552307581362154e+00, -1.377819337596852200e-09, 5.039843050283356241e-08, -4.561696873789087108e-10, 0.000000000000000000e+00, -0.000000000000000000e+00, -0.000000000000000000e+00
0.000000000000000000e+00, -0.000000000000000000e+00, 0.000000000000000000e+00, 0.000000000000000000e+00, 0.000000000000000000e+00, 0.000000000000000000e+00, -7.770271570079819723e-01, -2.005054761236863659e+00
-1.631487905147012141e+00, -5.657876321895755744e-09, 1.069998248443220998e-07, -1.986798023139120309e-09, 9.472685421249366555e-04, -8.150402715615566104e-04, -1.322282695605887163e-04, 4.686061588379487945e-05
-1.185698780882003459e-05, 4.912119630290507613e-05, 0.000000000000000000e+00, 0.000000000000000000e+00, 0.000000000000000000e+00, -8.270079357428984368e-01, -2.130165150112944605e+00, -1.734471034921018839e+00
-1.339806088087177407e-08, 2.561953916820512987e-07, -4.686560931422051896e-09, 3.515159581929314797e-02, -3.011340388757958661e-02, -5.038191956745395605e-03, 1.708805933210189769e-03, -4.571338240431463570e-04
1.826437062832466426e-03, 0.000000000000000000e+00, 0.000000000000000000e+00, 0.000000000000000000e+00, 2.752461861922297359e-01, 1.274688784652320828e-01, -1.563460638128841007e-01, -3.464175922687093845e-01
-1.812857547246719825e-01, -3.690749108420800506e-01, 0.000000000000000000e+00, 0.000000000000000000e+00, -0.000000000000000000e+00, -0.000000000000000000e+00, -0.000000000000000000e+00, -0.000000000000000000e+00
0.000000000000000000e+00, 0.000000000000000000e+00, 0.000000000000000000e+00, 2.995614309574923806e-01, 1.388570872995953387e-01, -1.696547027492570914e-01, -3.759254205975569030e-01, -1.964981383308423146e-01
-4.007377606704125017e-01, 9.685703150814936428e-04, 4.056454702018583484e-04, -1.374215779747528076e-03, -3.531583449982079841e-03, -1.772631177068671997e-03, -4.409900268103171192e-03, 0.000000000000000000e+00
0.000000000000000000e+00, 0.000000000000000000e+00, 5.535272159753190646e-01, 2.611536209134385778e-01, -2.938935212775396488e-01, -6.521120272885935210e-01, -3.314401318421813514e-01, -7.039590914163712521e-01
2.146355842105057421e-01, 9.879452643202574214e-02, -3.134301098879920255e-01, -7.981022329487844624e-01, -3.865866208910992974e-01, -1.002769598179984012e+00, 0.000000000000000000e+00, 0.000000000000000000e+00
0.000000000000000000e+00, -2.166695415575755138e-02, 2.080367729187305170e-01, -5.527847302958428105e-02, -4.623059994850409193e-01, -2.546840398964505536e-01, 2.022110419537205828e-01, -0.000000000000000000e+00
0.000000000000000000e+00, -0.000000000000000000e+00, -0.000000000000000000e+00, -0.000000000000000000e+00, 0.000000000000000000e+00, 0.000000000000000000e+00, 0.000000000000000000e+00, 0.000000000000000000e+00
-2.348439532715668188e-02, 2.274893754316616445e-01, -5.997728445857299084e-02, -5.037454209194871524e-01, -2.777260759466058659e-01, 2.207838009699759352e-01, -6.999884276973429218e-05, 6.658454276725817890e-04
-5.958465861552493656e-04, -5.095249402471454213e-03, -2.694544631222425130e-03, 1.675907629505736518e-03, 0.000000000000000000e+00, 0.000000000000000000e+00, 0.000000000000000000e+00, -3.734512781665278586e-02
4.543564559495592015e-01, -9.844871640884017561e-02, -9.255987833510849194e-01, -5.203629127061821791e-01, 4.264734826223942621e-01, -1.451239245476708926e-02, 1.720829586943810330e-01, -1.575705650204767827e-01
-1.398580758841523108e+00, -7.367213362501565665e-01, 4.699917462783388955e-01, 0.000000000000000000e+00, 0.000000000000000000e+00, 0.000000000000000000e+00, -8.451878004573466496e-01, -1.363073135181672280e+00
-2.003848272845304979e-01, 3.054475261012610064e-09, 9.424958590621240988e-09, -6.478587033448987533e-10, -0.000000000000000000e+00, -0.000000000000000000e+00, 0.000000000000000000e+00, -0.000000000000000000e+00
0.000000000000000000e+00, 0.000000000000000000e+00, 0.000000000000000000e+00, 0.000000000000000000e+00, 0.000000000000000000e+00, -9.197237131670249477e-01, -1.482020167278392586e+00, -2.182651034046940441e-01
1.117362618327833510e-08, 2.850811297804273138e-08, -2.478409019008503788e-09, -5.582055859760537712e-05, -1.566327714583707698e-03, 1.622148270326080870e-03, -4.303684154836588406e-05, 3.672496594623386393e-05
1.346926843561479267e-04, 0.000000000000000000e+00, 0.000000000000000000e+00, 0.000000000000000000e+00, -9.793367917785984478e-01, -1.576660366893184895e+00, -2.326490590474460662e-01, 2.690092307344380065e-08
-4.172038124840569106e-08, -5.986343372798623067e-09, -1.298102193052494109e-03, -3.453783351102707871e-02, 3.583593565194363728e-02, -9.674836680540274550e-04, 8.548421505217572479e-04, 2.912215619166987762e-03
0.000000000000000000e+00, 0.000000000000000000e+00, 0.000000000000000000e+00, -1.425992733465747175e+00, -2.269722747296546661e+00, -3.431391349459583795e-01, 1.146787553318731329e-06, -3.737108164756503172e-07
-2.203416919693363979e-07, -1.803418343128378176e-02, -4.545809128954361178e-01, 4.726150966650649043e-01, -1.190059051244726079e-02, 1.212527935853104956e-02, 3.966691402899893276e-02, 0.000000000000000000e+00
0.000000000000000000e+00, 0.000000000000000000e+00, -1.567282019508853819e-01, 2.598147621398380624e-01, -3.185749090695518676e-02, -1.670569018937366479e-01, -5.161353229270742027e-01, 1.009122618779902114e-02
-0.000000000000000000e+00, 0.000000000000000000e+00, -0.000000000000000000e+00, -0.000000000000000000e+00, -0.000000000000000000e+00, 0.000000000000000000e+00, 0.000000000000000000e+00, 0.000000000000000000e+00
0.000000000000000000e+00, -1.705859724818409029e-01, 2.830705087162392330e-01, -3.376834213671982277e-02, -1.818844395913157275e-01, -5.617885063161137671e-01, 1.134906656562763815e-02, -3.639841885117781040e-04
4.504502937836641426e-04, -8.646610659909217868e-05, -9.196914621747142313e-04, -2.311033914424952956e-03, 1.237560798728358426e-04, 0.000000000000000000e+00, 0.000000000000000000e+00, 0.000000000000000000e+00
-2.903200989055430559e-01, 4.914262420267556108e-01, -2.648815039382186945e-02, -3.119763771673738084e-01, -9.570531027360391629e-01, 3.214572131334021698e-02, -1.740528359474780296e-01, 2.182099572204157512e-01
-4.415712038716383681e-02, -4.598977296460770581e-01, -1.155096978180067513e+00, 7.930080105017051073e-02, 0.000000000000000000e+00, 0.000000000000000000e+00, 0.000000000000000000e+00, -5.995193523073778091e-02
3.888302485285584642e-01, 8.103526421944496905e-01, -3.285519573745025457e-01, -1.346923648898366577e-01, -1.244839092259503732e-01, -0.000000000000000000e+00, 0.000000000000000000e+00, 0.000000000000000000e+00
-0.000000000000000000e+00, -0.000000000000000000e+00, -0.000000000000000000e+00, 0.000000000000000000e+00, 0.000000000000000000e+00, 0.000000000000000000e+00, -6.497627847895200148e-02, 4.224679086263613548e-01
8.802882988327580538e-01, -3.568220241668749737e-01, -1.459591521536740821e-01, -1.349947040653134422e-01, -2.179904163608151744e-04, 2.004568526521097855e-05, 1.979447311518999300e-04, -3.081020002316013444e-04
-1.382332245493309009e-04, -1.360880613404404874e-04, 0.000000000000000000e+00, 0.000000000000000000e+00, 0.000000000000000000e+00, -6.880374431580417449e-02, 4.484833122425987417e-01, 9.343178474613402784e-01
-3.786321637330581358e-01, -1.545348970703717684e-01, -1.430299865343766519e-01, -2.513766742332900969e-02, 2.256395780739197266e-03, 2.288127171454447731e-02, -3.555539339219616207e-02, -1.585865380218008311e-02
-1.553604570031703880e-02, 0.000000000000000000e+00, 0.000000000000000000e+00, 0.000000000000000000e+00, -9.692430578259916829e-02, 6.537900744635253281e-01, 1.358684449106437819e+00, -5.489056402240473087e-01
-2.173598946262072229e-01, -2.032681427488580994e-01, -3.694280091297702517e-01, 3.346037301405875575e-02, 3.359676355635546341e-01, -5.081154908433858086e-01, -2.279450821872616439e-01, -2.219141292286893608e-01
0.000000000000000000e+00, 0.000000000000000000e+00, 0.000000000000000000e+00, -9.867793507573760503e-02, 6.674003783083901631e-01, 1.386703988254661235e+00, -5.600961604000428418e-01, -2.212732973956761662e-01
-2.070942547004152867e-01, -3.965770141461463782e-01, 3.591814545191004959e-02, 3.606588683770790560e-01, -5.447826839022653633e-01, -2.444579218033675339e-01, -2.378086825934580817e-01, 0.000000000000000000e+00
0.000000000000000000e+00, 0.000000000000000000e+00, 1.917926752045347738e-01, 2.795032296656601578e-01, 3.884110899222937285e-01, 5.153786027223621335e-01, -1.298429243569625136e-02, 2.423118400728785093e-01
-0.000000000000000000e+00, -0.000000000000000000e+00, 0.000000000000000000e+00, 0.000000000000000000e+00, 0.000000000000000000e+00, 0.000000000000000000e+00, 0.000000000000000000e+00, 0.000000000000000000e+00
0.000000000000000000e+00, 2.092983371500359568e-01, 3.056728798816699677e-01, 4.235346632122977684e-01, 5.619881321542317121e-01, -1.371131679861712846e-02, 2.641538093218069316e-01, -1.972143725467787989e-04
-1.106387152321135865e-04, 3.078530896786855608e-04, 3.884054976115424232e-03, 2.560624822853737695e-05, 1.827404631342178978e-03, 0.000000000000000000e+00, 0.000000000000000000e+00, 0.000000000000000000e+00
2.228380463118520838e-01, 3.261661439184889710e-01, 4.505759372893585191e-01, 5.978753181559040009e-01, -1.409839822334264629e-02, 2.809438492407203003e-01, -3.377277008275479404e-03, -1.845121616308663956e-03
5.222398688491557660e-03, 6.471149170336086554e-02, 4.962537892080193507e-04, 3.044090519190316077e-02, 0.000000000000000000e+00, 0.000000000000000000e+00, 0.000000000000000000e+00, 3.753178525309540658e-01
5.733867546675831539e-01, 7.467239290953231468e-01, 9.912663941911943333e-01, -7.364364744920412660e-03, 4.637094166467781720e-01, -7.049547202706708815e-02, -4.565590745745193302e-02, 1.161513796019357087e-01
1.305923377689828024e+00, 1.754245984055245733e-02, 6.166320389886362774e-01, 0.000000000000000000e+00, 0.000000000000000000e+00, 0.000000000000000000e+00, 3.810760069603711386e-01, 5.832558827956808578e-01
7.576353241448917641e-01, 1.005780729522985251e+00, -6.765461811771645087e-03, 4.704300818457438638e-01, -7.364097751175521789e-02, -4.782586595492548109e-02, 1.214668417133742545e-01, 1.361249444201779735e+00
1.859953162305049909e-02, 6.428879699332277209e-01, 0.000000000000000000e+00, 0.000000000000000000e+00, 0.000000000000000000e+00, -6.640096929919385715e-01, 3.082232358872881717e-01, -4.065291107083516056e-03
-2.326601041828169625e-01, 7.828223105003613569e-02, 1.886482792826129351e-01, -0.000000000000000000e+00, 0.000000000000000000e+00, 0.000000000000000000e+00, -0.000000000000000000e+00, 0.000000000000000000e+00
0.000000000000000000e+00, 0.000000000000000000e+00, 0.000000000000000000e+00, 0.000000000000000000e+00, -7.217067831014820634e-01, 3.357614554348341551e-01, -4.407803684785127976e-03, -2.531431364857070765e-01
8.495519988681156376e-02, 2.053221954430242968e-01, -2.183917520485661578e-03, 1.693465227494402991e-03, 4.904522917020317238e-04, -1.919343613564441229e-03, 4.719947391926455102e-04, 1.431537631449075840e-03
0.000000000000000000e+00, 0.000000000000000000e+00, 0.000000000000000000e+00, -1.068176839763202990e+00, 5.118814902488096896e-01, -6.331069989191457845e-03, -3.799292393588991068e-01, 1.232247637936699364e-01
3.094416898421654682e-01, -3.994728295431738685e-01, 3.110022505857928388e-01, 8.847057868852740981e-02, -3.543111158851991460e-01, 8.507763246365024346e-02, 2.605503177623806899e-01, 0.000000000000000000e+00
0.000000000000000000e+00, 0.000000000000000000e+00, -1.088056542249109304e+00, 5.225380337834059086e-01, -6.435547257144614425e-03, -3.873966927028634211e-01, 1.253306922350673758e-01, 3.156202871959136735e-01
-4.285771502738925931e-01, 3.337100152659296937e-01, 9.486713520174137881e-02, -3.803298171208265854e-01, 9.110935428004758585e-02, 2.793459731198071894e-01, 0.000000000000000000e+00, 0.000000000000000000e+00
0.000000000000000000e+00, -3.302710331603300742e-02, -7.448863268059445764e-01, -1.115137416133216847e-01, -4.206366423061100868e-01, -8.352999747987326085e-02, -1.086848705323580772e-01, 0.000000000000000000e+00
-0.000000000000000000e+00, 0.000000000000000000e+00, -0.000000000000000000e+00, -0.000000000000000000e+00, -0.000000000000000000e+00, 0.000000000000000000e+00, 0.000000000000000000e+00, 0.000000000000000000e+00
-3.592603929884299191e-02, -8.094265632473842675e-01, -1.213578469444260982e-01, -4.578572501349019719e-01, -9.082486523234226117e-02, -1.180686227552185941e-01, 7.667253042940636899e-04, -1.558785006064913577e-03
7.920597024995104001e-04, -3.229195284860418048e-03, -9.487286197236777848e-04, -5.058155902889640383e-04, 0.000000000000000000e+00, 0.000000000000000000e+00, 0.000000000000000000e+00, -6.294834025213558171e-02
-1.383982860756816535e+00, -2.141683214206469565e-01, -8.115384102545375455e-01, -1.579392175636281925e-01, -2.007199700839527312e-01, 2.325952505456009289e-01, -4.994313704919263186e-01, 2.668361195342897618e-01
-1.033535447691542819e+00, -3.127839340764422826e-01, -1.478789990330289517e-01, 0.000000000000000000e+00, 0.000000000000000000e+00, 0.000000000000000000e+00, -6.413578327703499393e-02, -1.408062454562199362e+00
-2.182801299260706818e-01, -8.273212237298911420e-01, -1.608530248793818007e-01, -2.041490136999870031e-01, 2.449875247741739315e-01, -5.270862101126385646e-01, 2.820986840900623349e-01, -1.090498363625022726e+00
-3.301937556050770217e-01, -1.555296424669375399e-01, 0.000000000000000000e+00, 0.000000000000000000e+00, 0.000000000000000000e+00, 4.323475681626033906e-01, 8.085164954655462699e-01, -3.627621450609972431e-01
-1.863804927663474872e-09, -6.210743366765952023e-09, 3.534567515649032813e-10, 0.000000000000000000e+00, 0.000000000000000000e+00, -0.000000000000000000e+00, 0.000000000000000000e+00, -0.000000000000000000e+00
-0.000000000000000000e+00, 0.000000000000000000e+00, 0.000000000000000000e+00, 0.000000000000000000e+00, -1.742396326250346961e-01, 1.233608506711162539e-02, 1.309209327799556732e-01, 1.362417769077698959e-01
3.769062543048524727e-01, -4.090277769252919637e-01, -0.000000000000000000e+00, 0.000000000000000000e+00, 0.000000000000000000e+00, 0.000000000000000000e+00, 0.000000000000000000e+00, -0.000000000000000000e+00
0.000000000000000000e+00, 0.000000000000000000e+00, 0.000000000000000000e+00, -3.227363511169159538e-01, 2.670048295380903283e-02, 2.881748382233626504e-01, 2.511614979251837187e-01, 7.476872532663139115e-01
-8.202794790143301817e-01, -1.895465006056061830e-01, 3.300301611356776244e-02, 1.565434844969979533e-01, 2.399603888862317513e-01, 1.034710849910714936e+00, -1.098047568150257725e+00, 0.000000000000000000e+00
0.000000000000000000e+00, 0.000000000000000000e+00, 7.427005030781675954e-01, -4.110472814634724692e-01, 3.060605084794050246e-01, -7.238878417900426668e-11, 1.892363738030450020e-08, 4.460300660586116620e-11
0.000000000000000000e+00, -0.000000000000000000e+00, 0.000000000000000000e+00, 0.000000000000000000e+00, -0.000000000000000000e+00, 0.000000000000000000e+00, 0.000000000000000000e+00, 0.000000000000000000e+00
0.000000000000000000e+00, 8.089414335031096526e-01, -4.468891310374015213e-01, 3.330941408639708223e-01, -2.626032701730361971e-10, -1.672885738904703150e-08, 1.921936366995726383e-10, 2.294850065749938234e-03
-2.495377030942663808e-03, 2.005269678678422930e-04, 6.825215197886064504e-05, -3.808849814431457755e-06, 1.504153716512961257e-04, 0.000000000000000000e+00, 0.000000000000000000e+00, 0.000000000000000000e+00
1.204875630552244115e+00, -6.504048689041569409e-01, 4.910868395724132252e-01, -4.724845587265044966e-08, -2.298774758227814578e-07, 4.008996312096322186e-08, 3.945038544602015862e-01, -4.265707907669237242e-01
3.206693577832190473e-02, 1.262800489416332668e-02, -2.454370164528872286e-03, 2.709411596089935162e-02, 0.000000000000000000e+00, 0.000000000000000000e+00, 0.000000000000000000e+00, 1.233746758199683269e+00
-6.646078855366568394e-01, 5.023878111021174986e-01, -5.870096234999731440e-08, -2.600426774088951109e-07, 4.997968966738676675e-08, 4.299393746448220144e-01, -4.646281409948669339e-01, 3.468876715054494686e-02
1.379186928236294206e-02, -2.801028575097920352e-03, 2.958721251408436698e-02, 0.000000000000000000e+00, 0.000000000000000000e+00, 0.000000000000000000e+00, -2.255146293780945221e-01, 9.121087344878355818e-01
5.782290190732614077e-01, 6.672564096666436931e-10, 7.840341757134005934e-09, -1.492102587110051906e-10, -0.000000000000000000e+00, 0.000000000000000000e+00, 0.000000000000000000e+00, -0.000000000000000000e+00
0.000000000000000000e+00, -0.000000000000000000e+00, 0.000000000000000000e+00, 0.000000000000000000e+00, 0.000000000000000000e+00, -2.456441317279120240e-01, 9.953801505790187409e-01, 6.305835172690665846e-01
2.893742363729197944e-09, -5.012354427399692036e-09, -6.795295003863804848e-10, -2.220003819009141663e-03, 1.888238260936871485e-03, 3.317655549656635177e-04, -1.112920367261084056e-04, 2.836102702543839049e-05
-1.117049016557976186e-04, 0.000000000000000000e+00, 0.000000000000000000e+00, 0.000000000000000000e+00, -3.832610600973082038e-01, 1.600534812292764286e+00, 1.002136177335412048e+00, 4.013103239494128587e-07
-9.506613512841299440e-07, -8.828440450848765049e-08, -5.737228810911018106e-01, 4.945631424717279456e-01, 7.915973866295634986e-02, -2.973133009537922214e-02, 7.974447944236807626e-03, -3.168270758014766347e-02
0.000000000000000000e+00, 0.000000000000000000e+00, 0.000000000000000000e+00, -3.895631232278379819e-01, 1.629787981754349468e+00, 1.019723286451623023e+00, 4.550817690145738180e-07, -1.077604020363243342e-06
-9.977280845248977273e-08, -6.078105739611504577e-01, 5.242523625964015110e-01, 8.355821064821676580e-02, -3.152156634047414280e-02, 8.482097152437919133e-03, -3.361621074710829243e-02, 0.000000000000000000e+00
0.000000000000000000e+00, 0.000000000000000000e+00, -8.140235336050341552e-02, -7.664107270076589984e-01, 2.990801969780192415e-01, -1.374699488693494343e-01, 1.884893449218981998e-01, -2.746584554884271695e-02
0.000000000000000000e+00, -0.000000000000000000e+00, 0.000000000000000000e+00, -0.000000000000000000e+00, 0.000000000000000000e+00, -0.000000000000000000e+00, 0.000000000000000000e+00, 0.000000000000000000e+00
0.000000000000000000e+00, -8.865013480186369199e-02, -8.336929825208232447e-01, 3.260481793040918008e-01, -1.498259983932367090e-01, 2.052720428225321136e-01, -2.997284779273264033e-02, 7.860090869814809937e-04
-5.309443938707035342e-03, 4.523434841453686898e-03, -2.604390767835857660e-03, 3.549437360196913433e-03, 3.605965560467804521e-07, 0.000000000000000000e+00, 0.000000000000000000e+00, 0.000000000000000000e+00
-1.295552638667194500e-01, -1.202316070267150261e+00, 4.823392207904820261e-01, -2.209738800438003914e-01, 2.999912922143102567e-01, -4.483929230073518263e-02, 5.611149635935114288e-02, -3.857792783573511519e-01
3.296677823224474224e-01, -1.869238189569437658e-01, 2.590406764066121026e-01, 8.664455319293253239e-04, 0.000000000000000000e+00, 0.000000000000000000e+00, 0.000000000000000000e+00, -1.310946367984337779e-01
6.434188957006284348e-02, 2.504215380712380146e-01, -3.818129058562586553e-01, -1.463298812661856796e-01, -3.519502846615732428e-01, -0.000000000000000000e+00, 0.000000000000000000e+00, 0.000000000000000000e+00
-0.000000000000000000e+00, -0.000000000000000000e+00, -0.000000000000000000e+00, 0.000000000000000000e+00, 0.000000000000000000e+00, 0.000000000000000000e+00, -1.426350587289643423e-01, 7.079672233458864095e-02
2.735190780671621358e-01, -4.167778658650646006e-01, -1.592267357225251034e-01, -3.840243303241587802e-01, -7.114213548200974072e-04, 1.243050474580677863e-04, 5.871163069801353706e-04, -2.746548750237255698e-03
-8.118002477118599217e-04, -2.298958948237794959e-03, 0.000000000000000000e+00, 0.000000000000000000e+00, 0.000000000000000000e+00, -2.429586654617104657e-01, 1.569644522591962521e-01, 5.133430013977496875e-01
-7.722661899359056781e-01, -2.724455808113770972e-01, -7.047239884461058423e-01, -3.072573820482903950e-01, 5.852414823235667363e-02, 2.487332339041864460e-01, -1.158337522159214039e+00, -3.248189699493385096e-01
-9.675473244338076428e-01, 0.000000000000000000e+00, 0.000000000000000000e+00, 0.000000000000000000e+00, -2.459796384174530726e-01, 1.607197340693925225e-01, 5.220500785393854537e-01, -7.849678387488056019e-01
-2.759172851925162928e-01, -7.160155844539255465e-01, -3.213180282189431747e-01, 6.123459626301058778e-02, 2.600834327308579330e-01, -1.210064577931879271e+00, -3.386675180522220607e-01, -1.010753558967155019e+00
0.000000000000000000e+00, 0.000000000000000000e+00, 0.000000000000000000e+00, 1.581732417206239971e-01, 2.609536739958041029e-01, 2.505521318132878927e-01, -1.620042340808334203e-01, 1.838252796479303841e-01
5.284123333766261865e-01, -0.000000000000000000e+00, 0.000000000000000000e+00, -0.000000000000000000e+00, -0.000000000000000000e+00, 0.000000000000000000e+00, 0.000000000000000000e+00, 0.000000000000000000e+00
0.000000000000000000e+00, 0.000000000000000000e+00, 1.730102191559909908e-01, 2.839078198796167185e-01, 2.726012401610225511e-01, -1.759022786858205623e-01, 1.996123527782042162e-01, 5.746449582666148803e-01
-2.301566456030393413e-04, 2.415282536527816628e-04, -1.137161471394439770e-05, -1.573785536485734380e-03, 1.845982926168522435e-03, 6.342136468533944235e-03, 0.000000000000000000e+00, 0.000000000000000000e+00
0.000000000000000000e+00, 3.466578025577249367e-01, 5.086813549228068609e-01, 4.885066873876549587e-01, -3.019913821443873103e-01, 3.432657258967014013e-01, 1.020430260736563843e+00, -5.566200278678319624e-02
6.820353544190980999e-02, -1.254153232720847840e-02, -3.426630620803003402e-01, 3.908366695430341431e-01, 1.364368364856914484e+00, 0.000000000000000000e+00, 0.000000000000000000e+00, 0.000000000000000000e+00
3.535915575292043478e-01, 5.165183065744691771e-01, 4.960318066127997194e-01, -3.060999156387418374e-01, 3.479638898153316062e-01, 1.035773152463579594e+00, -5.831543274691745882e-02, 7.165855201720856826e-02
-1.334311948954910315e-02, -3.572511745204427491e-01, 4.073260600069504855e-01, 1.422754059234998092e+00, 0.000000000000000000e+00, 0.000000000000000000e+00, 0.000000000000000000e+00, 3.605933171422987527e-01
5.243609948468278548e-01, 5.035623627844255656e-01, -3.101922025095565916e-01, 3.526452505725933828e-01, 1.051114074902893547e+00, -6.101930557176567932e-02, 7.518556601501696912e-02, -1.416625857715652151e-02
-3.719694405147821459e-01, 4.239695314112628677e-01, 1.481713952842092175e+00, 0.000000000000000000e+00, 0.000000000000000000e+00, 0.000000000000000000e+00, -4.465370994554063722e-01, 6.300745420193595292e-01
-3.757498115072803735e-01, -7.989008411749341878e-10, 4.451477243560611899e-09, 3.765249293168247321e-11, -0.000000000000000000e+00, 0.000000000000000000e+00, -0.000000000000000000e+00, -0.000000000000000000e+00
-0.000000000000000000e+00, -0.000000000000000000e+00, 0.000000000000000000e+00, 0.000000000000000000e+00, 0.000000000000000000e+00, 6.566380069651240881e-01, -4.512981949592893005e-01, 1.841465946228379169e-01
9.725200890205565329e-03, 1.614115212931983567e-01, 1.327963391722929848e-03, 0.000000000000000000e+00, -0.000000000000000000e+00, 0.000000000000000000e+00, 0.000000000000000000e+00, 0.000000000000000000e+00
0.000000000000000000e+00, 0.000000000000000000e+00, 0.000000000000000000e+00, 0.000000000000000000e+00, 7.188326505113290521e-01, -4.931293762145841919e-01, 2.015203142923194801e-01, 1.063868950672657195e-02
1.767004823640766775e-01, 1.469231104567099433e-03, 2.596517645389320988e-03, -2.852156236583558088e-03, 2.556385905869272166e-04, 3.028491422056512803e-04, 1.537428457506991031e-03, 1.545568985978122646e-04
0.000000000000000000e+00, 0.000000000000000000e+00, 0.000000000000000000e+00, 1.052775383132360298e+00, -7.072668525963368147e-01, 2.940001624876515396e-01, 1.545857801467642387e-02, 2.587981601743937765e-01
2.402020279071616013e-03, 3.551950601375378769e-01, -3.880466807214438263e-01, 3.285162070920621263e-02, 4.178334165265861627e-02, 2.088500518003600925e-01, 2.242436649346013847e-02, 0.000000000000000000e+00
0.000000000000000000e+00, 0.000000000000000000e+00, 1.079781167220186688e+00, -7.239003127376572033e-01, 3.014247410134998084e-01, 1.584304665483564703e-02, 2.654376778768652301e-01, 2.488799209274858166e-03
3.904714669389782178e-01, -4.264200940173771270e-01, 3.594862746085804306e-02, 4.597563424213304412e-02, 2.294441959002647136e-01, 2.463060224993946987e-02, 0.000000000000000000e+00, 0.000000000000000000e+00
0.000000000000000000e+00, 2.673995379391663207e-01, -3.420646102357202678e-01, -1.642874305233431864e-01, -4.816945787423628778e-01, 8.106026454087214561e-02, 1.422204273438836264e-01, 0.000000000000000000e+00
-0.000000000000000000e+00, -0.000000000000000000e+00, -0.000000000000000000e+00, 0.000000000000000000e+00, 0.000000000000000000e+00, 0.000000000000000000e+00, 0.000000000000000000e+00, 0.000000000000000000e+00
2.904327550052657747e-01, -3.703141493443316556e-01, -1.782630265342386444e-01, -5.226837610733380268e-01, 8.774373267784021935e-02, 1.541580032311415660e-01, 1.904108647653394732e-03, -1.424067182555781904e-03
-4.800414641211525417e-04, -5.411791821614790089e-03, 3.908133205740966197e-04, 1.967051909745151650e-03, 0.000000000000000000e+00, 0.000000000000000000e+00, 0.000000000000000000e+00, -2.853878252087125311e-01
2.618990819297686290e-01, -9.031382865213871680e-01, -5.801832677971569668e-10, -7.341383429159806506e-09, -2.143128421990723431e-10, 0.000000000000000000e+00, 0.000000000000000000e+00, -0.000000000000000000e+00
0.000000000000000000e+00, -0.000000000000000000e+00, -0.000000000000000000e+00, 0.000000000000000000e+00, 0.000000000000000000e+00, 0.000000000000000000e+00, -3.123587614663377865e-01, 2.869217290859942260e-01
-9.874968350451601706e-01, -2.287145540678473692e-09, -2.745410844422850066e-08, -8.864732411984067596e-10, 6.557622636155943066e-05, 3.616628326910922148e-03, -3.682204552658439531e-03, 9.619037815943563569e-05
-8.618941592575885197e-05, -3.020919184980894808e-04, 0.000000000000000000e+00, 0.000000000000000000e+00, 0.000000000000000000e+00, -4.539975746712099913e-01, 4.214092452442430581e-01, -1.419660531671260051e+00
-1.324711239082580421e-07, -5.396594258167966057e-07, -5.074648384742986328e-08, 5.835753291602282199e-03, 3.782930235238218253e-01, -3.841287762429327346e-01, 1.057393291984481953e-02, -9.380926977264683608e-03
-3.086468295587702776e-02, 0.000000000000000000e+00, 0.000000000000000000e+00, 0.000000000000000000e+00, -4.652395531910651916e-01, 4.322902019556383868e-01, -1.453267196893060831e+00, -1.583140235034760676e-07
-6.436071800685123312e-07, -6.081966308561592618e-08, 6.234423553295466089e-03, 4.151722038439558671e-01, -4.214066271513164930e-01, 1.163474791206827418e-02, -1.026144054082985674e-02, -3.380149595484265024e-02
0.000000000000000000e+00, 0.000000000000000000e+00, 0.000000000000000000e+00, -4.764814889003181064e-01, 4.432002270659361476e-01, -1.486778822577949244e+00, -1.873631986745895712e-07, -7.694925018727454895e-07
-7.218391609539529176e-08, 6.617444733198109968e-03, 4.526088300788186358e-01, -4.592262749760653850e-01, 1.271467692709418035e-02, -1.115433238674538516e-02, -3.677376812075371787e-02, 0.000000000000000000e+00
0.000000000000000000e+00, 0.000000000000000000e+00, -4.877233389883666170e-01, 4.541399199235672812e-01, -1.520194723756290278e+00, -2.198930808079963170e-07, -9.076037434720215238e-07, -8.496358263758530855e-08
6.981862707654014517e-03, 4.905931235085065900e-01, -4.975749865842734043e-01, 1.381594439757030841e-02, -1.206176952945472482e-02, -3.978103663501556669e-02, 0.000000000000000000e+00, 0.000000000000000000e+00
0.000000000000000000e+00, -6.035231924740211973e-01, 8.792655535458962501e-02, -5.103272085248747869e-01, -3.611305473894661083e-02, -1.586352885233179369e-02, 4.581517442675231977e-01, -0.000000000000000000e+00
0.000000000000000000e+00, -0.000000000000000000e+00, -0.000000000000000000e+00, -0.000000000000000000e+00, 0.000000000000000000e+00, 0.000000000000000000e+00, 0.000000000000000000e+00, 0.000000000000000000e+00
-6.569740701924938753e-01, 9.593319753077254874e-02, -5.563298120491746435e-01, -3.938411117884009494e-02, -1.734732291972347282e-02, 4.998497845499365599e-01, -1.430525017787778611e-03, 1.866402362324025462e-03
-4.358773393859498324e-04, -3.295469952215855408e-04, -9.686731386897752679e-05, 4.466294817139982408e-03, 0.000000000000000000e+00, 0.000000000000000000e+00, 0.000000000000000000e+00, -1.077338565500337797e+00
1.644435714922635461e-01, -9.387709206823026120e-01, -6.700973927345386938e-02, -3.107405153513717946e-02, 8.560915752197213457e-01, -3.315954081922127816e-01, 4.314823210924065289e-01, -9.988691180347972209e-02
-8.073332948756259397e-02, -2.136264178225440527e-02, 1.009345320919247779e+00, 0.000000000000000000e+00, 0.000000000000000000e+00, 0.000000000000000000e+00, -1.094297043733657215e+00, 1.674326933599598610e-01
-9.550338122508696959e-01, -6.820328280916859720e-02, -3.171470952158785689e-02, 8.716135865063950883e-01, -3.495072520984320863e-01, 4.548074724281898629e-01, -1.053002196500332360e-01, -8.512784015360606860e-02
-2.251368628282001197e-02, 1.062892038782196291e+00, 0.000000000000000000e+00, 0.000000000000000000e+00, 0.000000000000000000e+00, 1.568566444601740828e-01, 1.261382371867262986e+00, 1.083344721748373152e+00
7.851531008717986092e-10, 1.175469537314717280e-07, 1.520790195076503213e-10, -0.000000000000000000e+00, 0.000000000000000000e+00, 0.000000000000000000e+00, -0.000000000000000000e+00, 0.000000000000000000e+00
-0.000000000000000000e+00, 0.000000000000000000e+00, 0.000000000000000000e+00, 0.000000000000000000e+00, 1.698613388234873067e-01, 1.368312639165282452e+00, 1.174719328626379511e+00, 2.571868933372055660e-09
6.678798181169246900e-08, 5.085701438766352274e-10, -1.587784890430960156e-03, 1.123195032796481252e-03, 4.645898577107499786e-04, -8.855749042418940376e-05, 1.808393849317218609e-05, -5.172244195272614886e-05
0.000000000000000000e+00, 0.000000000000000000e+00, 0.000000000000000000e+00, 1.803298581931653266e-01, 1.455213195627242051e+00, 1.248812579709178250e+00, 5.820834948869960415e-09, -2.608301302390690626e-08
1.125301165862339047e-09, -3.801530092268243233e-02, 2.676736328565897452e-02, 1.124793763063401675e-02, -2.037984161667167997e-03, 4.258852091610723384e-04, -1.264494815809676011e-03, 0.000000000000000000e+00
0.000000000000000000e+00, 0.000000000000000000e+00, 1.888962168853278445e-01, 1.527109492225688481e+00, 1.309929680397689200e+00, 1.107514545907489009e-08, -4.108064695282615340e-08, 2.094605250088162360e-09
-7.533327978387929780e-02, 5.316004825208788670e-02, 2.217323156282695676e-02, -4.010597545474194753e-03, 8.599557256905506495e-04, -2.564334495046954095e-03, 0.000000000000000000e+00, 0.000000000000000000e+00
0.000000000000000000e+00, 2.597805350633690114e-01, 2.150187668767832516e+00, 1.832905110103902446e+00, 3.482484994335103701e-07, -1.230966734972184582e-06, 6.326815712379323814e-08, -5.562923696497074078e-01
4.032174666139601293e-01, 1.530749023347773574e-01, -3.247436738916836124e-02, 7.437200048047811103e-03, -2.156957570488645531e-02, 0.000000000000000000e+00, 0.000000000000000000e+00, 0.000000000000000000e+00
2.644321210467918126e-01, 2.192795519968470330e+00, 1.868271462319054610e+00, 4.031927924083743460e-07, -1.427369175004385911e-06, 7.296388220626541296e-08, -5.944684981724311923e-01, 4.313205084587086735e-01
1.631479896990649381e-01, -3.475543421704328090e-02, 8.000584092672699196e-03, -2.314481073659982804e-02, 0.000000000000000000e+00, 0.000000000000000000e+00, 0.000000000000000000e+00, 2.690687875353434677e-01
2.235499951887700121e+00, 1.903665213319623239e+00, 4.642190164781916441e-07, -1.635957850626240339e-06, 8.367425933955794441e-08, -6.332592722852735667e-01, 4.599059880530285138e-01, 1.733532852270298630e-01
-3.707267339666999589e-02, 8.577577400569759078e-03, -2.474879007040213866e-02, 0.000000000000000000e+00, 0.000000000000000000e+00, 0.000000000000000000e+00, -1.829445371286081423e-01, 1.439462832588365437e-01
4.299785311113318853e-02, 5.523857996991236030e-01, -1.310585153528167901e-01, -1.234315784683812870e-03, -0.000000000000000000e+00, 0.000000000000000000e+00, 0.000000000000000000e+00, 0.000000000000000000e+00
-0.000000000000000000e+00, 0.000000000000000000e+00, 0.000000000000000000e+00, 0.000000000000000000e+00, 0.000000000000000000e+00, -1.988764171208665110e-01, 1.576271068681963650e-01, 4.680409826760104086e-02
6.006156248035400269e-01, -1.424634310246935542e-01, -1.599898427339547201e-03, -8.137269324782489890e-04, 7.855491678880736385e-04, 2.817776396654553047e-05, 7.826652614695749077e-03, -1.582547811824290204e-03
7.728173675082374082e-05, 0.000000000000000000e+00, 0.000000000000000000e+00, 0.000000000000000000e+00, -3.641254058778590208e-01, 3.406240762818645296e-01, 8.847778466868057301e-02, 1.104924090763328870e+00
-2.606336861495651136e-01, -1.476511047473372078e-02, -1.628326688576996473e-01, 1.458587651316642364e-01, 1.697390415084912632e-02, 1.586543762348847864e+00, -3.247536354676544557e-01, 1.497087601083476813e-02
0.000000000000000000e+00, 0.000000000000000000e+00, 0.000000000000000000e+00, -6.559484137846817164e-01, -7.095858601075974992e-01, 3.741717270885151492e-01, 6.227610334222811813e-10, -2.158683235993586720e-08
-1.422228473992383315e-10, -0.000000000000000000e+00, -0.000000000000000000e+00, 0.000000000000000000e+00, -0.000000000000000000e+00, -0.000000000000000000e+00, 0.000000000000000000e+00, 0.000000000000000000e+00
0.000000000000000000e+00, 0.000000000000000000e+00, 3.653247020882460228e-01, 5.139575475925132197e-01, -6.175118564212420669e-01, -5.932656495254869302e-10, -1.093377430494001661e-08, 1.180502722951686458e-10
0.000000000000000000e+00, 0.000000000000000000e+00, -0.000000000000000000e+00, 0.000000000000000000e+00, 0.000000000000000000e+00, -0.000000000000000000e+00, 0.000000000000000000e+00, 0.000000000000000000e+00
0.000000000000000000e+00, 2.726751740710438993e-02, -2.678984741026544381e-01, 5.075731168633261792e-01, 3.047830829199797420e-01, 2.680497881761752521e-01, -1.570026928296227864e-01, -0.000000000000000000e+00
-0.000000000000000000e+00, 0.000000000000000000e+00, 0.000000000000000000e+00, 0.000000000000000000e+00, -0.000000000000000000e+00, 0.000000000000000000e+00, 0.000000000000000000e+00, 0.000000000000000000e+00
2.984984758125022730e-02, -2.919677505529038597e-01, 5.547584488949568460e-01, 3.328126183438199215e-01, 2.924566904407753243e-01, -1.710091766900146970e-01, -1.897842726348895426e-04, -1.327869889327296452e-03
1.517654160363876266e-03, 2.403962159749202087e-03, 2.059302712446161795e-03, -1.138764877801285661e-03, 0.000000000000000000e+00, 0.000000000000000000e+00, 0.000000000000000000e+00, 4.699443420503878616e-02
-4.337314208791294701e-01, 8.564446770667718534e-01, 5.077049735181413670e-01, 4.412099621690668827e-01, -2.521368304700949414e-01, -3.817549513101416853e-02, -2.734088853818360532e-01, 3.115843811589961154e-01
4.845235869192323630e-01, 4.175031842362611489e-01, -2.293663584043560688e-01, 0.000000000000000000e+00, 0.000000000000000000e+00, 0.000000000000000000e+00, 4.815962106811286225e-02, -4.424652118365459685e-01
8.764155661353912885e-01, 5.190592870582028118e-01, 4.506736310836080284e-01, -2.570631748985189868e-01, -4.121983125931220210e-02, -2.955788449065153700e-01, 3.367986763442399334e-01, 5.231147456115121663e-01
4.508683391754607084e-01, -2.475912616607658656e-01, 0.000000000000000000e+00, 0.000000000000000000e+00, 0.000000000000000000e+00, 4.933151314175850816e-02, -4.511496849802134057e-01, 8.964476743651749180e-01
5.304231045519552934e-01, 4.601220594237613315e-01, -2.619535370157832221e-01, -4.431378963555556577e-02, -3.180993464654365832e-01, 3.624131361821938402e-01, 5.622273707846269231e-01, 4.847205254449044043e-01
-2.660600079137891427e-01, 0.000000000000000000e+00, 0.000000000000000000e+00, 0.000000000000000000e+00, -4.218609399081894029e-01, 2.762432665230650786e-01, -4.122652430964242609e-01, -2.868475597176606828e-01
1.888501553530096133e-02, -3.161314029757312793e-01, -0.000000000000000000e+00, 0.000000000000000000e+00, -0.000000000000000000e+00, -0.000000000000000000e+00, -0.000000000000000000e+00, -0.000000000000000000e+00
0.000000000000000000e+00, 0.000000000000000000e+00, 0.000000000000000000e+00, -4.564883383185480703e-01, 2.997356272978959346e-01, -4.464915061640498672e-01, -3.106189171871118204e-01, 2.077158914011703605e-02
-3.427244286423237751e-01, -7.907245922129172962e-04, 1.381976539955736627e-03, -5.912519457121906278e-04, -1.808505747806214703e-03, -2.981826681485249229e-04, -2.145079588230639368e-03, 0.000000000000000000e+00
0.000000000000000000e+00, 0.000000000000000000e+00, -7.456070004835934073e-01, 5.163755760266919292e-01, -7.421620313235359756e-01, -5.147495009228462148e-01, 4.511679865126592970e-02, -5.810459995094604535e-01
-2.670904338199757144e-01, 4.618282852767403024e-01, -1.947378521490987779e-01, -6.103227205453403137e-01, -1.025810979434047948e-01, -7.134842193994443971e-01, 0.000000000000000000e+00, 0.000000000000000000e+00
0.000000000000000000e+00, -8.019390745415844179e-01, 3.182984328491368364e-01, 9.052897975514906381e-02, 2.101906133083460345e-10, -4.824987985500755375e-08, -7.079296421900592134e-10, -0.000000000000000000e+00
0.000000000000000000e+00, 0.000000000000000000e+00, -0.000000000000000000e+00, 0.000000000000000000e+00, -0.000000000000000000e+00, 0.000000000000000000e+00, 0.000000000000000000e+00, 0.000000000000000000e+00
-9.337752230782939145e-02, 1.875100095856800653e-01, 1.906747833542551951e-01, 4.077065133092008797e-01, 2.494011901781001128e-01, 3.068090732643954932e-01, -0.000000000000000000e+00, 0.000000000000000000e+00
0.000000000000000000e+00, 0.000000000000000000e+00, 0.000000000000000000e+00, 0.000000000000000000e+00, 0.000000000000000000e+00, 0.000000000000000000e+00, 0.000000000000000000e+00, -1.659450891489712698e-01
3.923152884122869111e-01, 3.836859981348716975e-01, 8.118576917258398806e-01, 5.038551873035606032e-01, 6.169235103150326749e-01, -2.430687987859729282e-01, 9.687143456015483156e-02, 1.461973658026562706e-01
1.054660223299773714e+00, 6.691251578318583304e-01, 8.453873580544464250e-01, 0.000000000000000000e+00, 0.000000000000000000e+00, 0.000000000000000000e+00, -1.678219487605789872e-01, 3.998169474274191892e-01
3.903644092694533718e-01, 8.256022924298461740e-01, 5.127169391509909246e-01, 6.276536880854347578e-01, -2.547986308043341253e-01, 1.014417402130516482e-01, 1.533568900131637158e-01, 1.104812996745807574e+00
7.017150935846964144e-01, 8.858239961293282727e-01, 0.000000000000000000e+00, 0.000000000000000000e+00, 0.000000000000000000e+00, -5.630540305281239721e-01, -5.080597877892804037e-01, -5.749657381089947616e-01
-4.500243654904498847e-01, -3.215019074021122636e-01, 1.346770386942445219e-01, 0.000000000000000000e+00, 0.000000000000000000e+00, -0.000000000000000000e+00, -0.000000000000000000e+00, -0.000000000000000000e+00
0.000000000000000000e+00, 0.000000000000000000e+00, 0.000000000000000000e+00, 0.000000000000000000e+00, -6.122499624926747153e-01, -5.517627770051218850e-01, -6.248401753080149446e-01, -4.894907747007186671e-01
-3.497786740537308647e-01, 1.469823148439075022e-01, 4.152928409820129857e-05, 3.059711609907120555e-05, -7.212640065990997369e-05, -1.802216278140844922e-03, -1.220994411994584918e-03, 3.671298791153207431e-04
0.000000000000000000e+00, 0.000000000000000000e+00, 0.000000000000000000e+00, -6.491350208213233497e-01, -5.842853065364879139e-01, -6.621077035568319058e-01, -5.191357467937546266e-01, -3.710486508464951871e-01
1.564022741335894251e-01, 1.179694520751732980e-03, 9.158808072931003087e-04, -2.095575316001560117e-03, -5.346042179083915213e-02, -3.624151177598404494e-02, 1.108591012229068890e-02, 0.000000000000000000e+00
0.000000000000000000e+00, 0.000000000000000000e+00, -6.798650704380428955e-01, -6.111683526277703615e-01, -6.930449136776588581e-01, -5.438784768274123049e-01, -3.888266524379725420e-01, 1.644170396215421937e-01
2.355067617208375305e-03, 1.784844408862369799e-03, -4.139911971585720322e-03, -1.067374061916888939e-01, -7.234054599019712484e-02, 2.228296228466771292e-02, 0.000000000000000000e+00, 0.000000000000000000e+00
0.000000000000000000e+00, -7.075165668390436258e-01, -6.351791069847950721e-01, -7.207879819567926116e-01, -5.661793757320611187e-01, -4.048725798745256288e-01, 1.717701244416952322e-01, 3.652818437499611142e-03
2.628282767553571930e-03, -6.281101168773983376e-03, -1.624489020009106943e-01, -1.100308310062065864e-01, 3.401291343241331921e-02, 0.000000000000000000e+00, 0.000000000000000000e+00, 0.000000000000000000e+00
-7.320911796378120062e-01, -6.563800302761902961e-01, -7.453705147169703560e-01, -5.860280833419654334e-01, -4.191723912786285422e-01, 1.784153252516103849e-01, 4.997693522257425774e-03, 3.398762263037291217e-03
-8.396455937278659784e-03, -2.171792660367812544e-01, -1.470137234776670854e-01, 4.555474369021003667e-02, 0.000000000000000000e+00, 0.000000000000000000e+00, 0.000000000000000000e+00, -1.038851149141469588e+00
-9.117778941539356197e-01, -1.047324223531410636e+00, -8.362063073555274784e-01, -6.007724828500473624e-01, 2.693498605441710936e-01, 3.049924082274367565e-02, 1.015430874081343741e-02, -4.065355027637339302e-02
-1.099645201202486211e+00, -7.428277724470767618e-01, 2.366908187567174915e-01, 0.000000000000000000e+00, 0.000000000000000000e+00, 0.000000000000000000e+00, -1.054162104159234614e+00, -9.240675337311404780e-01
-1.062156812880050705e+00, -8.488343219326215383e-01, -6.100122095044138160e-01, 2.743115237194206357e-01, 3.207167258287584727e-02, 1.024641974856585654e-02, -4.231809221932834875e-02, -1.150739292646109302e+00
-7.772784878531986408e-01, 2.481209442238268281e-01, 0.000000000000000000e+00, 0.000000000000000000e+00, 0.000000000000000000e+00, 6.816297234612510580e-01, -1.522641692157564730e-01, 1.908064687666615467e-01
2.984372031380853607e-01, -1.142958661923316327e-02, -2.840781418605199948e-01, 0.000000000000000000e+00, -0.000000000000000000e+00, -0.000000000000000000e+00, 0.000000000000000000e+00, -0.000000000000000000e+00
-0.000000000000000000e+00, 0.000000000000000000e+00, 0.000000000000000000e+00, 0.000000000000000000e+00, 7.421551816271819701e-01, -1.652119575860784839e-01, 2.074925003274991075e-01, 3.245468757003951432e-01
-1.273439624793006736e-02, -3.087906904196177638e-01, 2.805171828751441571e-03, -2.264684449500653594e-03, -5.404873703344213092e-04, 3.442191646522230978e-03, -1.391350819687548108e-04, -3.514542234014777448e-03
0.000000000000000000e+00, 0.000000000000000000e+00, 0.000000000000000000e+00, 7.878483073080861931e-01, -1.747819038206126496e-01, 2.199973488020272316e-01, 3.441187485510908695e-01, -1.382397156050857445e-02
-3.272631441948887221e-01, 2.811849014109167946e-02, -2.278444123454690523e-02, -5.334048924246328864e-03, 3.456344479135046999e-02, -1.419517897332756625e-03, -3.528501707478257088e-02, 0.000000000000000000e+00
0.000000000000000000e+00, 0.000000000000000000e+00, 1.132528452691293541e+00, -2.405767049598959706e-01, 3.113645922564529656e-01, 4.873207052745560097e-01, -2.532215280496838763e-02, -4.608357977838518083e-01
3.500482467041197143e-01, -2.839502706191602832e-01, -6.609797629058475343e-02, 4.254218222181129772e-01, -2.044800824695986591e-02, -4.417805692923978400e-01, 0.000000000000000000e+00, 0.000000000000000000e+00
0.000000000000000000e+00, 1.159252457395355762e+00, -2.452872197372646113e-01, 3.182648479317009560e-01, 4.981512310965447998e-01, -2.641429675367965718e-02, -4.708398649301239747e-01, 3.791319802155113106e-01
-3.075226863106585995e-01, -7.160929527406031947e-02, 4.604205232405195747e-01, -2.231082479607407118e-02, -4.787221488768514943e-01, 0.000000000000000000e+00, 0.000000000000000000e+00, 0.000000000000000000e+00
1.186064223833954046e+00, -2.499589695143295820e-01, 3.251619998382885290e-01, 5.089796163884228175e-01, -2.753767906369301854e-02, -4.808280493429752944e-01, 4.086828328750140571e-01, -3.314762814355804443e-01
-7.720655088326305870e-02, 4.959393475431845277e-01, -2.423255276894254948e-02, -5.162902261067138232e-01, 0.000000000000000000e+00, 0.000000000000000000e+00, 0.000000000000000000e+00, 4.336346689181287406e-01
-1.704637696178246953e-01, 1.390729811665540883e-01, -1.050112606485331529e-01, 9.218416339283670713e-03, 4.715771491214313937e-01, 0.000000000000000000e+00, -0.000000000000000000e+00, 0.000000000000000000e+00
-0.000000000000000000e+00, 0.000000000000000000e+00, 0.000000000000000000e+00, 0.000000000000000000e+00, 0.000000000000000000e+00, 0.000000000000000000e+00, 4.724949228116676614e-01, -1.852223180299379934e-01
1.512155663251581739e-01, -1.141740566507232768e-01, 9.854366497322269991e-03, 5.124988191327171094e-01, 7.668705198011533004e-04, -7.803950554046404278e-04, 1.352453572291889146e-05, -4.831479593768573224e-04
1.428170849878773059e-05, 2.497326628520335403e-03, 0.000000000000000000e+00, 0.000000000000000000e+00, 0.000000000000000000e+00, 7.827269605865831981e-01, -2.927216666631709541e-01, 2.417392268629822982e-01
-1.825013189638999000e-01, 1.114890225040378151e-02, 8.125108102731971593e-01, 2.818533021323414989e-01, -2.841346806185603424e-01, 2.281377411552837180e-03, -1.831183528543532946e-01, 3.814292539861611521e-03
9.261817244784323888e-01, 0.000000000000000000e+00, 0.000000000000000000e+00, 0.000000000000000000e+00, 7.987348722083712493e-01, -2.978584466067715764e-01, 2.461542414585776439e-01, -1.858401178304697199e-01
1.106615537656753349e-02, 8.269323322193908865e-01, 2.989811058733879423e-01, -3.012569005967042912e-01, 2.275794515909979922e-03, -1.943374668342340572e-01, 3.920521486966430449e-03, 9.830685743061433612e-01
0.000000000000000000e+00, 0.000000000000000000e+00, 0.000000000000000000e+00, 3.513228524755436233e-01, 3.615801871445062932e-01, -4.601082315992466865e-01, 3.378620218483043836e-01, 1.251343735159704262e-01
-5.406292751999484426e-03, 0.000000000000000000e+00, 0.000000000000000000e+00, -0.000000000000000000e+00, 0.000000000000000000e+00, 0.000000000000000000e+00, 0.000000000000000000e+00, 0.000000000000000000e+00
0.000000000000000000e+00, 0.000000000000000000e+00, 3.751823141643486070e-01, 1.487174606595405846e-01, -4.364713850419478236e-01, 2.480854865889713795e-02, 3.144698592879524579e-01, 2.681743884339153894e-01
0.000000000000000000e+00, 0.000000000000000000e+00, -0.000000000000000000e+00, 0.000000000000000000e+00, 0.000000000000000000e+00, 0.000000000000000000e+00, 0.000000000000000000e+00, 0.000000000000000000e+00
0.000000000000000000e+00, 4.075565049590474942e-01, 1.614062234811745322e-01, -4.729452047257410308e-01, 2.719039678288081782e-02, 3.414338388227181054e-01, 2.910879284615292550e-01, 1.982870853642301669e-03
6.929353402625194327e-04, -2.675806194660347928e-03, 4.246659703946325561e-04, 3.813184072700868173e-03, 3.018848844943852923e-03, 0.000000000000000000e+00, 0.000000000000000000e+00, 0.000000000000000000e+00
6.204639899286266136e-01, 2.427632564679104987e-01, -6.956346126267104468e-01, 4.633184381194199730e-02, 5.163518161424638375e-01, 4.385593865436687167e-01, 2.546049647249786219e-01, 8.750824191664773044e-02
-3.421132069911725915e-01, 5.685204990134226644e-02, 4.843246068497386037e-01, 3.854798508366699128e-01, 0.000000000000000000e+00, 0.000000000000000000e+00, 0.000000000000000000e+00, 6.333176591899839503e-01
2.475720643879595340e-01, -7.082445183190686500e-01, 4.765312348200892445e-02, 5.267987161580244271e-01, 4.473072193786108985e-01, 2.733013069152116503e-01, 9.386091005314707580e-02, -3.671622172186991828e-01
6.119902332624037322e-02, 5.195014827714737882e-01, 4.136714360322196748e-01, 0.000000000000000000e+00, 0.000000000000000000e+00, 0.000000000000000000e+00, 6.462080599480398702e-01, 2.523833553229368754e-01
-7.208009107586609288e-01, 4.899554623824366184e-02, 5.372637250583209845e-01, 4.560635287127913218e-01, 2.922717032669022719e-01, 1.002939331671464512e-01, -3.925656369483028207e-01, 6.563964639794743483e-02
5.551246169415091636e-01, 4.422549083582829610e-01, 0.000000000000000000e+00, 0.000000000000000000e+00, 0.000000000000000000e+00, -1.181640946792131608e+00, -1.137561267087420447e+00, -2.183293621186153555e+00
8.973314083141944519e-10, 3.517977504496345933e-08, -2.346087706356608800e-10, 0.000000000000000000e+00, 0.000000000000000000e+00, -0.000000000000000000e+00, 0.000000000000000000e+00, 0.000000000000000000e+00
-0.000000000000000000e+00, 0.000000000000000000e+00, 0.000000000000000000e+00, 0.000000000000000000e+00, 4.485331812428512005e-02, 1.001976900489879724e-01, -5.308618276034312577e-01, -2.550382976297607684e-01
-2.892958980582059914e-01, -2.652881190380351195e-01, 0.000000000000000000e+00, 0.000000000000000000e+00, -0.000000000000000000e+00, -0.000000000000000000e+00, -0.000000000000000000e+00, -0.000000000000000000e+00
0.000000000000000000e+00, 0.000000000000000000e+00, 0.000000000000000000e+00, 4.905000667558351291e-02, 1.091542138670666545e-01, -5.763792157622520396e-01, -2.767871966294787045e-01, -3.142650961775689811e-01
-2.882318833508111244e-01, 1.204373229156157060e-03, 1.617733054210847721e-03, -2.822106279852830153e-03, -3.172168914678076285e-03, -3.786895897343988369e-03, -4.393927239219646425e-03, 0.000000000000000000e+00
0.000000000000000000e+00, 0.000000000000000000e+00, 1.141503267339167627e+00, 1.432763829554119517e-01, 6.045235906265278986e-02, -1.658042329894313261e-11, -2.673773862006932766e-08, 1.413017476028138319e-09
0.000000000000000000e+00, -0.000000000000000000e+00, -0.000000000000000000e+00, 0.000000000000000000e+00, -0.000000000000000000e+00, -0.000000000000000000e+00, 0.000000000000000000e+00, 0.000000000000000000e+00
0.000000000000000000e+00, 5.442829192891664863e-02, -9.100364230718256675e-02, 1.277401371435024358e-01, -1.390056507919240347e-01, 5.491164396293427563e-01, 4.934619717831747326e-02, 0.000000000000000000e+00
-0.000000000000000000e+00, 0.000000000000000000e+00, -0.000000000000000000e+00, 0.000000000000000000e+00, 0.000000000000000000e+00, 0.000000000000000000e+00, 0.000000000000000000e+00, 0.000000000000000000e+00
5.930807982743434986e-02, -9.906286660553324797e-02, 1.402369800354167639e-01, -1.513648683003750439e-01, 5.981905326199962181e-01, 5.349429302044179241e-02, 2.545286821119045351e-06, -2.784896986750528538e-04
2.759444147482756804e-04, -8.920427651545339252e-04, 3.612940297812648489e-03, 4.673743335720237368e-04, 0.000000000000000000e+00, 0.000000000000000000e+00, 0.000000000000000000e+00, 9.948966690429293658e-02
-1.631405558953656076e-01, 2.683594158566787180e-01, -2.510050893899995472e-01, 9.988704989774215282e-01, 8.123539736319909665e-02, 7.589281347128167161e-03, -9.082570160416786331e-02, 8.323641994158768875e-02
-2.876773025157544628e-01, 1.181453610268327292e+00, 1.472122444326137702e-01, 0.000000000000000000e+00, 0.000000000000000000e+00, 0.000000000000000000e+00, 1.012841910251950778e-01, -1.659155498334445034e-01
2.750823072069594755e-01, -2.553887452194740781e-01, 1.016644947288915191e+00, 8.223034786657430761e-02, 8.427574695669851762e-03, -9.595555355032404921e-02, 8.752797683940090334e-02, -3.036083075466903813e-01
1.247387617173569385e+00, 1.551657135077158522e-01, 0.000000000000000000e+00, 0.000000000000000000e+00, 0.000000000000000000e+00, 5.304122306589933444e-01, 2.888468576515967889e-01, 1.803742955982621243e-01
-3.871304107571003073e-01, -3.377461763587167876e-01, 1.760969706020334424e-01, 0.000000000000000000e+00, -0.000000000000000000e+00, -0.000000000000000000e+00, -0.000000000000000000e+00, -0.000000000000000000e+00
0.000000000000000000e+00, 0.000000000000000000e+00, 0.000000000000000000e+00, 0.000000000000000000e+00, 5.764814046697338545e-01, 3.142979533147672311e-01, 1.962765506537892668e-01, -4.206517116380890098e-01
-3.672213830086782926e-01, 1.917547878215765389e-01, 2.999665425755199751e-04, -8.745574708556625744e-05, -2.125107938516769773e-04, -1.195232064512114683e-03, -9.325695785369016080e-04, 4.209764865045921892e-04
0.000000000000000000e+00, 0.000000000000000000e+00, 0.000000000000000000e+00, 6.111313642674586211e-01, 3.335686963894987644e-01, 2.083205858060997173e-01, -4.458290549054102492e-01, -3.894405564737029035e-01
2.036590035470602356e-01, 1.154353691803019187e-02, -3.372846476607833585e-03, -8.170690426696006203e-03, -4.598218185775104078e-02, -3.598577379072029347e-02, 1.633163029726577772e-02, 0.000000000000000000e+00
0.000000000000000000e+00, 0.000000000000000000e+00, 9.913716226514331931e-01, 5.537012410733137546e-01, 3.460058827072296506e-01, -7.197230254161490759e-01, -6.367610871683616613e-01, 3.427759083914845850e-01
2.483785706487131317e-01, -7.570365581014114331e-02, -1.726749154042727386e-01, -9.800598807615422681e-01, -7.570535309760826337e-01, 3.556871394231105876e-01, 0.000000000000000000e+00, 0.000000000000000000e+00
0.000000000000000000e+00, 1.007310523582454431e+00, 5.632468494804899750e-01, 3.519850682758710603e-01, -7.311233175429868725e-01, -6.472656102545005785e-01, 3.489124657338598667e-01, 2.605020636109514620e-01
-7.956540773915342368e-02, -1.809366538680410030e-01, -1.027732433070861484e+00, -7.935347114329835971e-01, 3.733884248856928489e-01, 0.000000000000000000e+00, 0.000000000000000000e+00, 0.000000000000000000e+00
-9.781933205934967290e-01, 2.950871397318082651e-02, 2.511612945748232031e-02, 6.071891927733027994e-02, -1.099110732062358320e-01, -7.554537065587822731e-02, -0.000000000000000000e+00, 0.000000000000000000e+00
0.000000000000000000e+00, 0.000000000000000000e+00, -0.000000000000000000e+00, -0.000000000000000000e+00, 0.000000000000000000e+00, 0.000000000000000000e+00, 0.000000000000000000e+00, -1.063148477669705994e+00
3.213646619627436030e-02, 2.737963034731158429e-02, 6.612292835126798440e-02, -1.194770273521136711e-01, -8.226219360329528607e-02, -1.580508668745046101e-03, 7.997345798518931421e-04, 7.807740904124326701e-04
3.592565947055807512e-04, -5.061104891442542260e-04, -4.133831942884862013e-04, 0.000000000000000000e+00, 0.000000000000000000e+00, 0.000000000000000000e+00, -2.389494097538872874e-01, -2.001695969819060617e-01
-1.544033721977237650e-01, 3.219877435213233108e-01, -4.771767330802526019e-01, -1.024717143199736363e-01, -0.000000000000000000e+00, 0.000000000000000000e+00, 0.000000000000000000e+00, 0.000000000000000000e+00
-0.000000000000000000e+00, -0.000000000000000000e+00, 0.000000000000000000e+00, 0.000000000000000000e+00, 0.000000000000000000e+00, -2.604614590968633570e-01, -2.178889694536531307e-01, -1.675156389017470049e-01
3.512232107988935148e-01, -5.202886363113431445e-01, -1.122450002123676627e-01, -2.305559347384417504e-04, 1.808571708808517930e-04, 4.969875971153953136e-05, 3.321807605798463015e-03, -5.299136097423362210e-03
-8.244207030157796757e-04, 0.000000000000000000e+00, 0.000000000000000000e+00, 0.000000000000000000e+00, -4.507171266554561018e-01, -3.660455470083037732e-01, -2.606704176462636413e-01, 6.181385608270340004e-01
-9.065482366088345456e-01, -2.151388591781103476e-01, -4.736979468552462991e-02, 3.890348557024978643e-02, 8.466308827601120093e-03, 7.561595459790356744e-01, -1.201398319143011983e+00, -2.005532686292456901e-01
0.000000000000000000e+00, 0.000000000000000000e+00, 0.000000000000000000e+00, -4.577679900292884740e-01, -3.712390295945351970e-01, -2.633293627443943907e-01, 6.283689676272048441e-01, -9.210737026972006802e-01
-2.195535740994901952e-01, -4.926628558894582260e-02, 4.062372998289444370e-02, 8.642556549338879096e-03, 7.922206389365454848e-01, -1.258620014881378424e+00, -2.107333638315240232e-01, 0.000000000000000000e+00
0.000000000000000000e+00, 0.000000000000000000e+00, -6.877916032748351838e-02, 3.445943101257707974e-01, 1.780098446327526562e-01, -3.644777799446718980e-01, -3.677879385183613903e-01, -1.261174119692799467e-01
-0.000000000000000000e+00, 0.000000000000000000e+00, 0.000000000000000000e+00, -0.000000000000000000e+00, -0.000000000000000000e+00, -0.000000000000000000e+00, 0.000000000000000000e+00, 0.000000000000000000e+00
0.000000000000000000e+00, -7.461581334738294491e-02, 3.747980890094894657e-01, 1.937492267521614964e-01, -3.956766912768250877e-01, -3.991152388465505352e-01, -1.365200565248030906e-01, -1.247280127882545886e-04
1.058570039155855205e-04, 1.887100938475078500e-05, -4.137284086765413184e-04, -3.694648847529159079e-04, -1.156043139732875678e-04, 0.000000000000000000e+00, 0.000000000000000000e+00, 0.000000000000000000e+00
-1.272779859899655919e-01, 6.750454956515372640e-01, 3.537595249269859243e-01, -6.847862347835991237e-01, -6.848449709298348731e-01, -2.213740735532849224e-01, -2.816193810188716840e-01, 2.353615366033184053e-01
4.625784461794982955e-02, -9.264024411709762541e-01, -8.232832093441860843e-01, -2.455266622880005745e-01, 0.000000000000000000e+00, 0.000000000000000000e+00, 0.000000000000000000e+00, -1.292588646622996884e-01
6.873246038205977904e-01, 3.604147113098672417e-01, -6.959283789790943198e-01, -6.956928350457197707e-01, -2.242355556104840553e-01, -2.954175934151375693e-01, 2.467415673225565043e-01, 4.867602545797186653e-02
-9.717371622551966848e-01, -8.635276801696840643e-01, -2.568353208722360392e-01, 0.000000000000000000e+00, 0.000000000000000000e+00, 0.000000000000000000e+00, -8.698761610261942501e-01, -5.468692683085950301e-02
2.778981959728020756e-01, 6.513200291869900098e-11, 1.859002544262713278e-08, -1.033248838934365475e-09, -0.000000000000000000e+00, 0.000000000000000000e+00, 0.000000000000000000e+00, -0.000000000000000000e+00
0.000000000000000000e+00, 0.000000000000000000e+00, 0.000000000000000000e+00, 0.000000000000000000e+00, 0.000000000000000000e+00, -9.462239040427191661e-01, -5.955698066869908464e-02, 3.028643759447090522e-01
2.650088755355832143e-10, -4.926834479959743328e-09, -3.833058982590690390e-09, -6.400332197556197859e-03, 8.593208005355046451e-04, 5.541011407914255525e-03, -2.322265758770866674e-04, 1.202214230994681126e-04
3.159248184399544596e-04, 0.000000000000000000e+00, 0.000000000000000000e+00, 0.000000000000000000e+00, 2.066940825962319261e-01, -1.186757092025465810e-01, 4.310884655409251698e-01, 8.793458234250450811e-02
8.067685278745503896e-02, -5.224889728332701155e-01, 0.000000000000000000e+00, -0.000000000000000000e+00, 0.000000000000000000e+00, 0.000000000000000000e+00, 0.000000000000000000e+00, -0.000000000000000000e+00
0.000000000000000000e+00, 0.000000000000000000e+00, 0.000000000000000000e+00, 2.263568209501241879e-01, -1.293071764268967361e-01, 4.701542959462895466e-01, 9.576403143612899349e-02, 8.779755095614688587e-02
-5.693794682474617730e-01, 3.959957609651854017e-04, -1.665396622630545406e-03, 1.269400853774509379e-03, 1.003446956259262165e-03, 1.004524584178148692e-03, -7.402893685806587534e-03, 0.000000000000000000e+00
0.000000000000000000e+00, 0.000000000000000000e+00, 4.520268742195520106e-01, -2.315741704470891671e-01, 8.590246151985190259e-01, 1.695583146783751771e-01, 1.531870694756077012e-01, -1.022814126310176652e+00
7.555098729122823598e-02, -3.011319180458724154e-01, 2.255809316717933555e-01, 1.822340107818828381e-01, 1.850603111331817208e-01, -1.402388039804180364e+00, 0.000000000000000000e+00, 0.000000000000000000e+00
0.000000000000000000e+00, 4.607043692350587527e-01, -2.349682163958144998e-01, 8.723551517579238856e-01, 1.719630932311690397e-01, 1.552681142544689863e-01, -1.037938940829520984e+00, 7.858955242493376181e-02
-3.135047060682535913e-01, 2.349151531337619336e-01, 1.897969865467218908e-01, 1.928810825996457867e-01, -1.462593288892151122e+00, 0.000000000000000000e+00, 0.000000000000000000e+00, 0.000000000000000000e+00
9.643466594138154768e-01, -1.833103109139136155e-01, 1.964159205692928012e-01, -1.373137845479328409e-10, -1.523031550008515432e-08, 5.608991923441916061e-10, 0.000000000000000000e+00, -0.000000000000000000e+00
-0.000000000000000000e+00, 0.000000000000000000e+00, -0.000000000000000000e+00, 0.000000000000000000e+00, 0.000000000000000000e+00, 0.000000000000000000e+00, 0.000000000000000000e+00, 1.053714134017680770e+00
-1.999138250389861649e-01, 2.143706871373064760e-01, -6.189556353030488827e-10, -2.929223072228278748e-08, 2.695295181745393715e-09, 3.824580746454555018e-03, -3.376752133671663807e-03, -4.478286114019932110e-04
1.802518980365765589e-04, -4.681747541984897194e-05, 2.080424448533298707e-04, 0.000000000000000000e+00, 0.000000000000000000e+00, 0.000000000000000000e+00, 1.634719763129254710e+00, -3.017927837607225494e-01
3.272321707241878097e-01, -6.264682066263113561e-08, -2.364880601414891767e-07, 2.875100266801405633e-07, 5.155067262014894069e-01, -4.557497882792012067e-01, -5.975693795482095450e-02, 2.626258343363272602e-02
-6.402858962834570740e-03, 3.092694240735193931e-02, 0.000000000000000000e+00, 0.000000000000000000e+00, 0.000000000000000000e+00, -5.210887664666988828e-01, 1.342943547210650457e-01, 5.545270147793949223e-01
-1.250139901025482392e-01, -1.825827500806337725e-02, -1.657846243092274408e-01, -0.000000000000000000e+00, 0.000000000000000000e+00, 0.000000000000000000e+00, -0.000000000000000000e+00, -0.000000000000000000e+00
-0.000000000000000000e+00, 0.000000000000000000e+00, 0.000000000000000000e+00, 0.000000000000000000e+00, -5.703245122913074283e-01, 1.472403450460940955e-01, 6.081559417924703448e-01, -1.370955166397464509e-01
-1.991734370790183492e-02, -1.816668975161717936e-01, -4.327492657815579409e-03, 4.432596198515014450e-04, 3.884233034816897152e-03, -2.350295419247431985e-03, -2.248467494519167673e-04, -2.210655754237449144e-03
0.000000000000000000e+00, 0.000000000000000000e+00, 0.000000000000000000e+00, -8.564851758964650008e-01, 2.261702737509822814e-01, 9.377786565442164379e-01, -2.112296732529594101e-01, -2.865802449661191895e-02
-2.770580379043774966e-01, -4.563260127568675162e-01, 4.463749426158825084e-02, 4.116885196965337501e-01, -2.452610840277306414e-01, -2.298152787122513183e-02, -2.302102890082593223e-01, 0.000000000000000000e+00
0.000000000000000000e+00, 0.000000000000000000e+00, 2.057318286902967142e-01, -5.423507804874515559e-01, -4.860494230365482865e-02, -6.136257668159848799e-02, -3.136841134949401866e-01, -3.106412001055635641e-01
0.000000000000000000e+00, -0.000000000000000000e+00, 0.000000000000000000e+00, -0.000000000000000000e+00, -0.000000000000000000e+00, -0.000000000000000000e+00, 0.000000000000000000e+00, 0.000000000000000000e+00
0.000000000000000000e+00, 2.239847068868186242e-01, -5.889385193227947290e-01, -5.249471362070233516e-02, -6.636136735161698996e-02, -3.409630506301848385e-01, -3.372513286077399863e-01, 8.772903453191796888e-04
-1.094824208959846489e-03, 2.175338660966340601e-04, -4.424168761282901976e-04, -1.676212830015347526e-03, -1.659813527432213356e-03, 0.000000000000000000e+00, 0.000000000000000000e+00, 0.000000000000000000e+00
3.593075435154419739e-01, -9.083390897205969594e-01, -7.410811171309177048e-02, -9.577311798644864982e-02, -5.339623854686872395e-01, -5.185196594173114848e-01, 2.750293700506707406e-01, -3.405394402305901291e-01
6.551007063813325815e-02, -1.299551382519841536e-01, -5.190501027615596064e-01, -5.204265418763802664e-01, 0.000000000000000000e+00, 0.000000000000000000e+00, 0.000000000000000000e+00, 3.666743491336041938e-01
-9.246328049227572343e-01, -7.497928071149419227e-02, -9.704903447214592582e-02, -5.440877778616303173e-01, -5.277201715600509102e-01, 2.929089486329023440e-01, -3.625542010148294914e-01, 6.964525238606206203e-02
-1.380288001838615997e-01, -5.524926774347198588e-01, -5.543459666699206423e-01, 0.000000000000000000e+00, 0.000000000000000000e+00, 0.000000000000000000e+00, -1.731710050752514052e-01, 3.388195451826951921e-01
-3.565821082007496201e-02, 3.603073423195178315e-01, 2.940839214308807459e-01, -1.833237320377072987e-01, -0.000000000000000000e+00, 0.000000000000000000e+00, -0.000000000000000000e+00, 0.000000000000000000e+00
0.000000000000000000e+00, -0.000000000000000000e+00, 0.000000000000000000e+00, 0.000000000000000000e+00, 0.000000000000000000e+00, -1.888647296874003956e-01, 3.705766639570999832e-01, -3.862956093652775841e-02
3.930959825542380548e-01, 3.207068503031187956e-01, -1.998196845247204312e-01, -9.629503001707661334e-04, 1.356001812545773628e-03, -3.930515119069506952e-04, 3.388042587611432566e-03, 2.347912337277193329e-03
-1.408885865117749268e-03, 0.000000000000000000e+00, 0.000000000000000000e+00, 0.000000000000000000e+00, -2.928174339803207848e-01, 5.995787948285502544e-01, -5.382298747290575197e-02, 6.126712188184478824e-01
4.966600522002713736e-01, -3.068896642230609095e-01, -2.004616227118477256e-01, 2.806526152283290165e-01, -8.019099295611108180e-02, 7.018254187295124291e-01, 4.828403830380580963e-01, -2.839129621203123066e-01
0.000000000000000000e+00, 0.000000000000000000e+00, 0.000000000000000000e+00, -2.982266820017043241e-01, 6.123616981644499635e-01, -5.440807997334697055e-02, 6.242106454024769491e-01, 5.058026844088192586e-01
-3.123611588600617162e-01, -2.137748258805807211e-01, 2.992123447843070827e-01, -8.543751968826271415e-02, 7.483142202201352733e-01, 5.145885248411550261e-01, -3.021511346239204032e-01, 0.000000000000000000e+00
0.000000000000000000e+00, 0.000000000000000000e+00, 3.210713825809600741e-01, 4.554770341651276366e-02, 1.024293853370358137e-01, 3.857960470967320976e-01, -8.030105596990654016e-02, 3.910331536866182844e-01
0.000000000000000000e+00, -0.000000000000000000e+00, -0.000000000000000000e+00, 0.000000000000000000e+00, -0.000000000000000000e+00, 0.000000000000000000e+00, 0.000000000000000000e+00, 0.000000000000000000e+00
0.000000000000000000e+00, 3.495223455729822293e-01, 4.996280898463779235e-02, 1.112961246196238901e-01, 4.191288528961781834e-01, -8.674373052340390855e-02, 4.247359287103866232e-01, 5.193234789779091487e-05
-2.984740401457565740e-05, -2.208494407076245339e-05, 2.160576146221490146e-04, -1.363165906873276443e-05, 2.461893649515408409e-04, 0.000000000000000000e+00, 0.000000000000000000e+00, 0.000000000000000000e+00
6.531653393454350809e-01, 1.093582384945619018e-01, 1.987770109025285559e-01, 7.474387805310711563e-01, -1.334469616608665032e-01, 7.537694411438790043e-01, 2.266008463582215304e-01, -1.335376401356905274e-01
-9.306320668051452916e-02, 9.575382637505825967e-01, -4.742278664110180508e-02, 1.092133598511209058e+00, 0.000000000000000000e+00, 0.000000000000000000e+00, 0.000000000000000000e+00, 6.650439971413978357e-01
1.120636437987440337e-01, 2.019685412974866479e-01, 7.594405616189976449e-01, -1.345902187929571281e-01, 7.657017834350163810e-01, 2.369108896005144571e-01, -1.396786201167490027e-01, -9.723227116700952632e-02
1.001919889749974146e+00, -4.893975459673961109e-02, 1.142944963972077899e+00, 0.000000000000000000e+00, 0.000000000000000000e+00, 0.000000000000000000e+00, 3.163833219644520134e-01, 1.729926775117343329e-01
-7.898279551756066663e-01, -1.357389404476064255e-10, 2.948298385846531247e-08, 5.963300148983541976e-11, 0.000000000000000000e+00, 0.000000000000000000e+00, -0.000000000000000000e+00, 0.000000000000000000e+00
0.000000000000000000e+00, -0.000000000000000000e+00, 0.000000000000000000e+00, 0.000000000000000000e+00, 0.000000000000000000e+00, -2.182917744098725465e-01, -6.949689505729049754e-01, 4.809093466765772540e-01
1.666268546931040637e-09, -2.904344402879708099e-10, -1.825317235386735937e-10, -0.000000000000000000e+00, -0.000000000000000000e+00, 0.000000000000000000e+00, -0.000000000000000000e+00, 0.000000000000000000e+00
0.000000000000000000e+00, 0.000000000000000000e+00, 0.000000000000000000e+00, 0.000000000000000000e+00, -2.396745143288651902e-01, -7.623336164953287142e-01, 5.286286553496070129e-01, 6.841357848169642634e-09
-3.089822834003961530e-09, -7.952861036923701093e-10, -5.449160046458155233e-04, -8.075363031234352243e-03, 8.620279041677829379e-03, -2.413972016602651939e-04, 1.823582805869412458e-04, 7.274165815274466831e-04
0.000000000000000000e+00, 0.000000000000000000e+00, 0.000000000000000000e+00, -1.306050119409269128e-01, -2.580643008312633602e-01, 2.098719992196863560e-01, 1.701829213646587347e-01, -1.135973443256652060e-01
-4.948387179397334967e-01, -0.000000000000000000e+00, -0.000000000000000000e+00, 0.000000000000000000e+00, 0.000000000000000000e+00, -0.000000000000000000e+00, -0.000000000000000000e+00, 0.000000000000000000e+00
0.000000000000000000e+00, 0.000000000000000000e+00, -1.411397914201796555e-01, -2.803212760580418572e-01, 2.282547647833216842e-01, 1.852788494301599032e-01, -1.237441848303168362e-01, -5.377969739194825571e-01
-5.657637760458196307e-05, -1.774938448372289322e-04, 2.340702221262548220e-04, 3.935612708751931067e-04, -2.955312229799970155e-04, -1.006329694386928850e-03, 0.000000000000000000e+00, 0.000000000000000000e+00
0.000000000000000000e+00, -2.094073971591728645e-01, -4.625582823638804686e-01, 3.860879725932206408e-01, 3.202029909203762403e-01, -2.158667678475331697e-01, -8.970736509907292211e-01, -6.006773967834128786e-02
-1.784035546850754050e-01, 2.384712932553146036e-01, 4.115602697764764728e-01, -3.146886228727813761e-01, -1.035396128661287829e+00, 0.000000000000000000e+00, 0.000000000000000000e+00, 0.000000000000000000e+00
-2.117882017747275969e-01, -4.710278462844399994e-01, 3.937534677830209495e-01, 3.270000944495927153e-01, -2.205640755541191655e-01, -9.141250282308501784e-01, -6.389420555026395498e-02, -1.887747588066869264e-01
2.526689642756018150e-01, 4.365976558423640408e-01, -3.341852835526702425e-01, -1.097888774202969264e+00, 0.000000000000000000e+00, 0.000000000000000000e+00, 0.000000000000000000e+00, -2.536614230413953286e-01
-5.617225672860556157e-02, 2.320877050259318175e-01, 4.980023786326511215e-01, -6.130109664332705939e-03, -1.767446307976085484e-01, -0.000000000000000000e+00, -0.000000000000000000e+00, 0.000000000000000000e+00
0.000000000000000000e+00, 0.000000000000000000e+00, -0.000000000000000000e+00, 0.000000000000000000e+00, 0.000000000000000000e+00, 0.000000000000000000e+00, -2.755121470584762644e-01, -6.021226115146804947e-02
2.523547792459598926e-01, 5.414687536500629728e-01, -7.013438880510512903e-03, -1.921161735201551979e-01, -3.085595035664197620e-04, -5.344561659661319173e-05, 3.620051200934898275e-04, 1.654301356151281592e-03
1.418052134167391439e-04, -7.071963671549479340e-04, 0.000000000000000000e+00, 0.000000000000000000e+00, 0.000000000000000000e+00, -4.642438642048017372e-01, -7.314169447609132624e-02, 4.350565802600219745e-01
9.327776076149311146e-01, -2.473306286454556024e-02, -3.293718660280805510e-01, -2.156016787251953393e-01, -4.266605073955771765e-02, 2.582677299846557473e-01, 1.131688516293365643e+00, 9.270360270472328967e-02
-4.955676865540916687e-01, 0.000000000000000000e+00, 0.000000000000000000e+00, 0.000000000000000000e+00, -4.724885012213357327e-01, -7.277126503779524080e-02, 4.433645341572284848e-01, 9.505570219562814449e-01
-2.592885128121382235e-02, -3.355798314549467420e-01, -2.281182369491760731e-01, -4.535272194448924238e-02, 2.734709578188639356e-01, 1.195736390821891648e+00, 9.760999529253888696e-02, -5.239612560110034067e-01
0.000000000000000000e+00, 0.000000000000000000e+00, 0.000000000000000000e+00, -4.966322681194352828e-01, 3.336232799073199917e-01, -4.734480152487293564e-02, -8.638839182238780556e-02, 3.485122722243754745e-01
-2.049819581819387337e-01, -0.000000000000000000e+00, 0.000000000000000000e+00, 0.000000000000000000e+00, -0.000000000000000000e+00, 0.000000000000000000e+00, -0.000000000000000000e+00, 0.000000000000000000e+00
0.000000000000000000e+00, 0.000000000000000000e+00, -5.394772044351273665e-01, 3.630126298945438035e-01, -5.110006192976808415e-02, -9.415508057316844537e-02, 3.787506206693808108e-01, -2.231417233186480109e-01
-8.784025831362132775e-04, 8.524707776578846225e-04, 2.593180600690495605e-05, -4.323155000301677270e-04, 1.316748766462998068e-03, -9.139109415200471305e-04, 0.000000000000000000e+00, 0.000000000000000000e+00
0.000000000000000000e+00, -8.415243259835956113e-01, 5.818183027733778712e-01, -7.149566963161456401e-02, -1.548192343876180765e-01, 5.952808672300066162e-01, -3.605428862528921585e-01, -3.751936309966248939e-01
3.681797750330067509e-01, 7.013856320431543882e-03, -1.926508704513378578e-01, 5.633478721537628076e-01, -3.874189620875126971e-01, 0.000000000000000000e+00, 0.000000000000000000e+00, 0.000000000000000000e+00
2.113222511802443915e-01, 1.223836210813944586e-01, 2.626356597461395603e-01, 9.878694157162173917e-02, 1.827345297194536700e-01, 5.261387051037109686e-01, 0.000000000000000000e+00, -0.000000000000000000e+00
0.000000000000000000e+00, 0.000000000000000000e+00, 0.000000000000000000e+00, 0.000000000000000000e+00, 0.000000000000000000e+00, 0.000000000000000000e+00, 0.000000000000000000e+00, 2.315631467170193858e-01
1.335276489433869229e-01, 2.866654862264499948e-01, 1.081132526689633222e-01, 1.995455468334512705e-01, 5.739515121319733737e-01, 1.029881261918854567e-04, -6.788118809734178900e-04, 5.758237511543592459e-04
1.558758858219331904e-03, 2.439961080912927439e-03, 7.647258243303521955e-03, 0.000000000000000000e+00, 0.000000000000000000e+00, 0.000000000000000000e+00, 4.199607485183757261e-01, 2.241000600544807986e-01
4.846502227191288870e-01, 1.918894057602344161e-01, 3.405310702485573882e-01, 9.600429951945753659e-01, 1.234263692607073283e-02, -1.003057157512384501e-01, 8.796307849278738045e-02, 2.520304384115394924e-01
3.858112559946705877e-01, 1.193072503861597244e+00, 0.000000000000000000e+00, 0.000000000000000000e+00, 0.000000000000000000e+00, 4.286425245941037909e-01, 2.278550850010637729e-01, 4.929570207300758011e-01
1.956603134402383481e-01, 3.465466234237785104e-01, 9.759502162799591485e-01, 1.274635570593609692e-02, -1.052407973246887590e-01, 9.249444206652367162e-02, 2.654778957535334216e-01, 4.059644069568252855e-01
1.254763311920911839e+00, 0.000000000000000000e+00, 0.000000000000000000e+00, 0.000000000000000000e+00, 1.032969100829248810e-01, -8.523803348165515104e-02, -5.689818005635078890e-01, -6.208871406235476342e-02
5.630215479836950254e-02, -4.721374542831914822e-01, 0.000000000000000000e+00, 0.000000000000000000e+00, -0.000000000000000000e+00, -0.000000000000000000e+00, 0.000000000000000000e+00, -0.000000000000000000e+00
0.000000000000000000e+00, 0.000000000000000000e+00, 0.000000000000000000e+00, 1.131803904654144349e-01, -9.274264107701479798e-02, -6.186337082522262998e-01, -6.756384224921833936e-02, 6.138344149885190115e-02
-5.137979496674641711e-01, 1.297379843854258152e-03, 5.459271365769543692e-04, -1.843306979792925246e-03, -6.180632528351142491e-04, 2.764192932807753409e-04, -3.957085881097790157e-03, 0.000000000000000000e+00
0.000000000000000000e+00, 0.000000000000000000e+00, 2.192068082215671843e-01, -1.583261718943783924e-01, -1.041094681561029134e+00, -1.156113584041119219e-01, 1.090523781470531528e-01, -8.803876194298915214e-01
3.258346851479104189e-01, 1.465571236017763623e-01, -4.723918095917892246e-01, -1.565132861341858861e-01, 7.261164587721041785e-02, -9.804633789670259558e-01, 0.000000000000000000e+00, 0.000000000000000000e+00
0.000000000000000000e+00, 2.244078896896913311e-01, -1.610617586731204476e-01, -1.058277829834760819e+00, -1.176332924439680155e-01, 1.111764796890899049e-01, -8.957758903952528495e-01, 3.429690993789129561e-01
1.545901589957383304e-01, -4.975592582565213085e-01, -1.648854746867153831e-01, 7.668519240086082989e-02, -1.032475202279208082e+00, 0.000000000000000000e+00, 0.000000000000000000e+00, 0.000000000000000000e+00
-3.927695517123661051e-01, 4.894863223980885358e-01, -2.941662248136346913e-01, 9.681076136288048473e-02, -2.655328672508852073e-01, 1.799332821795678050e-01, -0.000000000000000000e+00, 0.000000000000000000e+00
-0.000000000000000000e+00, 0.000000000000000000e+00, -0.000000000000000000e+00, 0.000000000000000000e+00, 0.000000000000000000e+00, 0.000000000000000000e+00, 0.000000000000000000e+00, -4.278567359904893452e-01
5.341147055913602060e-01, -3.203292393863015342e-01, 1.053356472841494446e-01, -2.892682638144776774e-01, 1.962487237623510017e-01, -8.265629872652773208e-04, 1.389827212932199163e-03, -5.632642265883476464e-04
4.380258843896854353e-04, -1.352821212415815117e-03, 8.490293242035411346e-04, 0.000000000000000000e+00, 0.000000000000000000e+00, 0.000000000000000000e+00, -6.154097702313932050e-01, 7.834073066769476901e-01
-4.588594891433038780e-01, 1.494895070598447340e-01, -4.163367454198647621e-01, 2.863796398354757078e-01, -2.124354182408965397e-01, 3.582584740749631402e-01, -1.458230555335701117e-01, 1.102847255632299905e-01
-3.470447513392723171e-01, 2.149034498199520193e-01, 0.000000000000000000e+00, 0.000000000000000000e+00, 0.000000000000000000e+00, -6.276988960813714158e-01, 8.003585071078908042e-01, -4.678644424551357539e-01
1.523048820984607699e-01, -4.246754373294601148e-01, 2.924546355318691226e-01, -2.301696837968021936e-01, 3.882074575564406493e-01, -1.580377734217777164e-01, 1.193630244008178215e-01, -3.758820614048142272e-01
2.325883382716557035e-01, 0.000000000000000000e+00, 0.000000000000000000e+00, 0.000000000000000000e+00, -6.399624640018286570e-01, 8.173496070200962915e-01, -4.768419969815513859e-01, 1.551051878050979382e-01
-4.329983749374410884e-01, 2.985378294585863124e-01, -2.481540036789413040e-01, 4.185930258449396812e-01, -1.704390221394069538e-01, 1.285568208095743681e-01, -4.051236838471767299e-01, 2.505024135061807988e-01
0.000000000000000000e+00, 0.000000000000000000e+00, 0.000000000000000000e+00, 2.752452229536799799e-01, 5.292604114064601850e-01, -6.774731243632621525e-02, -3.900438006694823545e-01, 3.010781463779856337e-01
-1.445916530871932670e-01, 0.000000000000000000e+00, 0.000000000000000000e+00, -0.000000000000000000e+00, -0.000000000000000000e+00, 0.000000000000000000e+00, -0.000000000000000000e+00, 0.000000000000000000e+00
0.000000000000000000e+00, 0.000000000000000000e+00, 3.005728100294667304e-01, 5.785847751776490577e-01, -7.360414530384366827e-02, -4.257296912195505101e-01, 3.289031327444534858e-01, -1.583405990673240615e-01
3.650537287834182735e-04, 2.239093675965301254e-03, -2.604147395818669740e-03, -6.512224650747629878e-03, 4.819013908357579722e-03, -2.365751238778697474e-03, 0.000000000000000000e+00, 0.000000000000000000e+00
0.000000000000000000e+00, 4.727004137022887131e-01, 9.244589082565690674e-01, -1.068534115643969273e-01, -6.647175662995258305e-01, 5.201821235330378324e-01, -2.594874536806207055e-01, 3.960309112227763939e-02
2.360885441346902702e-01, -2.756916360098917163e-01, -6.958196358074169030e-01, 5.116681468547649159e-01, -2.563378156605298219e-01, 0.000000000000000000e+00, 0.000000000000000000e+00, 0.000000000000000000e+00
4.820908336764438418e-01, 9.438208593193148088e-01, -1.083589534177126640e-01, -6.775895584986302289e-01, 5.307244055703284058e-01, -2.653672116256231006e-01, 4.234986862949176312e-02, 2.518970829448069493e-01
-2.942469516951503605e-01, -7.430415676892161425e-01, 5.461046851573587713e-01, -2.739164924902397491e-01, 0.000000000000000000e+00, 0.000000000000000000e+00, 0.000000000000000000e+00, -1.342739661717612387e-01
-3.070295585684415171e-02, 5.323513903994710195e-02, 1.867777556401326589e-01, -2.882112272352434501e-01, 4.769159308915727480e-01, -0.000000000000000000e+00, 0.000000000000000000e+00, 0.000000000000000000e+00
0.000000000000000000e+00, -0.000000000000000000e+00, 0.000000000000000000e+00, 0.000000000000000000e+00, 0.000000000000000000e+00, 0.000000000000000000e+00, -2.351569469356692699e-01, -5.922314894396959323e-02
1.232249671440304450e-01, 3.662270211510835205e-01, -5.803714328503946085e-01, 9.816817853254022896e-01, -6.913897153584332156e-02, 3.122883941516697154e-02, 3.791013107411486671e-02, 4.029394240407738192e-01
-7.408789465585730039e-01, 1.471347151754635929e+00, 0.000000000000000000e+00, 0.000000000000000000e+00, 0.000000000000000000e+00, -1.079184986773772392e+00, -9.023504858194687506e-01, 2.928317701807367848e-02
7.778154174232081869e-10, 2.291822188532644549e-09, -2.276083117092244671e-10, -0.000000000000000000e+00, -0.000000000000000000e+00, 0.000000000000000000e+00, -0.000000000000000000e+00, -0.000000000000000000e+00
0.000000000000000000e+00, 0.000000000000000000e+00, 0.000000000000000000e+00, 0.000000000000000000e+00, -1.168273165008801850e+00, -9.772603919500773006e-01, 3.175510132477555453e-02, 2.918493319955356053e-09
-2.214521046207139991e-08, -8.537552858630194978e-10, -2.285941427173285561e-03, -8.557337300099976700e-04, 3.141675153831384720e-03, -6.811651761675952292e-05, 3.772923469394410538e-06, 3.654288522196051593e-04
0.000000000000000000e+00, 0.000000000000000000e+00, 0.000000000000000000e+00, -2.016756611245687836e+00, -1.704074651137945207e+00, 5.690212398307963049e-02, -3.890096900639754996e-07, 9.978061668734655911e-08
6.824955068792320911e-08, -5.608093501582758211e-01, -2.029496967874507840e-01, 7.637590474575159938e-01, -1.362434694044990791e-02, -2.091482793988862048e-03, 9.440716165295336137e-02, 0.000000000000000000e+00
0.000000000000000000e+00, 0.000000000000000000e+00, -7.388472920154098844e-01, 1.904449546362762535e-01, 3.774761918521103987e-01, -1.102024061809974037e-10, -1.354546300333475238e-08, -9.411068034257766581e-10
-0.000000000000000000e+00, 0.000000000000000000e+00, 0.000000000000000000e+00, -0.000000000000000000e+00, 0.000000000000000000e+00, 0.000000000000000000e+00, 0.000000000000000000e+00, 0.000000000000000000e+00
0.000000000000000000e+00, 7.505673044222227475e-02, -1.970940592379807205e-02, 2.430873541319618913e-01, -5.275050482839320765e-01, -1.404686282039897816e-01, 5.324062949968088460e-02, 0.000000000000000000e+00
-0.000000000000000000e+00, 0.000000000000000000e+00, -0.000000000000000000e+00, -0.000000000000000000e+00, 0.000000000000000000e+00, 0.000000000000000000e+00, 0.000000000000000000e+00, 0.000000000000000000e+00
8.183462806502105058e-02, -2.046408192225440681e-02, 2.651371260440308353e-01, -5.752201187073427979e-01, -1.532311215852845687e-01, 5.829899112267838274e-02, 3.761512198347612726e-05, -6.066181310873185835e-04
5.690030066794832470e-04, -4.751190047422354859e-03, -1.305233683348198817e-03, 4.396822965148668551e-04, 0.000000000000000000e+00, 0.000000000000000000e+00, 0.000000000000000000e+00, 1.506968516634477895e-01
9.772699253360574850e-03, 4.925009165741014994e-01, -1.062358707680085779e+00, -2.862860130484364829e-01, 1.189927217119317593e-01, 1.331622534118493371e-02, -2.163627124900131815e-01, 2.030464849581238573e-01
-1.571991568610296541e+00, -4.391786847933160098e-01, 1.602606508436730803e-01, 0.000000000000000000e+00, 0.000000000000000000e+00, 0.000000000000000000e+00, 5.040881197901999622e-01, 4.512044825510457269e-01
1.218794641649664889e+00, 2.032428844935526002e-01, -3.735022120805104873e-01, -6.222412934847886684e-02, -0.000000000000000000e+00, -0.000000000000000000e+00, 0.000000000000000000e+00, 0.000000000000000000e+00
-0.000000000000000000e+00, -0.000000000000000000e+00, 0.000000000000000000e+00, 0.000000000000000000e+00, 0.000000000000000000e+00, 5.481138581361231221e-01, 4.907311262786277495e-01, 1.327206498269062118e+00
2.213216091602732138e-01, -4.061522315852659770e-01, -6.789762046069507118e-02, -1.074238850201296013e-03, -1.055347411300129904e-03, 2.129586261066022685e-03, 1.686947876205098333e-03, -3.363749813867188132e-03
-4.667809991170497001e-04, 0.000000000000000000e+00, 0.000000000000000000e+00, 0.000000000000000000e+00, 5.832692825141734261e-01, 5.223359249303597407e-01, 1.414426678687142003e+00, 2.358668323415605561e-01
-4.322334350971043238e-01, -7.250540584672900135e-02, -1.439507875762185106e-02, -1.422036406215014190e-02, 2.861544278976477923e-02, 2.256845797868171910e-02, -4.505934239557371490e-02, -6.280480083672404686e-03
0.000000000000000000e+00, 0.000000000000000000e+00, 0.000000000000000000e+00, 6.117702268842790669e-01, 5.480017371689279715e-01, 1.485747943276666927e+00, 2.477612658444386384e-01, -4.533852546277615247e-01
-7.631295405090170181e-02, -2.782657494202424309e-02, -2.738179081820002816e-02, 5.520836582284424643e-02, 4.343899413705933771e-02, -8.694450915857025730e-02, -1.207261914228193594e-02, 0.000000000000000000e+00
0.000000000000000000e+00, 0.000000000000000000e+00, 6.358357360015337578e-01, 5.697080824300465585e-01, 1.546464679213284565e+00, 2.578878997448458832e-01, -4.712518313552169769e-01, -7.958524664693407413e-02
-4.118470348453801694e-02, -4.033002015563347947e-02, 8.151472374225864070e-02, 6.401278602883668511e-02, -1.284399472053218416e-01, -1.774195255350639183e-02, 0.000000000000000000e+00, 0.000000000000000000e+00
0.000000000000000000e+00, 6.576741947810808009e-01, 5.894320399451030701e-01, 1.601948589620237007e+00, 2.671423746516745079e-01, -4.874701142762783990e-01, -8.259866888271141794e-02, -5.467537096204302949e-02
-5.334012018472122918e-02, 1.080154913017484924e-01, 8.467394637408470759e-02, -1.702502727751304401e-01, -2.340864842982762900e-02, 0.000000000000000000e+00, 0.000000000000000000e+00, 0.000000000000000000e+00
8.807953476053655972e-01, 7.921286825597224635e-01, 2.187027561911146556e+00, 3.647927803557530213e-01, -6.534271261779658335e-01, -1.153181914001592395e-01, -2.300704228086733472e-01, -2.236098867438135462e-01
4.536803091105338082e-01, 3.489099134363556898e-01, -7.131769015057474181e-01, -9.888308926095375206e-02, 0.000000000000000000e+00, 0.000000000000000000e+00, 0.000000000000000000e+00, 8.958382226320745767e-01
8.058731120213197263e-01, 2.227703798739946617e+00, 3.715872510329333855e-01, -6.646339143828022822e-01, -1.176471630790849321e-01, -2.436698201284722698e-01, -2.369900214624694468e-01, 4.806598412554916044e-01
3.692043931007855662e-01, -7.553936599053897583e-01, -1.049745743223045452e-01, 0.000000000000000000e+00, 0.000000000000000000e+00, 0.000000000000000000e+00, 2.707893670435736894e-02, -1.361993623036276448e-02
4.577298885933190481e-02, -3.620835113947212108e-02, 1.128392006684296317e-01, 5.583504724736149116e-01, 0.000000000000000000e+00, -0.000000000000000000e+00, 0.000000000000000000e+00, -0.000000000000000000e+00
0.000000000000000000e+00, 0.000000000000000000e+00, 0.000000000000000000e+00, 0.000000000000000000e+00, 0.000000000000000000e+00, 3.062994237477036780e-02, -1.484463116834384457e-02, 4.994388669845977596e-02
-3.926765296250830928e-02, 1.229471263356699123e-01, 6.086388453854297831e-01, 5.988558357936436431e-05, -1.313377450563434773e-04, 7.145216102082717141e-05, -8.031086633015715689e-05, 5.805578101433986468e-04
3.147193759552430452e-03, 0.000000000000000000e+00, 0.000000000000000000e+00, 0.000000000000000000e+00, 1.005046741748048117e-01, -2.644878872074991547e-02, 9.112539565987552714e-02, -6.204061099944349622e-02
2.176975418458589329e-01, 1.086824110632609530e+00, 2.329410252682762722e-02, -5.161693068028312681e-02, 2.832282803329423670e-02, -3.845867125205030407e-02, 2.704393179434539385e-01, 1.486274142669274489e+00
0.000000000000000000e+00, 0.000000000000000000e+00, 0.000000000000000000e+00, 1.044226469760599352e-01, -2.688862484788337448e-02, 9.274148519075506303e-02, -6.268478213093826856e-02, 2.212640074949960012e-01
1.104971182425762866e+00, 2.414258301825019173e-02, -5.360344897576396067e-02, 2.946086650993335124e-02, -4.005962820408105057e-02, 2.833379342737865070e-01, 1.557633552476151095e+00, 0.000000000000000000e+00
0.000000000000000000e+00, 0.000000000000000000e+00, -3.098012346848489362e-01, 1.581804339017957306e-01, 8.455177845792023472e-01, -2.385215200230297609e-10, 2.714978886996237415e-08, -1.883532322986601832e-10
-0.000000000000000000e+00, -0.000000000000000000e+00, 0.000000000000000000e+00, -0.000000000000000000e+00, 0.000000000000000000e+00, 0.000000000000000000e+00, 0.000000000000000000e+00, 0.000000000000000000e+00
0.000000000000000000e+00, -3.355708198231809325e-01, 1.714747847996802299e-01, 9.174862598529793800e-01, -9.549039831244514540e-10, 4.204135839036629144e-08, -7.191461651825458581e-10, -3.071145164380837886e-03
-2.070300950813370924e-04, 3.278175261694115088e-03, -9.046312284199204898e-05, 3.927720546640892541e-05, 2.962894677590542907e-04, 0.000000000000000000e+00, 0.000000000000000000e+00, 0.000000000000000000e+00
-4.890187021901190589e-01, 2.525741835823000492e-01, 1.369308756257567872e+00, -6.439407907303344005e-08, 6.383382852555872781e-07, -3.756013585473853189e-08, -4.099904628336105139e-01, -2.868043275814312343e-02
4.386708955693869316e-01, -1.114618652856449663e-02, 6.450292738163204871e-03, 3.921384588042794994e-02, 0.000000000000000000e+00, 0.000000000000000000e+00, 0.000000000000000000e+00, 3.266968241435178055e-01
-2.928918174016653664e-01, -7.628809714499193428e-02, 1.199037099217172692e-01, -3.466086987969869693e-01, 3.258086111741094193e-01, 0.000000000000000000e+00, -0.000000000000000000e+00, -0.000000000000000000e+00
0.000000000000000000e+00, -0.000000000000000000e+00, 0.000000000000000000e+00, 0.000000000000000000e+00, 0.000000000000000000e+00, 0.000000000000000000e+00, 3.562493681463765327e-01, -3.186824653562860266e-01
-8.265425309835935930e-02, 1.301574699053951734e-01, -3.774223789251290317e-01, 3.544038030849862575e-01, 1.122282850029243878e-03, -8.954957045368127375e-04, -2.267871499594596675e-04, 8.516203349450671058e-04
-2.163175870326193313e-03, 2.227463429367690113e-03, 0.000000000000000000e+00, 0.000000000000000000e+00, 0.000000000000000000e+00, 6.026701056037283566e-01, -5.184669167553853653e-01, -1.241045751823940529e-01
2.028549990322043028e-01, -6.228313734203876351e-01, 5.739724037058531181e-01, 3.445141674143881727e-01, -2.731126445655902568e-01, -7.140152322556320152e-02, 2.582513234010130332e-01, -6.550320676758382143e-01
6.832005776399233676e-01, 0.000000000000000000e+00, 0.000000000000000000e+00, 0.000000000000000000e+00, -1.856482193060512154e-01, -4.348786593972258641e-01, 1.293615887023090993e-01, -3.160393601809739494e-01
3.018315059504239062e-01, 2.501522593833199748e-01, -0.000000000000000000e+00, -0.000000000000000000e+00, 0.000000000000000000e+00, -0.000000000000000000e+00, 0.000000000000000000e+00, 0.000000000000000000e+00
0.000000000000000000e+00, 0.000000000000000000e+00, 0.000000000000000000e+00, -2.018589247505210016e-01, -4.728151889268209507e-01, 1.412080422227572907e-01, -3.439220552392245334e-01, 3.282605241999395074e-01
2.718470457818411012e-01, -3.173160773769333610e-04, -1.542043169961816208e-03, 1.859359240984458182e-03, -3.392153995651108617e-03, 3.445538828918454435e-03, 2.510451904304977604e-03, 0.000000000000000000e+00
0.000000000000000000e+00, 0.000000000000000000e+00, -3.329791087758252055e-01, -7.783407575262769607e-01, 2.504889219591208138e-01, -5.762401241156630549e-01, 5.437482041648791231e-01, 4.436355680798371726e-01
-6.406781924606784473e-02, -3.022456282612556167e-01, 3.663134460183481989e-01, -6.500757141355009150e-01, 6.731648774329279661e-01, 4.842779063348852109e-01, 0.000000000000000000e+00, 0.000000000000000000e+00
0.000000000000000000e+00, -3.390214185774292899e-01, -7.923453898281231922e-01, 2.560967469588679712e-01, -5.872337583320821341e-01, 5.537500879704384538e-01, 4.513907086706710481e-01, -6.789236777110320420e-02
-3.200636191844327127e-01, 3.879559868032106396e-01, -6.877709752241574215e-01, 7.126438388251101763e-01, 5.123249471757647111e-01, 0.000000000000000000e+00, 0.000000000000000000e+00, 0.000000000000000000e+00
-3.957660798142452752e-01, 2.518273526266991968e-01, 2.544829370925563161e-01, 3.092890486399759928e-02, 3.297319245979905555e-01, 3.100599177487192715e-01, -0.000000000000000000e+00, 0.000000000000000000e+00
0.000000000000000000e+00, 0.000000000000000000e+00, 0.000000000000000000e+00, 0.000000000000000000e+00, 0.000000000000000000e+00, 0.000000000000000000e+00, 0.000000000000000000e+00, -4.310993394338871743e-01
2.748088972959279452e-01, 2.781471396246690264e-01, 3.414686813015939404e-02, 3.594939836880783890e-01, 3.384359407815681342e-01, -3.884464368281817168e-03, 1.600853303045386916e-03, 2.283611052730674055e-03
1.491027890167013472e-03, 6.601055846307414543e-03, 5.799654317223941133e-03, 0.000000000000000000e+00, 0.000000000000000000e+00, 0.000000000000000000e+00, -6.850276437694765574e-01, 4.498837754727833538e-01
4.674216095858473863e-01, 6.670674188496808488e-02, 5.800953900873270230e-01, 5.566835132446560364e-01, -4.003127445861822675e-01, 1.624629408646240947e-01, 2.378498041029807608e-01, 1.699845180100554576e-01
6.935783931167155414e-01, 5.959647093895298342e-01, 0.000000000000000000e+00, 0.000000000000000000e+00, 0.000000000000000000e+00, -1.316196210728382221e+00, -1.691266660789148835e-01, -8.180609479864626721e-01
-6.015242912302968112e-11, 3.856891641915187745e-08, -1.772235870826897231e-10, -0.000000000000000000e+00, 0.000000000000000000e+00, -0.000000000000000000e+00, -0.000000000000000000e+00, 0.000000000000000000e+00
-0.000000000000000000e+00, 0.000000000000000000e+00, 0.000000000000000000e+00, 0.000000000000000000e+00, -1.436107680071750492e+00, -1.848791268372997620e-01, -8.933612868092511983e-01, -2.325408483057909954e-10
6.426986689775295861e-08, -7.834602002793820749e-10, -1.700121978580479854e-03, 1.776590009054521222e-03, -7.646802894769332319e-05, -5.126119893318284307e-05, 7.726095349847595788e-06, -1.084958525040210001e-04
0.000000000000000000e+00, 0.000000000000000000e+00, 0.000000000000000000e+00, -1.521295127475565945e+00, -1.961937121385076699e-01, -9.471314888096287188e-01, -4.690587371483920350e-10, 8.023321106554711418e-09
-1.657090840817824302e-09, -3.208495944398547656e-02, 3.358435152261267376e-02, -1.499392133635828097e-03, -9.838479909713875645e-04, 1.407737818520073602e-04, -2.026055741469374311e-03, 0.000000000000000000e+00
0.000000000000000000e+00, 0.000000000000000000e+00, -1.589073900353193292e+00, -2.052954602219424496e-01, -9.901367936412094339e-01, -7.620461640292411483e-10, 3.450561051640269508e-08, -2.746434016635823481e-09
-6.230317765948241437e-02, 6.524362577184923684e-02, -2.940448207684737483e-03, -1.923440637866041022e-03, 2.557897110827219746e-04, -3.943931600077436872e-03, 0.000000000000000000e+00, 0.000000000000000000e+00
0.000000000000000000e+00, -1.650912787795010495e+00, -2.136782898624190741e-01, -1.029550288947143288e+00, -1.255048878883054398e-09, 2.662223288182522221e-08, -4.550756334261054764e-09, -9.406704291393469530e-02
9.851542061897680669e-02, -4.448377431531008730e-03, -2.920365035743781919e-03, 3.997973916242137651e-04, -6.000680239143918633e-03, 0.000000000000000000e+00, 0.000000000000000000e+00, 0.000000000000000000e+00
-1.706906144368294465e+00, -2.213295933375858948e-01, -1.065373858393927620e+00, -2.048358523127302066e-09, 1.292794262558059139e-09, -7.408997384426966277e-09, -1.255734244709035274e-01, 1.315140075096477290e-01
-5.940583062962699439e-03, -3.906193740413378690e-03, 5.928703191954488340e-04, -8.080524970216301783e-03, 0.000000000000000000e+00, 0.000000000000000000e+00, 0.000000000000000000e+00, -2.268395789870361057e+00
-3.007199500692718241e-01, -1.430449830883317786e+00, -4.765272340479409179e-08, 7.505492545954232938e-07, -1.693466612892301222e-07, -5.077757729719515334e-01, 5.322917982840632556e-01, -2.451602591420539226e-02
-1.619871710895046113e-02, 4.592107672155375415e-03, -3.405422437557568960e-02, 0.000000000000000000e+00, 0.000000000000000000e+00, 0.000000000000000000e+00, -2.311737243550516130e+00, -3.070463724324605792e-01
-1.459056560251491108e+00, -5.550833332312598983e-08, 8.433105947654994976e-07, -1.970651499312612510e-07, -5.404404259481497830e-01, 5.666294914258861448e-01, -2.618906496086304339e-02, -1.727031478918993751e-02
4.988587155007837351e-03, -3.628666881427629332e-02, 0.000000000000000000e+00, 0.000000000000000000e+00, 0.000000000000000000e+00, 7.056274633952031028e-02, -5.475872021077022866e-01, 6.209973672215948204e-01
1.281830677892428211e-09, -4.395361552047743764e-08, 5.264619820289271174e-11, 0.000000000000000000e+00, -0.000000000000000000e+00, 0.000000000000000000e+00, -0.000000000000000000e+00, 0.000000000000000000e+00
0.000000000000000000e+00, 0.000000000000000000e+00, 0.000000000000000000e+00, 0.000000000000000000e+00, 7.753363950841929420e-02, -6.010431742878383776e-01, 6.830278321083139703e-01, 5.314794028779960677e-09
-4.811771144564750397e-08, 2.174601182356686112e-10, 1.176622420463755092e-04, -5.609416855873231543e-03, 5.491754609020065882e-03, -1.275663167320484576e-04, 1.422704299686380371e-04, 4.494860990624989527e-04
0.000000000000000000e+00, 0.000000000000000000e+00, 0.000000000000000000e+00, 1.071701993181204959e-01, -8.231872607378224460e-01, 9.523800686409079619e-01, 2.154732320190271205e-07, 2.032552531477991964e-07
7.978379101190323273e-09, 5.845122438210670346e-03, -3.243499815964629995e-01, 3.185048592848104265e-01, -7.213725974143068119e-03, 8.720711185276572644e-03, 2.579956767210732707e-02, 0.000000000000000000e+00
0.000000000000000000e+00, 0.000000000000000000e+00, 1.097857130603064613e-01, -8.424224924180184759e-01, 9.765709700120436265e-01, 2.634360444160648383e-07, 2.571483229535527378e-07, 9.671400899866863416e-09
6.376745235771920720e-03, -3.597082731416185175e-01, 3.533315268591131764e-01, -7.951650147829640233e-03, 9.709719047635458414e-03, 2.863619871974554254e-02, 0.000000000000000000e+00, 0.000000000000000000e+00
0.000000000000000000e+00, 1.124012696130946426e-01, -8.616037827394265047e-01, 1.000826344150111735e+00, 3.182165175615806386e-07, 2.982933929473687931e-07, 1.158397699382020046e-08, 6.900425453498951894e-03
-3.956854182450471602e-01, 3.887849928180575620e-01, -8.687273171787286349e-03, 1.072356241634315685e-02, 3.152429600222304840e-02, 0.000000000000000000e+00, 0.000000000000000000e+00, 0.000000000000000000e+00
1.150168582738344825e-01, -8.807302754900022679e-01, 1.025146790403543173e+00, 3.805442161759573690e-07, 3.562247797526191817e-07, 1.372668805162341979e-08, 7.415679647138048551e-03, -4.322601051702258945e-01
4.248444257337376517e-01, -9.419827524842251665e-03, 1.176005374944626147e-02, 3.446336585266668306e-02, 0.000000000000000000e+00, 0.000000000000000000e+00, 0.000000000000000000e+00, 1.176325004478270819e-01
-8.998015425637235776e-01, 1.049533507469200044e+00, 4.509566530226299059e-07, 4.217396875602607242e-07, 1.611754404766186502e-08, 7.921066706567170268e-03, -4.694184835630238473e-01, 4.614974165859762611e-01
-1.015208636996451155e-02, 1.281939062984738600e-02, 3.745390983952694153e-02, 0.000000000000000000e+00, 0.000000000000000000e+00, 0.000000000000000000e+00, -1.734318366962203303e-02, 1.676483624712570009e-01
-9.525905255613855704e-01, -2.044740237171993715e-10, -3.280264023548828706e-09, -6.517831123558425888e-12, 0.000000000000000000e+00, 0.000000000000000000e+00, -0.000000000000000000e+00, 0.000000000000000000e+00
-0.000000000000000000e+00, -0.000000000000000000e+00, 0.000000000000000000e+00, 0.000000000000000000e+00, 0.000000000000000000e+00, 6.445966260701508910e-01, 1.850489564962776168e-01, 8.804852276029365710e-01
-2.722752160198715909e-01, 8.488988161048549586e-02, 3.669895635976964110e-01, 0.000000000000000000e+00, -0.000000000000000000e+00, 0.000000000000000000e+00, -0.000000000000000000e+00, 0.000000000000000000e+00
0.000000000000000000e+00, 0.000000000000000000e+00, 0.000000000000000000e+00, 0.000000000000000000e+00, 7.015896102051017991e-01, 2.014156637752105294e-01, 9.581955464666878086e-01, -2.962212193410495575e-01
9.199805767803011236e-02, 3.988190751004428991e-01, 1.916491562814352833e-04, -2.106049260637465198e-03, 1.914400104994403709e-03, -3.200571667513208048e-03, 6.474850809119508032e-04, 3.896440277262386374e-03
0.000000000000000000e+00, 0.000000000000000000e+00, 0.000000000000000000e+00, 7.453281322207797599e-01, 2.139785848316401728e-01, 1.017791672079785270e+00, -3.145621803516241433e-01, 9.733385340866712587e-02
4.230573678082281686e-01, 2.152332666350993337e-03, -2.272304812956477474e-02, 2.057071539684177455e-02, -3.437343515928299037e-02, 7.038453125424994246e-03, 4.204165472425010208e-02, 0.000000000000000000e+00
0.000000000000000000e+00, 0.000000000000000000e+00, 7.824765185636387566e-01, 2.246546285955443589e-01, 1.068386012365614368e+00, -3.301138379803302270e-01, 1.017569056948279121e-01, 4.434701479128873025e-01
4.164062660116055192e-03, -4.418826453256682885e-02, 4.002420178887177576e-02, -6.676208323835737535e-02, 1.358048404343105073e-02, 8.158891220038967662e-02, 0.000000000000000000e+00, 0.000000000000000000e+00
0.000000000000000000e+00, 8.129750484435918079e-01, 2.334247657542393994e-01, 1.109910840951475075e+00, -3.428639269896339159e-01, 1.053065253719942529e-01, 4.600981711077266612e-01, 5.961254725033743145e-03
-6.459312584348769759e-02, 5.863187114798536215e-02, -9.756196299174615949e-02, 1.964563378042872774e-02, 1.189858133792497108e-01, 0.000000000000000000e+00, 0.000000000000000000e+00, 0.000000000000000000e+00
1.132621779804117157e+00, 3.255630495598172969e-01, 1.544722116460818029e+00, -4.758910450746003384e-01, 1.391513031633022368e-01, 6.288001132020891726e-01, 2.489034883085699396e-02, -3.474943657585582990e-01
3.226040176342785393e-01, -5.211555801178918701e-01, 9.511146574130975584e-02, 6.291467881873005208e-01, 0.000000000000000000e+00, 0.000000000000000000e+00, 0.000000000000000000e+00, 1.153508387654066603e+00
3.315960052448378437e-01, 1.573113080393839125e+00, -4.845538132429458855e-01, 1.411783102595205452e-01, 6.395047330429702859e-01, 2.606994066317716921e-02, -3.683850831408053139e-01, 3.423151416481385878e-01
-5.520904849376948587e-01, 1.003311629465710592e-01, 6.665116222907712107e-01, 0.000000000000000000e+00, 0.000000000000000000e+00, 0.000000000000000000e+00, 1.174428130910128543e+00, 3.376401987129392657e-01
1.601547539898708461e+00, -4.932274553042534926e-01, 1.431866626358246630e-01, 6.501871341813030281e-01, 2.724015102059879068e-02, -3.895451333085729884e-01, 3.623049823817136028e-01, -5.833789387025650752e-01
1.055826775404235252e-01, 7.043279918822176189e-01, 0.000000000000000000e+00, 0.000000000000000000e+00, 0.000000000000000000e+00, 3.672241228872198948e-01, -1.568331735475109734e-01, 2.136878232483993209e-02
2.905491998432843670e-01, 3.982300440245982176e-01, 1.469374172248369137e-01, 0.000000000000000000e+00, -0.000000000000000000e+00, -0.000000000000000000e+00, 0.000000000000000000e+00, 0.000000000000000000e+00
0.000000000000000000e+00, 0.000000000000000000e+00, 0.000000000000000000e+00, 0.000000000000000000e+00, 6.939016822597419143e-01, -2.770284557782484725e-01, 5.909371643950471487e-02, 5.477043319153562795e-01
7.548799481652769261e-01, 2.887031424599686980e-01, 3.621985086659281206e-01, -2.910151299148580062e-01, -7.118338062827281321e-02, 7.910321410112861606e-01, 8.699252878843367620e-01, 3.050050704917340871e-01
0.000000000000000000e+00, 0.000000000000000000e+00, 0.000000000000000000e+00, -1.555394906618954021e-01, -2.741112343169683774e-01, 3.942517724901264259e-02, 2.363869811584450725e-02, -3.611286209123665270e-01
4.331043739885197530e-01, -0.000000000000000000e+00, -0.000000000000000000e+00, 0.000000000000000000e+00, -0.000000000000000000e+00, -0.000000000000000000e+00, 0.000000000000000000e+00, 0.000000000000000000e+00
0.000000000000000000e+00, 0.000000000000000000e+00, -1.687889867513115150e-01, -2.985555958585046077e-01, 4.341436013572334829e-02, 2.521439316787369919e-02, -3.933858103312181664e-01, 4.717304966985573778e-01
-1.794485331176678977e-05, -5.838539964022858297e-04, 6.017988486563272468e-04, -2.376554108818015851e-05, -2.927248695361543869e-03, 3.545461869910000990e-03, 0.000000000000000000e+00, 0.000000000000000000e+00
0.000000000000000000e+00, -2.571405550620184388e-01, -4.859981573403985844e-01, 8.427230121429012122e-02, 2.552725037318159806e-02, -6.422396455547274563e-01, 7.683318099713525307e-01, -7.312417846716470250e-03
-1.372356840258182331e-01, 1.445481028082968300e-01, -1.475659523193956213e-02, -7.174778396978063189e-01, 8.623096781105954456e-01, 0.000000000000000000e+00, 0.000000000000000000e+00, 0.000000000000000000e+00
-2.607147908354571220e-01, -4.947586621135957041e-01, 8.661742854422584126e-02, 2.503221532582011397e-02, -6.539547668502376787e-01, 7.822271896163518479e-01, -7.797795601392189246e-03, -1.450783538252138627e-01
1.528761502196834265e-01, -1.620827623631454495e-02, -7.599959662987497699e-01, 9.131703242323462311e-01, 0.000000000000000000e+00, 0.000000000000000000e+00, 0.000000000000000000e+00, -2.642341006062569053e-01
-5.035135158873008665e-01, 8.900252492265241233e-02, 2.448802835579316078e-02, -6.656723283500738386e-01, 7.961178600951078765e-01, -8.291975081595888072e-03, -1.529996827299996420e-01, 1.612916570695238083e-01
-1.773687210569155695e-02, -8.030857363559679163e-01, 9.647057317802065768e-01, 0.000000000000000000e+00, 0.000000000000000000e+00, 0.000000000000000000e+00, -2.676976709729756432e-01, -5.122625046085028666e-01
9.142819504932607477e-02, 2.389385465635757849e-02, -6.773924584860429032e-01, 8.100039070288248544e-01, -8.795932324704620192e-03, -1.609993834727428685e-01, 1.697953160538674955e-01, -1.934302776786084310e-02
-8.467499350546537906e-01, 1.016920000117711886e+00, 0.000000000000000000e+00, 0.000000000000000000e+00, 0.000000000000000000e+00, 4.442101719827363238e-01, 9.110765066525836064e-02, -1.158931913011288090e-01
1.589561834191912937e-01, -3.488014578423223599e-01, 3.315087786428294048e-01, 0.000000000000000000e+00, -0.000000000000000000e+00, -0.000000000000000000e+00, 0.000000000000000000e+00, -0.000000000000000000e+00
0.000000000000000000e+00, 0.000000000000000000e+00, 0.000000000000000000e+00, 0.000000000000000000e+00, 4.870080594465965862e-01, 9.983245139621016451e-02, -1.263879749752643000e-01, 1.735375280460955960e-01
-3.818867541450756131e-01, 3.627019961648883517e-01, 2.250431621248925786e-03, -4.218478778308600735e-04, -1.828583742356445141e-03, 2.268933389529254659e-03, -4.841854778444814288e-03, 4.783325128136569661e-03
0.000000000000000000e+00, 0.000000000000000000e+00, 0.000000000000000000e+00, 7.825871411597563609e-01, 1.591027990291192795e-01, -1.875996763920146082e-01, 2.621412829117870658e-01, -6.018873993634732411e-01
5.657609020954317280e-01, 2.842643080832643054e-01, -5.168831689286824960e-02, -2.325759913144535840e-01, 2.835752414888318973e-01, -5.982955144388709678e-01, 5.941577693103696767e-01, 0.000000000000000000e+00
0.000000000000000000e+00, 0.000000000000000000e+00, 7.993246310644537278e-01, 1.624097254023417480e-01, -1.905608857470682815e-01, 2.666284761827130700e-01, -6.139764284587092558e-01, 5.767155358532352061e-01
3.036240612334805133e-01, -5.511440064940435757e-02, -2.485096599796301486e-01, 3.025334753396141108e-01, -6.384101725814727013e-01, 6.342284732698111327e-01, 0.000000000000000000e+00, 0.000000000000000000e+00
0.000000000000000000e+00, -6.331642259916535620e-01, -1.198803674408607939e-01, 5.313980732067477009e-01, 2.017970997363906154e-10, 9.183059857514828293e-08, -4.589196341443386085e-10, -0.000000000000000000e+00
-0.000000000000000000e+00, 0.000000000000000000e+00, -0.000000000000000000e+00, 0.000000000000000000e+00, 0.000000000000000000e+00, 0.000000000000000000e+00, 0.000000000000000000e+00, 0.000000000000000000e+00
-6.871305433607675095e-01, -1.302092921393736558e-01, 5.777500112451032788e-01, 7.933473617185867141e-10, 1.989725843280785094e-07, -1.732285928686125016e-09, -5.064596459603313942e-03, -2.209955840996698977e-04
5.285592054161664284e-03, -1.510529743176422621e-04, 7.290380284123797845e-05, 4.545175740062928405e-04, 0.000000000000000000e+00, 0.000000000000000000e+00, 0.000000000000000000e+00, 3.369803374957335007e-02
2.591834984049104507e-01, 1.578301789597923721e-01, 3.315508400595034155e-01, -4.607383608532155672e-01, -7.875374702280701911e-02, -0.000000000000000000e+00, 0.000000000000000000e+00, -0.000000000000000000e+00
0.000000000000000000e+00, -0.000000000000000000e+00, -0.000000000000000000e+00, 0.000000000000000000e+00, 0.000000000000000000e+00, 0.000000000000000000e+00, 3.682398365326682715e-02, 2.835452140788750075e-01
1.731805625421954098e-01, 3.622868189446293852e-01, -5.032720212802189730e-01, -8.657171752371321805e-02, -7.252306353207756909e-04, 7.689533597885732374e-04, -4.372271704781998416e-05, 4.293781804064748797e-03
-6.376803347372594563e-03, -9.917401004891108086e-04, 0.000000000000000000e+00, 0.000000000000000000e+00, 0.000000000000000000e+00, 6.144909155734511186e-02, 4.823523208347590963e-01, 3.099913565692756223e-01
6.039995460448420728e-01, -8.331071622401443610e-01, -1.597060753328503335e-01, -1.102638927154862836e-01, 1.183988418994395275e-01, -8.134948315677733438e-03, 6.786425877836292919e-01, -1.002084742888403657e+00
-1.651257203326640111e-01, 0.000000000000000000e+00, 0.000000000000000000e+00, 0.000000000000000000e+00, 6.252709462901298587e-02, 4.912894193420837552e-01, 3.165586741911153301e-01, 6.145507326873927978e-01
-8.473142886904567739e-01, -1.633348946241102162e-01, -1.159459770338556878e-01, 1.246581378627709680e-01, -8.712160658129228241e-03, 7.153384328252364588e-01, -1.056230905341611237e+00, -1.745418461779326691e-01
0.000000000000000000e+00, 0.000000000000000000e+00, 0.000000000000000000e+00, 6.360704558308155621e-02, 5.002613228690073743e-01, 3.231865045991826890e-01, 6.251172883361378885e-01, -8.615240693981064402e-01
-1.670069419209543882e-01, -1.216757688199621851e-01, 1.309880316631251429e-01, -9.312262788903354072e-03, 7.525290208343142773e-01, -1.111092927542007835e+00, -1.841325988430677907e-01, 0.000000000000000000e+00
0.000000000000000000e+00, 0.000000000000000000e+00, 2.519030417714113179e-01, -7.967910996255050948e-01, 2.419050323253521539e-01, 1.084913565459603457e-09, 8.083295877801450550e-09, -4.201370236628738532e-12
0.000000000000000000e+00, -0.000000000000000000e+00, 0.000000000000000000e+00, 0.000000000000000000e+00, 0.000000000000000000e+00, 0.000000000000000000e+00, 0.000000000000000000e+00, 0.000000000000000000e+00
0.000000000000000000e+00, 8.890719106284995787e-02, 1.505753658770186409e-01, 5.181763611981676787e-01, 2.931613743584977616e-01, -4.006619859044960319e-01, -2.476033803434781466e-01, -0.000000000000000000e+00
-0.000000000000000000e+00, 0.000000000000000000e+00, 0.000000000000000000e+00, -0.000000000000000000e+00, -0.000000000000000000e+00, 0.000000000000000000e+00, 0.000000000000000000e+00, 0.000000000000000000e+00
9.660222021685178906e-02, 1.635380095263084532e-01, 5.627074787032120273e-01, 3.183833476786257499e-01, -4.346458553423931392e-01, -2.688485483922601893e-01, -3.311292353793253451e-04, -1.010098652787849239e-04
4.321391024855474505e-04, 8.837693718702668540e-04, -1.383144451863759297e-03, -8.849891921896803825e-04, 0.000000000000000000e+00, 0.000000000000000000e+00, 0.000000000000000000e+00, 1.798275185868012938e-01
3.010948639181497133e-01, 1.033061785783039310e+00, 5.860767161860790386e-01, -7.787356425210871791e-01, -4.918857282203047410e-01, -2.476078621448276063e-01, -7.187267726248378064e-02, 3.194805399571010174e-01
6.518000141753749199e-01, -1.038637657577605511e+00, -6.699246429523864066e-01, 0.000000000000000000e+00, 0.000000000000000000e+00, 0.000000000000000000e+00, 1.828135794964394489e-01, 3.059509989589448975e-01
1.049566300390494922e+00, 5.955233036703373450e-01, -7.903544399616186933e-01, -4.996769581488037515e-01, -2.582915183330829478e-01, -7.509100566234412633e-02, 3.333825244956785672e-01, 6.803028099634381709e-01
-1.084285642572303310e+00, -6.994840850484391748e-01, 0.000000000000000000e+00, 0.000000000000000000e+00, 0.000000000000000000e+00, 5.371282040835227353e-03, 3.190423098731849927e-01, -2.629118523463148671e-01
-2.035972492533683897e-01, -1.460505313840971542e-01, -4.240279697815949600e-01, -0.000000000000000000e+00, 0.000000000000000000e+00, -0.000000000000000000e+00, -0.000000000000000000e+00, -0.000000000000000000e+00
-0.000000000000000000e+00, 0.000000000000000000e+00, 0.000000000000000000e+00, 0.000000000000000000e+00, 6.512354159923847315e-03, 3.481132560064517656e-01, -2.863815877178763625e-01, -2.215832247503951302e-01
-1.588865412720417425e-01, -4.623382786791093157e-01, -2.200481931139513755e-04, 2.506260287204983925e-03, -2.286212099452734382e-03, -3.793123167385125533e-03, -2.972961960890251141e-03, -7.433259414268233653e-03
0.000000000000000000e+00, 0.000000000000000000e+00, 0.000000000000000000e+00, 2.428632352780530496e-02, 5.422424696638533659e-01, -4.355846062277135555e-01, -3.330506238868215507e-01, -2.373644542334669427e-01
-7.131427361818389876e-01, -2.480609019570097218e-02, 2.457333971657392202e-01, -2.209273071606320527e-01, -3.686703208861933923e-01, -2.840717908386151125e-01, -7.127547550542907562e-01, 0.000000000000000000e+00
0.000000000000000000e+00, 0.000000000000000000e+00, 2.592494748942454977e-02, 5.544587318688656286e-01, -4.445941402739821968e-01, -3.396386832454333371e-01, -2.419404580986831699e-01, -7.286771197325521143e-01
-2.692461937484953022e-02, 2.645939801048882711e-01, -2.376693603762489726e-01, -3.967782486256375973e-01, -3.054006053734378279e-01, -7.665455415879416368e-01, 0.000000000000000000e+00, 0.000000000000000000e+00
0.000000000000000000e+00, 2.762708365508900407e-02, 5.667059461392774944e-01, -4.535841954962440137e-01, -3.461970962620127823e-01, -2.464876718339114037e-01, -7.442239611685094181e-01, -2.910250287600346306e-02
2.837539736486869302e-01, -2.546514714016914205e-01, -4.252958301469318969e-01, -3.269883663545429253e-01, -8.210733990628570345e-01, 0.000000000000000000e+00, 0.000000000000000000e+00, 0.000000000000000000e+00
2.939369526334844815e-02, 5.789848402553269269e-01, -4.625545150308857378e-01, -3.527253920199355797e-01, -2.510057743596349478e-01, -7.597834745427215486e-01, -3.133997055762591938e-02, 3.032121857830652467e-01
-2.718722163680326043e-01, -4.542215213084740966e-01, -3.488313009164332734e-01, -8.763337977827755365e-01, 0.000000000000000000e+00, 0.000000000000000000e+00, 0.000000000000000000e+00, 3.130543909416922399e-01
-8.150920327230106732e-01, -5.668373746880706054e-01, -5.995660625592797070e-10, -5.036788732271517851e-10, 2.858231002804882677e-10, 0.000000000000000000e+00, -0.000000000000000000e+00, -0.000000000000000000e+00
0.000000000000000000e+00, -0.000000000000000000e+00, 0.000000000000000000e+00, 0.000000000000000000e+00, 0.000000000000000000e+00, 0.000000000000000000e+00, 1.676415748502761538e+00, 1.070298019481638718e+00
5.299714955092134083e-01, -1.462949192257804278e-09, -1.453771562695910016e-07, 1.245240820476712320e-09, 0.000000000000000000e+00, -0.000000000000000000e+00, -0.000000000000000000e+00, 0.000000000000000000e+00
-0.000000000000000000e+00, -0.000000000000000000e+00, 0.000000000000000000e+00, 0.000000000000000000e+00, 0.000000000000000000e+00, 1.822990174631436977e+00, 1.162791267395463457e+00, 5.752530400604443095e-01
-6.069198058373243169e-09, -1.467832432992560781e-08, 4.726345610422090008e-09, 2.222687392240607716e-03, -1.907997346606416482e-05, -2.203607421690927624e-03, 6.723423215528521698e-05, -3.457886956041555514e-05
-1.686135537413492895e-04, 0.000000000000000000e+00, 0.000000000000000000e+00, 0.000000000000000000e+00, 1.935337524291044664e+00, 1.233257347395187331e+00, 6.095467298265548894e-01, -1.424300375396184202e-08
-7.706119986143486140e-08, 1.063119946289065950e-08, 3.564842493962528530e-02, -3.565165467153795379e-04, -3.529190842525672250e-02, 1.079312159947604880e-03, -5.928412304712671636e-04, -2.658613751219852158e-03
0.000000000000000000e+00, 0.000000000000000000e+00, 0.000000000000000000e+00, 2.020131970366547236e+00, 1.286104039084632111e+00, 6.351020907114144354e-01, -2.501011052037068654e-08, -4.177813411752774874e-08
1.800899963184083458e-08, 6.767960995621230547e-02, -7.077262551175000352e-04, -6.697188373033911846e-02, 2.043825966754347565e-03, -1.112146196892900259e-03, -5.060868137253734904e-03, 0.000000000000000000e+00
0.000000000000000000e+00, 0.000000000000000000e+00, 2.098281697251410005e+00, 1.334544663594344094e+00, 6.583983789281110388e-01, -3.972850819157351440e-08, 6.829152122613375889e-08, 2.766316500153118802e-08
1.019186564642775572e-01, -1.086250474273621654e-03, -1.008324060426256247e-01, 3.052959542472758175e-03, -1.629519254169149549e-03, -7.664645211124951167e-03, 0.000000000000000000e+00, 0.000000000000000000e+00
0.000000000000000000e+00, 2.743076836084021419e+00, 1.726393359253114657e+00, 8.431299804301857215e-01, -4.734960160354814677e-07, 2.268920559146388608e-07, 2.682796609106337412e-07, 4.691407618711591065e-01
-5.378755746757779566e-03, -4.637620064517066765e-01, 1.236259215228217162e-02, -6.438059934692349009e-03, -3.619914204382405909e-02, 0.000000000000000000e+00, 0.000000000000000000e+00, 0.000000000000000000e+00
-2.100311690387132446e-01, 5.737137420472838700e-01, 6.766865116555552673e-01, 2.308160803031063801e-01, 7.321355207190538561e-02, 2.099940522465948423e-01, -0.000000000000000000e+00, 0.000000000000000000e+00
0.000000000000000000e+00, 0.000000000000000000e+00, 0.000000000000000000e+00, 0.000000000000000000e+00, 0.000000000000000000e+00, 0.000000000000000000e+00, 0.000000000000000000e+00, -2.277821357348932818e-01
6.234871034144798818e-01, 7.353572004806201434e-01, 2.508868893172902514e-01, 7.960655027286017704e-02, 2.282034348712686511e-01, -4.236641544657259372e-04, 1.546323594787924968e-04, 2.690317953995265501e-04
3.885379600174988703e-04, 1.493716383943382371e-04, 3.169781159778505193e-04, 0.000000000000000000e+00, 0.000000000000000000e+00, 0.000000000000000000e+00, -2.413165577873361556e-01, 6.619113313244822105e-01
7.806366045017405497e-01, 2.663973203360655018e-01, 8.455692750310137007e-02, 2.422577060663805570e-01, -2.970270403355940864e-02, 1.083677346195013359e-02, 1.886593059374286688e-02, 2.716038555146968111e-02
1.045247700012733559e-02, 2.228481642771287796e-02, 0.000000000000000000e+00, 0.000000000000000000e+00, 0.000000000000000000e+00, -3.411432832655004188e-01, 9.629486363879569133e-01, 1.134893481599932752e+00
3.885447874330040796e-01, 1.237612020446963862e-01, 3.522710216933508942e-01, -4.356649443621006257e-01, 1.567999680033552168e-01, 2.788649747309338567e-01, 4.028693721596520727e-01, 1.565559246490026424e-01
3.232127133559532517e-01, 0.000000000000000000e+00, 0.000000000000000000e+00, 0.000000000000000000e+00, -3.473896283972501831e-01, 9.827797060297496223e-01, 1.158202998292713115e+00, 3.966249033052345885e-01
1.263608223508108919e-01, 3.595144899665382865e-01, -4.673006818233065296e-01, 1.680759540420682929e-01, 2.992247280475693327e-01, 4.323179759172363079e-01, 1.681701654666173940e-01, 3.464117314563572303e-01
0.000000000000000000e+00, 0.000000000000000000e+00, 0.000000000000000000e+00, 1.261121890758099828e-01, -5.332580226304813875e-01, -1.016318987363667770e+00, 6.524697642590193719e-10, -2.779396696979129289e-09
9.622407495519954746e-11, 0.000000000000000000e+00, -0.000000000000000000e+00, -0.000000000000000000e+00, 0.000000000000000000e+00, -0.000000000000000000e+00, -0.000000000000000000e+00, 0.000000000000000000e+00
0.000000000000000000e+00, 0.000000000000000000e+00, 1.376367817861723908e-01, -5.814175527260645460e-01, -1.107152296987296225e+00, 2.836368104687821555e-09, -5.708175006025860307e-09, 3.769272673170755089e-10
1.245818574587788255e-03, -4.562289770558732705e-05, -1.200195676619012159e-03, 3.871745107062907236e-05, -2.057243820007299755e-05, -8.599832953496951496e-05, 0.000000000000000000e+00, 0.000000000000000000e+00
0.000000000000000000e+00, 1.461347933519023257e-01, -6.167243553935390921e-01, -1.173407526153377400e+00, 6.508647302310297899e-09, -2.352296839912862953e-08, 8.227623667271493443e-10, 3.323664706060069224e-02
-1.306391501796265193e-03, -3.193025560546945696e-02, 1.022892621547258612e-03, -5.849298441204019237e-04, -2.250569073071938264e-03, 0.000000000000000000e+00, 0.000000000000000000e+00, 0.000000000000000000e+00
2.093972510464484349e-01, -8.732634214944688944e-01, -1.644180563733447231e+00, 2.024907810245272248e-07, -4.332593346505329197e-07, 1.914166830427100689e-08, 4.365376384980153568e-01, -1.744105159381364664e-02
-4.190965867438019021e-01, 1.170789890058274683e-02, -6.386218490293883547e-03, -3.072598394806835137e-02, 0.000000000000000000e+00, 0.000000000000000000e+00, 0.000000000000000000e+00, 2.142306536574686560e-01
-8.924878649029073241e-01, -1.678831978891647481e+00, 2.369229941332762020e-07, -5.569055609031302083e-07, 2.210611570186201503e-08, 4.720059248623682535e-01, -1.888227067684071850e-02, -4.531236531109296140e-01
1.254634414859824923e-02, -6.854536483913824425e-03, -3.324930358536214159e-02, 0.000000000000000000e+00, 0.000000000000000000e+00, 0.000000000000000000e+00, 2.190762786954205954e-01, -9.117098252964174199e-01
-1.713395032966880338e+00, 2.752909250561881348e-07, -6.819245258777639486e-07, 2.537873065351131832e-08, 5.079258538170876580e-01, -2.035565422473325364e-02, -4.875701985809535177e-01, 1.338622991694188302e-02
-7.327622821836733864e-03, -3.580438293662109583e-02, 0.000000000000000000e+00, 0.000000000000000000e+00, 0.000000000000000000e+00, 2.239343188080142322e-01, -9.309292170537948330e-01, -1.747868698504693175e+00
3.178736288795170896e-07, -8.030873047585014748e-07, 2.898741356442284233e-08, 5.442896975955510142e-01, -2.186207563930828851e-02, -5.224276214993450740e-01, 1.423088661510803730e-02, -7.804755430107401977e-03
-3.839114882374322635e-02, 0.000000000000000000e+00, 0.000000000000000000e+00, 0.000000000000000000e+00, 2.288049238323573431e-01, -9.501458689326305329e-01, -1.782253146747494688e+00, 3.650721937038277209e-07
-9.464542539296112783e-07, 3.295180495214320451e-08, 5.810931108334664863e-01, -2.340301751774933811e-02, -5.576900922756695689e-01, 1.508081318537209461e-02, -8.285633425467380658e-03, -4.101031886308142277e-02
0.000000000000000000e+00, 0.000000000000000000e+00, 0.000000000000000000e+00, -2.908387065407478933e-01, 6.497181146017736407e-03, 1.143231338702784955e-01, -3.982907494585357644e-01, 2.797652733618042342e-01
2.382581683652596205e-01, -0.000000000000000000e+00, 0.000000000000000000e+00, 0.000000000000000000e+00, -0.000000000000000000e+00, 0.000000000000000000e+00, 0.000000000000000000e+00, 0.000000000000000000e+00
0.000000000000000000e+00, 0.000000000000000000e+00, -3.171858495135316258e-01, 7.678437369981758534e-03, 1.251100356886124809e-01, -4.347272382971995031e-01, 3.049799260689537994e-01, 2.597034545740850020e-01
-1.073678817597246852e-03, 1.507016162314666718e-04, 9.229772044863703917e-04, -3.547262391555866534e-03, 2.264336280860913559e-03, 1.824199327281991745e-03, 0.000000000000000000e+00, 0.000000000000000000e+00
0.000000000000000000e+00, -5.502421016039239499e-01, 3.579015309609455409e-02, 2.329687472194695297e-01, -7.677144810874452219e-01, 5.245812982058145613e-01, 4.452244835809621715e-01, -3.105106893758416420e-01
3.743279567522210527e-02, 2.730778946297169330e-01, -1.016771470288744927e+00, 6.510445957091031133e-01, 5.154425757503896532e-01, 0.000000000000000000e+00, 0.000000000000000000e+00, 0.000000000000000000e+00
-5.591631033248166682e-01, 3.752652168955335210e-02, 2.375480260957550660e-01, -7.808629869662414569e-01, 5.328714428925005464e-01, 4.521740142593571044e-01, -3.259070032837821373e-01, 3.908062400402046582e-02
2.868263784069676747e-01, -1.066878000605902432e+00, 6.830704865844048346e-01, 5.404120161732189898e-01, 0.000000000000000000e+00, 0.000000000000000000e+00, 0.000000000000000000e+00, 1.878922654528374370e-01
-6.868489352194122599e-01, 3.315116897637799265e-01, 1.487039753198435843e-01, -2.520349954189970813e-03, -2.235887516269531861e-01, 0.000000000000000000e+00, -0.000000000000000000e+00, 0.000000000000000000e+00
0.000000000000000000e+00, -0.000000000000000000e+00, -0.000000000000000000e+00, 0.000000000000000000e+00, 0.000000000000000000e+00, 0.000000000000000000e+00, 6.689397191321529990e-01, -4.899580952344726459e-01
-4.112958705900398790e-03, -3.320053766099861888e-10, -2.906898920499028829e-08, 2.555907105558367846e-10, 0.000000000000000000e+00, -0.000000000000000000e+00, -0.000000000000000000e+00, 0.000000000000000000e+00
-0.000000000000000000e+00, 0.000000000000000000e+00, 0.000000000000000000e+00, 0.000000000000000000e+00, 0.000000000000000000e+00, 7.289739684482952065e-01, -5.329438784314445288e-01, -4.477584297476197919e-03
-1.383144119978350401e-09, -3.485435537460886367e-08, 1.156881536654560321e-09, 2.918045605236155651e-03, -2.767952690969309286e-03, -1.500929132136478213e-04, 1.132530670454632107e-04, -2.853606256730097928e-05
1.746207899023701621e-04, 0.000000000000000000e+00, 0.000000000000000000e+00, 0.000000000000000000e+00, 1.064698992060646221e+00, -7.617938604226307531e-01, -6.463684525448923877e-03, -9.523926563990012423e-08
-3.546965448816602000e-08, 8.563505511131799622e-08, 3.938641662960534751e-01, -3.725528652426682297e-01, -2.131130141776952161e-02, 1.643403794248503996e-02, -4.399595519028414933e-03, 2.540582946323014651e-02
0.000000000000000000e+00, 0.000000000000000000e+00, 0.000000000000000000e+00, -4.514201195543911527e-01, -2.761374815249974524e-01, -9.919957022321769513e-03, -5.238127622748918188e-01, -9.375973536438454714e-02
-2.605923364591529456e-02, -0.000000000000000000e+00, -0.000000000000000000e+00, 0.000000000000000000e+00, -0.000000000000000000e+00, -0.000000000000000000e+00, -0.000000000000000000e+00, 0.000000000000000000e+00
0.000000000000000000e+00, 0.000000000000000000e+00, -4.913376668907774580e-01, -2.996180051683164924e-01, -1.076589184638242734e-02, -5.704603503321283853e-01, -1.019686469333719869e-01, -2.819090998888104660e-02
-5.710725916726670749e-04, -2.228066022453822610e-04, 7.938791977823667035e-04, -4.207955338419810606e-03, -9.094819543754432186e-04, -3.724941350018402342e-04, 0.000000000000000000e+00, 0.000000000000000000e+00
0.000000000000000000e+00, -8.724019009355401533e-01, -4.932790848905220238e-01, -1.782892747847203072e-02, -1.025314779206625948e+00, -1.779449116518465324e-01, -4.286767677245486435e-02, -1.833934458198225870e-01
-8.574030962534144595e-02, 2.691337548122091361e-01, -1.399289972809406590e+00, -3.008830814596742953e-01, -1.177009424350878020e-01, 0.000000000000000000e+00, 0.000000000000000000e+00, 0.000000000000000000e+00
3.249059282211531896e-02, -9.024614080898017698e-02, 1.949015169213190179e-01, -3.983723892769555075e-01, 1.193384708380522130e-01, -3.836502084714218386e-01, -0.000000000000000000e+00, -0.000000000000000000e+00
0.000000000000000000e+00, -0.000000000000000000e+00, 0.000000000000000000e+00, -0.000000000000000000e+00, 0.000000000000000000e+00, 0.000000000000000000e+00, 0.000000000000000000e+00, 3.593633792433779256e-02
-9.773624096151502239e-02, 2.124221839828957514e-01, -4.342274245163660340e-01, 1.305675419613402388e-01, -4.180429191604503880e-01, -2.267508764365776730e-04, -9.634904475910363976e-04, 1.190241332505624682e-03
-5.918922730916807186e-03, 1.234774869407510075e-03, -6.009139127237929541e-03, 0.000000000000000000e+00, 0.000000000000000000e+00, 0.000000000000000000e+00, 7.324160371900526045e-02, -1.421672779812365450e-01
3.465989807902846165e-01, -7.098576218104438729e-01, 2.269780884094351470e-01, -6.796267438155246809e-01, -3.414385757469168975e-02, -1.259590221611303351e-01, 1.601028800425105814e-01, -7.804504638696883045e-01
1.742415684417391308e-01, -7.954547768721321743e-01, 0.000000000000000000e+00, 0.000000000000000000e+00, 0.000000000000000000e+00, 7.552624501933968837e-02, -1.437883121366716199e-01, 3.531541830116981528e-01
-7.233759684817558933e-01, 2.321300661168212986e-01, -6.923408077030662744e-01, -3.643382522288950848e-02, -1.335084591191702252e-01, 1.699422838669249203e-01, -8.273820648234059272e-01, 1.852565480245494944e-01
-8.437246970508692767e-01, 0.000000000000000000e+00, 0.000000000000000000e+00, 0.000000000000000000e+00, 7.785847030403356128e-02, -1.453584444860757940e-01, 3.597183968648774433e-01, -7.369187600069313504e-01
2.373317683386775290e-01, -7.050672010440451887e-01, -3.878028080558298951e-02, -1.411541164838386597e-01, 1.799343984196385415e-01, -8.749513239077594262e-01, 1.964887379565370129e-01, -8.926999821299010929e-01
0.000000000000000000e+00, 0.000000000000000000e+00, 0.000000000000000000e+00, -3.498132436150176439e-01, -1.408103895225141233e+00, -4.004167667750215265e-01, 1.728053437982201943e-09, -3.176453094578569222e-09
1.959600963110077207e-11, 0.000000000000000000e+00, -0.000000000000000000e+00, 0.000000000000000000e+00, 0.000000000000000000e+00, 0.000000000000000000e+00, 0.000000000000000000e+00, 0.000000000000000000e+00
0.000000000000000000e+00, 0.000000000000000000e+00, -3.806899837602190639e-01, -1.529878995704033740e+00, -4.357004945279034369e-01, 5.612342957567950892e-09, -1.125863897820920310e-08, 8.868957088073857015e-11
7.648997273360756818e-04, -1.340946635110403266e-03, 5.760469092600678260e-04, 7.227920237493961139e-06, 1.723955135183831899e-05, 7.733070790986734265e-05, 0.000000000000000000e+00, 0.000000000000000000e+00
0.000000000000000000e+00, -4.061901617788263863e-01, -1.629652871493766142e+00, -4.648203089635959961e-01, 1.297565451295054538e-08, -8.343187616416801403e-09, 2.286449840668180017e-10, 2.183950906043672160e-02
-3.836877549193069836e-02, 1.652926651207704822e-02, 2.009040043449244713e-04, 4.989109005623537261e-04, 2.187663380915462214e-03, 0.000000000000000000e+00, 0.000000000000000000e+00, 0.000000000000000000e+00
-6.340578116916396612e-01, -2.480246623556126018e+00, -7.237922587776722816e-01, 6.810262828707886913e-07, 2.862983927672274151e-07, 2.950952675355689126e-08, 3.488521294847582999e-01, -6.054545521375351846e-01
2.566024219377434634e-01, 5.489291790393706523e-03, 8.098247304247930059e-03, 3.369622719501279284e-02, 0.000000000000000000e+00, 0.000000000000000000e+00, 0.000000000000000000e+00, -6.472061463280270877e-01
-2.527449593555868290e+00, -7.386799881819625657e-01, 7.655708695018535958e-07, 3.007634693549639650e-07, 3.361128183369886452e-08, 3.705187856867338536e-01, -6.429181447907782454e-01, 2.723993593175252359e-01
5.855453420135815074e-03, 8.536282254537355674e-03, 3.575844860982557022e-02, 0.000000000000000000e+00, 0.000000000000000000e+00, 0.000000000000000000e+00, -6.704549682895204199e-02, -3.783348441006908480e-01
7.789782930144286688e-01, 7.720610704872423950e-10, -1.785713711900868795e-08, -4.578412472967588206e-11, -0.000000000000000000e+00, -0.000000000000000000e+00, 0.000000000000000000e+00, -0.000000000000000000e+00
0.000000000000000000e+00, 0.000000000000000000e+00, 0.000000000000000000e+00, 0.000000000000000000e+00, 0.000000000000000000e+00, 3.882729829195555316e-01, -3.816002227844658701e-01, 2.159686356754983438e-01
-3.895176583682881111e-01, 8.028567893672424599e-03, -2.230537261257997395e-01, 0.000000000000000000e+00, -0.000000000000000000e+00, 0.000000000000000000e+00, -0.000000000000000000e+00, 0.000000000000000000e+00
-0.000000000000000000e+00, 0.000000000000000000e+00, 0.000000000000000000e+00, 0.000000000000000000e+00, 1.522419676374489717e+00, 3.914843774339403226e-01, 6.829251294736056188e-01, 2.939632568855451883e-10
-4.226970894289742990e-07, 1.154281901599761778e-09, 0.000000000000000000e+00, -0.000000000000000000e+00, -0.000000000000000000e+00, 0.000000000000000000e+00, -0.000000000000000000e+00, 0.000000000000000000e+00
0.000000000000000000e+00, 0.000000000000000000e+00, 0.000000000000000000e+00, 1.653636055822965911e+00, 4.244677202875239974e-01, 7.409083656483388403e-01, 1.119768020350931190e-09, -1.630875521592177629e-08
4.730879362474960527e-09, 1.597837678108400767e-03, -1.304640149533630627e-03, -2.931975316398742460e-04, 8.473654735175220295e-05, -1.966858948927569347e-05, 7.501431102772310492e-05, 0.000000000000000000e+00
0.000000000000000000e+00, 0.000000000000000000e+00, 1.752623757713664077e+00, 4.490878835670467084e-01, 7.843457150774504338e-01, 2.563983190301624808e-09, 8.045533748524730807e-09, 1.075703516412789125e-08
3.556974484135415338e-02, -2.890365158596296113e-02, -6.666093278853755730e-03, 1.845341536696173956e-03, -4.513489114013215621e-04, 1.671953118922243475e-03, 0.000000000000000000e+00, 0.000000000000000000e+00
0.000000000000000000e+00, 1.832299596946205478e+00, 4.686814399877631820e-01, 8.190596337148809969e-01, 4.636874976832791392e-09, -2.741079315445927690e-08, 1.926939546109241908e-08, 6.958558307271316135e-02
-5.654188567875684940e-02, -1.304369732034406544e-02, 3.586481168331350465e-03, -8.809052387992228781e-04, 3.314436378047836990e-03, 0.000000000000000000e+00, 0.000000000000000000e+00, 0.000000000000000000e+00
1.905743239951028567e+00, 4.865552945175948274e-01, 8.508525849633378213e-01, 7.698039228579941928e-09, -1.299991286141882613e-07, 3.199694969074564634e-08, 1.059141485909788211e-01, -8.620344024498714786e-02
-1.971070841117207595e-02, 5.517607113908805025e-03, -1.343620489820769896e-03, 5.133534096088798737e-03, 0.000000000000000000e+00, 0.000000000000000000e+00, 0.000000000000000000e+00, 1.972837385678069877e+00
5.027346626012448860e-01, 8.797333878068768209e-01, 1.177216310900079230e-08, -3.957460941357282938e-08, 4.916404043356330568e-08, 1.425143687640681445e-01, -1.162288881212823061e-01, -2.628548083094662743e-02
7.524040063103318646e-03, -1.822690376543142877e-03, 7.011682683214266396e-03, 0.000000000000000000e+00, 0.000000000000000000e+00, 0.000000000000000000e+00, 2.561154209435531737e+00, 6.395452746832657187e-01
1.127301021297507422e+00, 1.319645889131764979e-07, -1.440572583735068097e-06, 5.752292119860132594e-07, 5.352198000855161730e-01, -4.409218603043879026e-01, -9.429793920342006974e-02, 3.065417482883345951e-02
-7.022969446606033839e-03, 2.820460613134400524e-02, 0.000000000000000000e+00, 0.000000000000000000e+00, 0.000000000000000000e+00, 2.609942027929188502e+00, 6.504999940622736565e-01, 1.147385101598377144e+00
1.513069033361593569e-07, -1.574952121897066782e-06, 6.617894459628515710e-07, 5.717461327056875264e-01, -4.711465181229927968e-01, -1.005996149357255981e-01, 3.286465856521222917e-02, -7.497274510078018837e-03
3.021482885598427565e-02, 0.000000000000000000e+00, 0.000000000000000000e+00, 0.000000000000000000e+00, 1.048712485739964562e+00, 4.932240732666786642e-01, -1.051179339665966883e-01, -6.940188316226047351e-10
5.996388182116829189e-09, 7.123102915986787799e-10, 0.000000000000000000e+00, 0.000000000000000000e+00, -0.000000000000000000e+00, 0.000000000000000000e+00, -0.000000000000000000e+00, -0.000000000000000000e+00
0.000000000000000000e+00, 0.000000000000000000e+00, 0.000000000000000000e+00, 1.143226650941842726e+00, 5.371863234895203343e-01, -1.143773856059325661e-01, -2.943090216645737292e-09, -1.047563186606765244e-08
2.807312412447484413e-09, 3.010036575593763412e-03, 5.635492889568372932e-05, -3.066391501689563932e-03, 9.012112781545712499e-05, -4.326236926482264483e-05, -2.507303140498472779e-04, 0.000000000000000000e+00
0.000000000000000000e+00, 0.000000000000000000e+00, 1.217167325038355230e+00, 5.713833469158345890e-01, -1.215357035913188222e-01, -7.043531165757894408e-09, -1.102207115159006088e-08, 6.436222734375247662e-09
3.714694079167638052e-02, 6.963912661682860683e-04, -3.784333208704355328e-02, 1.118559240774772822e-03, -5.779978093939692899e-04, -3.056271151899306662e-03, 0.000000000000000000e+00, 0.000000000000000000e+00
0.000000000000000000e+00, 1.627100503389844022e+00, 7.570812693310547958e-01, -1.595467449740651522e-01, -1.329554386062373514e-07, -5.148075392241267262e-08, 9.784881855640755854e-08, 3.549859294688898492e-01
5.818539864770895693e-03, -3.608044704208554498e-01, 9.684278422544712051e-03, -4.659452777330821797e-03, -2.984031687735068036e-02, 0.000000000000000000e+00, 0.000000000000000000e+00, 0.000000000000000000e+00
1.670987364142189069e+00, 7.766317582859453283e-01, -1.634765977174343077e-01, -1.625082908564064337e-07, -1.126641327531317462e-07, 1.179691802037859431e-07, 3.950816625485126798e-01, 6.357944239383926666e-03
-4.014396069527663147e-01, 1.066333813755765414e-02, -5.113043025078987773e-03, -3.322854710695738456e-02, 0.000000000000000000e+00, 0.000000000000000000e+00, 0.000000000000000000e+00, 1.715012417518476662e+00
7.961827609680623974e-01, -1.673932647953219610e-01, -1.963752081752104823e-07, -5.825126415988304207e-08, 1.408340904725289610e-07, 4.360252835986991315e-01, 6.886868487268921375e-03, -4.429121524357911288e-01
1.165128838306780934e-02, -5.568296459658451415e-03, -3.668942306701940964e-02, 0.000000000000000000e+00, 0.000000000000000000e+00, 0.000000000000000000e+00, 1.748124020936290046e+00, 8.108462484379623803e-01
-1.703220344165489175e-01, -2.249197876514029589e-07, -9.091319732395590482e-08, 1.598897355044170430e-07, 4.672825149479549189e-01, 7.276096701903590931e-03, -4.745586113981162257e-01, 1.239636250511729626e-02
-5.910039616105952458e-03, -3.933379596882093793e-02, 0.000000000000000000e+00, 0.000000000000000000e+00, 0.000000000000000000e+00, 1.781316279528671664e+00, 8.255099071502710606e-01, -1.732431730479314924e-01
-2.562737598222216929e-07, -7.204107132830950299e-08, 1.806630595158382310e-07, 4.990084636226369552e-01, 7.658636277806936225e-03, -5.066670999953675203e-01, 1.314466228629443054e-02, -6.250891028649730764e-03
-4.202094191447539734e-02, 0.000000000000000000e+00, 0.000000000000000000e+00, 0.000000000000000000e+00, -3.307151771043111421e-01, 5.153861373883515951e-01, 9.779740660942644326e-02, 3.116192725290163890e-01
-2.306135968572907424e-02, 2.782273880985167702e-01, -0.000000000000000000e+00, 0.000000000000000000e+00, 0.000000000000000000e+00, 0.000000000000000000e+00, -0.000000000000000000e+00, 0.000000000000000000e+00
0.000000000000000000e+00, 0.000000000000000000e+00, 0.000000000000000000e+00, -3.584185813604949256e-01, 5.599808714482840122e-01, 1.061437616168178222e-01, 3.381859268646458805e-01, -2.472130867857553344e-02
3.021163891028484927e-01, -1.276538689439770703e-03, 1.177106345477483672e-03, 9.943234612608358423e-05, 1.701578994012264024e-03, -1.563351966711334939e-04, 1.657069863322091063e-03, 0.000000000000000000e+00
0.000000000000000000e+00, 0.000000000000000000e+00, -5.530365208527568965e-01, 9.005318058162681272e-01, 1.677323461701477891e-01, 5.338122914973295607e-01, -3.126020541187126550e-02, 4.812633475462742005e-01
-3.846568549135779835e-01, 3.537175134848805080e-01, 3.093934157426622006e-02, 5.089566481689490329e-01, -4.111061146027498309e-02, 4.916182974478131573e-01, 0.000000000000000000e+00, 0.000000000000000000e+00
0.000000000000000000e+00, 8.060239765835174319e-01, 4.497966130866782319e-01, -2.536333359417654917e-03, 1.992090983106615532e-01, 3.394989708451121024e-01, -1.462178138122433302e-01, 0.000000000000000000e+00
-0.000000000000000000e+00, -0.000000000000000000e+00, 0.000000000000000000e+00, 0.000000000000000000e+00, -0.000000000000000000e+00, 0.000000000000000000e+00, 0.000000000000000000e+00, 0.000000000000000000e+00
8.781932335816722279e-01, 4.898313758519229899e-01, -2.366629958270549585e-03, 2.165689687503272731e-01, 3.697639902952959967e-01, -1.589662653160123784e-01, 2.297426063997931502e-03, -2.576734926139460178e-05
-2.271658720442870909e-03, 2.054188632351054526e-03, 3.608295059523572348e-03, -1.598355016063592602e-03, 0.000000000000000000e+00, 0.000000000000000000e+00, 0.000000000000000000e+00, 9.309060993285999119e-01
5.189933159201929325e-01, -2.109017493913352415e-03, 2.290888009356298605e-01, 3.918266053880287147e-01, -1.681632883946715395e-01, 2.479568325192964620e-02, -1.864301895541831025e-04, -2.460925304350927711e-02
2.224988196715663169e-02, 3.897798910916359244e-02, -1.723037848365424271e-02, 0.000000000000000000e+00, 0.000000000000000000e+00, 0.000000000000000000e+00, 1.450585369528047286e+00, 8.016513872947148567e-01
7.257343590713896501e-03, 3.443788871754364656e-01, 6.070863617067877582e-01, -2.531496436972434094e-01, 4.284247567676529034e-01, -8.167867233876982547e-03, -4.202568898285260479e-01, 3.659628504465369248e-01
6.461439709769642992e-01, -2.935607997685923953e-01, 0.000000000000000000e+00, 0.000000000000000000e+00, 0.000000000000000000e+00, 1.478148547656683354e+00, 8.164194182552183543e-01, 8.054937886804140398e-03
3.501447475132519194e-01, 6.184101084768692802e-01, -2.574171757682159334e-01, 4.541137078358291612e-01, -8.866081513110517232e-03, -4.452476263617740071e-01, 3.871788980491204790e-01, 6.836176840672071320e-01
-3.108466056198762040e-01, 0.000000000000000000e+00, 0.000000000000000000e+00, 0.000000000000000000e+00, -1.263191248242556963e-01, -1.044823827498574609e+00, 8.377859864692249747e-02, 2.193079276050920784e-09
-1.295265466821800300e-08, -3.953623108602348995e-11, 0.000000000000000000e+00, -0.000000000000000000e+00, 0.000000000000000000e+00, -0.000000000000000000e+00, 0.000000000000000000e+00, 0.000000000000000000e+00
0.000000000000000000e+00, 0.000000000000000000e+00, 0.000000000000000000e+00, 5.229452482316533368e-01, -5.662818215031562019e-01, 4.182925905925550247e-01, 6.712236021948262454e-10, 1.274302014843327127e-08
-5.973655509472599705e-11, 0.000000000000000000e+00, -0.000000000000000000e+00, 0.000000000000000000e+00, 0.000000000000000000e+00, 0.000000000000000000e+00, 0.000000000000000000e+00, 0.000000000000000000e+00
0.000000000000000000e+00, 0.000000000000000000e+00, -1.013828587606448312e-01, 2.253568509036395495e-01, -2.927594256143225548e-01, 2.181428149194734045e-01, 4.401697073459000520e-01, 1.430002010578871607e-01
-0.000000000000000000e+00, 0.000000000000000000e+00, -0.000000000000000000e+00, 0.000000000000000000e+00, 0.000000000000000000e+00, 0.000000000000000000e+00, 0.000000000000000000e+00, 0.000000000000000000e+00
0.000000000000000000e+00, -1.107475388602195687e-01, 2.466822674262692805e-01, -3.192224354819950261e-01, 2.386180342874597293e-01, 4.812729799317720936e-01, 1.568112652218285885e-01, -3.292121806520825994e-04
1.642189250350569113e-03, -1.312977069555963097e-03, 2.940417615877929242e-03, 5.077835799787147261e-03, 1.679480560588040737e-03, 0.000000000000000000e+00, 0.000000000000000000e+00, 0.000000000000000000e+00
-1.802081690563756833e-01, 4.167830459479323069e-01, -5.030640045640674130e-01, 3.984491914973250504e-01, 7.968196971077832202e-01, 2.735121213443025279e-01, -5.965686506736049555e-02, 2.974928906552600227e-01
-2.378360270555010259e-01, 5.439321289691432249e-01, 9.183454358343096091e-01, 3.064480648903792348e-01, 0.000000000000000000e+00, 0.000000000000000000e+00, 0.000000000000000000e+00, -4.950579938442670747e-01
8.522151394052630835e-02, 9.664915133952747817e-02, -2.800917898248805882e-01, -3.043701746616380710e-01, -2.151941704761692054e-01, -0.000000000000000000e+00, 0.000000000000000000e+00, 0.000000000000000000e+00
-0.000000000000000000e+00, -0.000000000000000000e+00, -0.000000000000000000e+00, 0.000000000000000000e+00, 0.000000000000000000e+00, 0.000000000000000000e+00, -5.406917412199021555e-01, 9.353029194182548023e-02
1.060087690853905723e-01, -3.060788742277542607e-01, -3.323217305735478577e-01, -2.349730968044667634e-01, -2.245807014458289438e-03, 1.144745861039095890e-03, 1.101061154542492485e-03, -3.722528560936835731e-03
-3.174113165561699874e-03, -2.173930881445695646e-03, 0.000000000000000000e+00, 0.000000000000000000e+00, 0.000000000000000000e+00, -8.472368015004516639e-01, 1.573945810822779956e-01, 1.764940603428575283e-01
-4.837325346500970791e-01, -5.184369921444386131e-01, -3.666362048870326351e-01, -3.524013568564204335e-01, 1.799269565974435658e-01, 1.724744002435620038e-01, -5.838373485501858751e-01, -4.933175085617091393e-01
-3.340822691047871107e-01, 0.000000000000000000e+00, 0.000000000000000000e+00, 0.000000000000000000e+00, -8.629784311764768789e-01, 1.610516660736488193e-01, 1.804635342985745350e-01, -4.930034702334765706e-01
-5.279242925114012719e-01, -3.733390180648755718e-01, -3.752960976232518897e-01, 1.915968000600090093e-01, 1.836992969982232382e-01, -6.218899229412699903e-01, -5.252784308929664414e-01, -3.553751344753809938e-01
0.000000000000000000e+00, 0.000000000000000000e+00, 0.000000000000000000e+00, -4.698123248558143672e-01, -5.321172913239213820e-01, -7.777795105312682589e-01, 1.177714850679106862e-01, -7.651364346491831663e-03
5.407689715462938862e-01, 0.000000000000000000e+00, 0.000000000000000000e+00, -0.000000000000000000e+00, 0.000000000000000000e+00, -0.000000000000000000e+00, 0.000000000000000000e+00, 0.000000000000000000e+00
0.000000000000000000e+00, 0.000000000000000000e+00, -5.094302407873139149e-01, -5.779856407996820655e-01, -8.447364054676158585e-01, 1.278662678802716390e-01, -8.091767045188949514e-03, 5.874379649046368446e-01
1.573225372806868962e-04, 1.565582061426694298e-05, -1.729783571031254274e-04, 4.585605493017178274e-04, -8.318732640458893291e-05, 1.728515748696381063e-03, 0.000000000000000000e+00, 0.000000000000000000e+00
0.000000000000000000e+00, -5.393882868143314857e-01, -6.130434570046874310e-01, -8.958810332342873606e-01, 1.355643098304041838e-01, -8.346724917751128375e-03, 6.231282221361307272e-01, 5.753546516599638075e-03
6.256915795233939509e-04, -6.379238014880113383e-03, 1.653188322090953094e-02, -2.877110553134141786e-03, 6.242837823522127960e-02, 0.000000000000000000e+00, 0.000000000000000000e+00, 0.000000000000000000e+00
-5.644499986450761675e-01, -6.426904840066296476e-01, -9.391125492879600634e-01, 1.420562272790967528e-01, -8.492475619731303799e-03, 6.533276343384235574e-01, 1.159904802511227406e-02, 1.295700900565127786e-03
-1.289474901028318278e-02, 3.326583692263562070e-02, -5.730500938332927334e-03, 1.256090762440845998e-01, 0.000000000000000000e+00, 0.000000000000000000e+00, 0.000000000000000000e+00, -5.847510002673578233e-01
-6.669342992821003513e-01, -9.744521876873317723e-01, 1.473510318581150724e-01, -8.561466243028417050e-03, 6.780359874585044633e-01, 1.704637401788855824e-02, 1.918650721886736412e-03, -1.896502482607750548e-02
4.898421579682352145e-02, -8.475906770290508527e-03, 1.847682724758771544e-01, 0.000000000000000000e+00, 0.000000000000000000e+00, 0.000000000000000000e+00, -8.141403530358219953e-01, -9.543905401420215151e-01
-1.392671358097091971e+00, 2.094116354087919296e-01, -6.237782342391647895e-03, 9.717878270480212466e-01, 1.002365746572767002e-01, 1.517681259325990954e-02, -1.154133867460551827e-01, 3.060887460322401221e-01
-5.571364517556876700e-02, 1.136400384656646390e+00, 0.000000000000000000e+00, 0.000000000000000000e+00, 0.000000000000000000e+00, -8.263748525573769710e-01, -9.704684899090296746e-01, -1.416017691907775378e+00
2.128550205765674108e-01, -5.931887211268590566e-03, 9.882609186734527817e-01, 1.053363540104054474e-01, 1.633658076016702987e-02, -1.216729343811151637e-01, 3.227795267600964690e-01, -5.860102413781274888e-02
1.197818666378856367e+00, 0.000000000000000000e+00, 0.000000000000000000e+00, 0.000000000000000000e+00, -8.385389714488938884e-01, -9.865415592673855150e-01, -1.439351867507430160e+00, 2.162952377597791853e-01
-5.605285126987769907e-03, 1.004734095920088555e+00, 1.104683239610742551e-01, 1.754732089994232719e-02, -1.280156453918521453e-01, 3.396763228619435471e-01, -6.149067366785190142e-02, 1.259971489981546844e+00
0.000000000000000000e+00, 0.000000000000000000e+00, 0.000000000000000000e+00, 1.168311394876577758e-01, 3.847615288942617950e-01, -1.322967371032657546e-01, 2.819896480368736524e-01, -3.331139407674941766e-01
3.124631765251346116e-01, -0.000000000000000000e+00, 0.000000000000000000e+00, -0.000000000000000000e+00, 0.000000000000000000e+00, -0.000000000000000000e+00, 0.000000000000000000e+00, 0.000000000000000000e+00
0.000000000000000000e+00, 0.000000000000000000e+00, 1.279970756753326111e-01, 4.207839963989263299e-01, -1.441141757380642874e-01, 3.075970452087227747e-01, -3.635752040182211320e-01, 3.411780668797982363e-01
-1.516477566435770781e-05, 1.118861451173969136e-03, -1.103696674747795545e-03, 2.189840750764918739e-03, -2.366148454370416935e-03, 2.728892815441264982e-03, 0.000000000000000000e+00, 0.000000000000000000e+00
0.000000000000000000e+00, 2.485566440229487195e-01, 7.858298730349609906e-01, -2.465818979693815971e-01, 5.430831414595045370e-01, -6.494388904758291448e-01, 6.160391288945223920e-01, -9.755389335472595611e-03
3.677065703353382675e-01, -3.579511811960337520e-01, 6.947882856253996264e-01, -7.321732557695939114e-01, 8.662406160201936434e-01, 0.000000000000000000e+00, 0.000000000000000000e+00, 0.000000000000000000e+00
-4.153281276317331572e-01, -5.457247268584380917e-01, -1.539200619040432920e-02, -2.160793652981215507e-01, -3.372392560179160448e-01, -3.269984676467085905e-01, -0.000000000000000000e+00, -0.000000000000000000e+00
0.000000000000000000e+00, -0.000000000000000000e+00, -0.000000000000000000e+00, -0.000000000000000000e+00, 0.000000000000000000e+00, 0.000000000000000000e+00, 0.000000000000000000e+00, -4.509107161986619650e-01
-5.926205735979062084e-01, -1.633212166367032508e-02, -2.345236282918354287e-01, -3.661807000794893296e-01, -3.549467485475490958e-01, -3.514735745969705771e-04, -8.337272625074033288e-04, 1.185200835675296509e-03
-1.519525223886158396e-03, -2.529430638054604857e-03, -2.056124717047424794e-03, 0.000000000000000000e+00, 0.000000000000000000e+00, 0.000000000000000000e+00, -7.430382787296259117e-01, -9.806129758305596189e-01
-1.504742900451944317e-02, -3.840396565197509715e-01, -6.049731447603636791e-01, -5.828693030577000167e-01, -1.001267614456842897e-01, -2.402525931788949964e-01, 3.403793532391081733e-01, -4.188888280971030387e-01
-7.311902709133093481e-01, -5.795242360134192916e-01, 0.000000000000000000e+00, 0.000000000000000000e+00, 0.000000000000000000e+00, -7.552821109624631157e-01, -9.969833220106806282e-01, -1.464366214758151818e-02
-3.902238620623890708e-01, -6.150305539169929059e-01, -5.923604991894639848e-01, -1.054006634016955157e-01, -2.530335666106894310e-01, 3.584342301912955553e-01, -4.406225645294696291e-01, -7.702799085580007699e-01
-6.099755933299445543e-01, 0.000000000000000000e+00, 0.000000000000000000e+00, 0.000000000000000000e+00, -1.409391274249580939e-01, -7.951587741737363435e-02, -1.489029911068799616e-01, -4.649293047568295867e-01
-3.161169651001350528e-02, 3.293936780299079325e-01, 0.000000000000000000e+00, 0.000000000000000000e+00, -0.000000000000000000e+00, -0.000000000000000000e+00, -0.000000000000000000e+00, 0.000000000000000000e+00
0.000000000000000000e+00, 0.000000000000000000e+00, 0.000000000000000000e+00, -1.528761253690861799e-01, -8.569419115088221239e-02, -1.618934830529091540e-01, -5.055349469025809395e-01, -3.489580215659394968e-02
3.582084669248348785e-01, 6.374530210449741777e-05, 2.652879989599671992e-05, -9.027410002682961635e-05, -3.840974757490883424e-03, -2.230743894647128391e-04, 2.603585941612663549e-03, 0.000000000000000000e+00
0.000000000000000000e+00, 0.000000000000000000e+00, -2.479422048546907065e-01, -1.188737082377804011e-01, -2.761239105640960201e-01, -8.643519665378696093e-01, -7.871345154347429707e-02, 6.145811282149638011e-01
1.750162158693270228e-02, 4.004055870350076152e-03, -2.150567796839592677e-02, -1.130202051087705328e+00, -7.656744423308405045e-02, 7.710753074670916307e-01, 0.000000000000000000e+00, 0.000000000000000000e+00
0.000000000000000000e+00, 4.042342309849318305e-01, -7.531664966223150515e-01, -1.802514933858149759e-01, -3.963592223813755427e-10, 2.801609538301551728e-10, 9.476081836153882701e-11, 0.000000000000000000e+00
-0.000000000000000000e+00, -0.000000000000000000e+00, 0.000000000000000000e+00, -0.000000000000000000e+00, 0.000000000000000000e+00, 0.000000000000000000e+00, 0.000000000000000000e+00, 0.000000000000000000e+00
4.416789095057049308e-01, -8.213841637938271711e-01, -1.967623225570969692e-01, -1.638320456632703822e-09, -3.840065342348207229e-09, 4.400147269587750851e-10, 2.725030165193393934e-03, -2.718365504286101523e-03
-6.664661476233813623e-06, 9.118450732829769853e-05, -1.985337738823201765e-05, 1.698756861598677166e-04, 0.000000000000000000e+00, 0.000000000000000000e+00, 0.000000000000000000e+00, -2.443383013339186227e-01
-1.879663491999665204e-01, 2.456125375034790281e-01, -2.454515696391592061e-01, -9.790902455204553156e-02, -4.522915293624309996e-01, -0.000000000000000000e+00, -0.000000000000000000e+00, 0.000000000000000000e+00
-0.000000000000000000e+00, -0.000000000000000000e+00, -0.000000000000000000e+00, 0.000000000000000000e+00, 0.000000000000000000e+00, 0.000000000000000000e+00, -2.653759021778722693e-01, -2.044788265794337534e-01
2.676892158790386556e-01, -2.673779613956511203e-01, -1.062414447084166907e-01, -4.925070813008201043e-01, -7.225599082296681273e-04, -3.302065021418633438e-04, 1.052766412165527304e-03, -2.112954538850035993e-03
-4.911936695065476522e-04, -3.267092013323842116e-03, 0.000000000000000000e+00, 0.000000000000000000e+00, 0.000000000000000000e+00, 6.688433096559698310e-01, -3.166823968315100601e-01, -4.121482417205769577e-01
4.858220014860598136e-11, 8.414269346576237343e-09, 7.600123708304855666e-10, 0.000000000000000000e+00, -0.000000000000000000e+00, -0.000000000000000000e+00, 0.000000000000000000e+00, -0.000000000000000000e+00
-0.000000000000000000e+00, 0.000000000000000000e+00, 0.000000000000000000e+00, 0.000000000000000000e+00, 2.491116620753354716e-01, -7.169100370686064261e-02, 5.944576193494560679e-01, 3.824730881529809778e-01
3.090474630603643608e-02, 2.695314203081552451e-01, -0.000000000000000000e+00, -0.000000000000000000e+00, 0.000000000000000000e+00, 0.000000000000000000e+00, 0.000000000000000000e+00, 0.000000000000000000e+00
0.000000000000000000e+00, 0.000000000000000000e+00, 0.000000000000000000e+00, 2.715131230845819199e-01, -7.750933914033829308e-02, 6.476499210305641796e-01, 4.167525647991568993e-01, 3.402273076205570429e-02
2.933829834408518966e-01, -4.254568560117110457e-05, -1.103206980239435000e-03, 1.145752668659584615e-03, 2.680323053490626505e-03, 4.486010762026878466e-04, 1.935227178741463988e-03, 0.000000000000000000e+00
0.000000000000000000e+00, 0.000000000000000000e+00, 4.587403044267436836e-01, -1.112492898208031628e-01, 1.086111228484563540e+00, 7.008952222372114571e-01, 6.792180309961998175e-02, 4.838618226687795287e-01
-1.652010208247708944e-02, -3.439733764630910073e-01, 3.604934781129712773e-01, 8.178315883671789521e-01, 1.482899216618852878e-01, 6.033944372255777289e-01, 0.000000000000000000e+00, 0.000000000000000000e+00
0.000000000000000000e+00, 1.700388208776107135e-01, -1.362465288846154976e-01, -1.795117315309044739e-02, 4.334405228370940555e-01, -2.247146276545454457e-01, -2.866857356412966240e-01, 0.000000000000000000e+00
-0.000000000000000000e+00, -0.000000000000000000e+00, 0.000000000000000000e+00, -0.000000000000000000e+00, -0.000000000000000000e+00, 0.000000000000000000e+00, 0.000000000000000000e+00, 0.000000000000000000e+00
1.853274180583701913e-01, -1.475268014881499501e-01, -1.938132687374091029e-02, 4.717450094927074788e-01, -2.449728400799154882e-01, -3.122014753138082632e-01, 8.290671944799622543e-04, -6.490531206135688501e-04
-1.800140740813175656e-04, 4.387568597147568916e-03, -1.799791439605900965e-03, -2.655565542779664452e-03, 0.000000000000000000e+00, 0.000000000000000000e+00, 0.000000000000000000e+00, 3.293234044263756988e-01
-2.272249557470947812e-01, -2.774523556587082940e-02, 8.143446452295812765e-01, -4.374713122778302599e-01, -5.456456128655489124e-01, 1.992368129332471594e-01, -1.629069897756200147e-01, -3.632982231120205491e-02
1.068993803776616458e+00, -4.431300598754679410e-01, -6.597695886196830450e-01, 0.000000000000000000e+00, 0.000000000000000000e+00, 0.000000000000000000e+00, 3.356224922200516381e-01, -2.297507170617417993e-01
-2.791631743496340162e-02, 8.286787479260564471e-01, -4.459651498098444744e-01, -5.556200550750899358e-01, 2.096013967354789787e-01, -1.716793955948371642e-01, -3.792200061439354036e-02, 1.125328786866656383e+00
-4.667379004786488261e-01, -6.950667223405541106e-01, 0.000000000000000000e+00, 0.000000000000000000e+00, 0.000000000000000000e+00, 1.342362607338623837e-01, 7.352193503414952147e-01, -4.334946354382909761e-01
-1.656166164639319120e-09, -1.320926949990424250e-07, 9.291071843302364149e-11, -0.000000000000000000e+00, 0.000000000000000000e+00, -0.000000000000000000e+00, 0.000000000000000000e+00, -0.000000000000000000e+00
-0.000000000000000000e+00, 0.000000000000000000e+00, 0.000000000000000000e+00, 0.000000000000000000e+00, 1.468194847183914298e-01, 8.049269120912143638e-01, -4.736816327050041853e-01, -6.435277963474685634e-09
-9.519030341426880087e-08, 3.806146886851782161e-10, -3.192513510982536977e-05, 2.737734585056881761e-03, -2.705809453167252413e-03, 6.538814124803486608e-05, -6.768906744553996571e-05, -2.219309711921924337e-04
0.000000000000000000e+00, 0.000000000000000000e+00, 0.000000000000000000e+00, 2.116888383669918994e-01, 1.173164961281240259e+00, -6.759527379336293107e-01, -3.481816650258735640e-07, -1.749936890129253740e-07
2.085696015840916025e-08, -5.372544839361999107e-03, 3.780668402486314084e-01, -3.726942947042721221e-01, 9.512423889361481047e-03, -9.201788201047835306e-03, -2.953846271072584073e-02, 0.000000000000000000e+00
0.000000000000000000e+00, 0.000000000000000000e+00, 2.162693159401393450e-01, 1.199704452289765744e+00, -6.899494074634638929e-01, -4.088947023266118949e-07, -3.892110506616939059e-07, 2.443625884432289587e-08
-5.956889029944653462e-03, 4.115217135110675883e-01, -4.055648244252795243e-01, 1.035882586206130114e-02, -9.978962954484920864e-03, -3.208665204483390071e-02, 0.000000000000000000e+00, 0.000000000000000000e+00
0.000000000000000000e+00, 2.211115375352154244e-01, 1.227840607518416727e+00, -7.047051517811322441e-01, -4.805965492294769788e-07, -3.062545263115396572e-07, 2.880489224707952147e-08, -6.607027711013302614e-03
4.475903030372461733e-01, -4.409832749599804647e-01, 1.127730511589822987e-02, -1.081578820934725980e-02, -3.482239440157576527e-02, 0.000000000000000000e+00, 0.000000000000000000e+00, 0.000000000000000000e+00
1.383115624982492464e-01, 1.801463291414794055e-01, 1.118408681274796063e-01, -4.341815743613962053e-01, 3.423963067816643835e-01, -2.307990416834257152e-01, 0.000000000000000000e+00, 0.000000000000000000e+00
-0.000000000000000000e+00, -0.000000000000000000e+00, 0.000000000000000000e+00, -0.000000000000000000e+00, 0.000000000000000000e+00, 0.000000000000000000e+00, 0.000000000000000000e+00, 1.510488190295396493e-01
1.972244844132843566e-01, 1.224112232171711140e-01, -4.738945298298080644e-01, 3.738335233310346450e-01, -2.523402236412075617e-01, 1.272008887212791877e-04, 2.181948435243032277e-04, -3.453957421715317193e-04
-5.685067379091535318e-03, 4.317802011004971165e-03, -2.391157464528417993e-03, 0.000000000000000000e+00, 0.000000000000000000e+00, 0.000000000000000000e+00, 2.866003284898822612e-01, 3.967347553105123881e-01
2.449656478987437547e-01, -8.870176117733706844e-01, 7.050075230645607149e-01, -4.923268486655045795e-01, 3.387306384021244315e-02, 4.657163935896324602e-02, -8.044470266221286081e-02, -1.287283240803478002e+00
9.851157325143459209e-01, -5.411385592714426096e-01, 0.000000000000000000e+00, 0.000000000000000000e+00, 0.000000000000000000e+00, -5.917512615093747375e-01, 3.821814195201057585e-01, 5.055326351300615251e-01
-1.138511930537149863e-10, 1.122198748103098549e-08, -7.680954727782709085e-10, -0.000000000000000000e+00, 0.000000000000000000e+00, 0.000000000000000000e+00, -0.000000000000000000e+00, 0.000000000000000000e+00
0.000000000000000000e+00, 0.000000000000000000e+00, 0.000000000000000000e+00, 0.000000000000000000e+00, -2.003221268765297491e+00, -9.621629762161491017e-01, -1.972307561665085585e+00, 1.207946531415522957e-09
-4.061861889642824130e-08, 6.686969301189284873e-11, -0.000000000000000000e+00, 0.000000000000000000e+00, -0.000000000000000000e+00, -0.000000000000000000e+00, -0.000000000000000000e+00, -0.000000000000000000e+00
0.000000000000000000e+00, 0.000000000000000000e+00, 0.000000000000000000e+00, -4.267498678702795201e-01, -6.753197510719624597e-02, -2.037705037605232472e-01, -1.163124248259473914e-01, -5.363547275415383453e-01
-1.028315588368726441e-01, -0.000000000000000000e+00, 0.000000000000000000e+00, 0.000000000000000000e+00, -0.000000000000000000e+00, -0.000000000000000000e+00, -0.000000000000000000e+00, 0.000000000000000000e+00
0.000000000000000000e+00, 0.000000000000000000e+00, -4.639715887747288825e-01, -7.341093035340712225e-02, -2.206184236136282117e-01, -1.263153788965620805e-01, -5.831406366545243136e-01, -1.116281636503857200e-01
-9.988585172366704155e-04, 6.943989656293888830e-04, 3.044595487475483032e-04, -1.514606117871538857e-03, -6.760001302908547061e-03, -1.083430785398812853e-03, 0.000000000000000000e+00, 0.000000000000000000e+00
0.000000000000000000e+00, -8.041201034819134286e-01, -1.268337403708042210e-01, -3.483909041671023887e-01, -2.139479538457569885e-01, -1.010816968767289215e+00, -1.874399928457611830e-01, -1.799545315886760255e-01
1.197477530909075993e-01, 6.020677860396694142e-02, -2.775773586226443213e-01, -1.312219723448312836e+00, -1.986927972032535017e-01, 0.000000000000000000e+00, 0.000000000000000000e+00, 0.000000000000000000e+00
-8.162416686348311634e-01, -1.287286981644973904e-01, -3.520797225173634137e-01, -2.169556341095125462e-01, -1.026062594806077755e+00, -1.899911194422192473e-01, -1.875028261100403770e-01, 1.247609789591710150e-01
6.274184733909608791e-02, -2.897394464646543266e-01, -1.371556939648671092e+00, -2.073240536758321484e-01, 0.000000000000000000e+00, 0.000000000000000000e+00, 0.000000000000000000e+00, -8.283530448644220723e-01
-1.306215368333810412e-01, -3.557007930896227688e-01, -2.199528257757260019e-01, -1.041295634527815706e+00, -1.925291459944001859e-01, -1.950902810183361424e-01, 1.298054288063745787e-01, 6.528485399083960861e-02
-3.020027233666737754e-01, -1.431533229134023921e+00, -2.160239640976550080e-01, 0.000000000000000000e+00, 0.000000000000000000e+00, 0.000000000000000000e+00, 7.422756399591580456e-02, 2.059671371653588878e-01
-1.684879211912505836e-01, 5.143756359337225970e-01, -1.989900605401027922e-02, -1.615320545437282651e-01, 0.000000000000000000e+00, 0.000000000000000000e+00, -0.000000000000000000e+00, 0.000000000000000000e+00
-0.000000000000000000e+00, -0.000000000000000000e+00, 0.000000000000000000e+00, 0.000000000000000000e+00, 0.000000000000000000e+00, 8.072344142531302780e-02, 2.247115024805839412e-01, -1.829529280066418406e-01
5.585387963127486088e-01, -2.191296126787897411e-02, -1.755436970816868225e-01, 1.640292369269087539e-04, 1.062904607203627805e-03, -1.226933846359900280e-03, 6.398817614959580874e-03, -3.053216496960554043e-05
-2.048962581255958822e-03, 0.000000000000000000e+00, 0.000000000000000000e+00, 0.000000000000000000e+00, 1.320785528690886501e-01, 3.872514363295556095e-01, -2.916713085378819237e-01, 8.905839061800989720e-01
-4.335502464105653320e-02, -2.840610390249360129e-01, 2.351692141760544988e-02, 1.655157099768106155e-01, -1.890326324228839006e-01, 1.008436428531900075e+00, -6.013790574105529370e-03, -3.234893155982437318e-01
0.000000000000000000e+00, 0.000000000000000000e+00, 0.000000000000000000e+00, 1.348741494094824189e-01, 3.967321010531752457e-01, -2.973355365060443289e-01, 9.078938594575847176e-01, -4.477012642153525845e-02
-2.898823390926169030e-01, 2.491315611592133730e-02, 1.762235453823517983e-01, -2.011367010975621539e-01, 1.074759263996072356e+00, -6.551203841451638636e-03, -3.447741815803389565e-01, 0.000000000000000000e+00
0.000000000000000000e+00, 0.000000000000000000e+00, -4.552596312244409082e-01, -5.043329108136522798e-01, 4.619270400342539440e-01, 3.479413634115798275e-03, 6.849450193072061099e-02, -2.371683388647304880e-01
-0.000000000000000000e+00, -0.000000000000000000e+00, 0.000000000000000000e+00, 0.000000000000000000e+00, 0.000000000000000000e+00, -0.000000000000000000e+00, 0.000000000000000000e+00, 0.000000000000000000e+00
0.000000000000000000e+00, -4.977508235340492027e-01, -5.516189761922893897e-01, 5.060304368125909669e-01, 3.757100591874632401e-03, 7.491709296045494237e-02, -2.594041870593170040e-01, -1.946529446195309227e-03
-2.135186493899386088e-03, 4.081715932409391533e-03, 4.779554996269495815e-05, 8.435723694360414441e-04, -3.444732599938717891e-03, 0.000000000000000000e+00, 0.000000000000000000e+00, 0.000000000000000000e+00
-7.510299050870827831e-01, -8.366236251058969398e-01, 7.833259665327434451e-01, 4.709309056892233177e-03, 1.136474755408562742e-01, -3.934107689123081397e-01, -2.241234194519466649e-01, -2.437307872430014011e-01
4.678542064264687439e-01, 6.419352562713469268e-03, 9.679864900943807582e-02, -3.958929528901664052e-01, 0.000000000000000000e+00, 0.000000000000000000e+00, 0.000000000000000000e+00, -7.701408147784530867e-01
-8.583465808806739483e-01, 8.052657151971257532e-01, 4.730295616795698529e-03, 1.166020492525669666e-01, -4.036236233655717820e-01, -2.459250041702434331e-01, -2.671976772210602480e-01, 5.131226808842686005e-01
7.095140206076620826e-03, 1.061325567626813793e-01, -4.342707567463868767e-01, 0.000000000000000000e+00, 0.000000000000000000e+00, 0.000000000000000000e+00, 4.167640808511521300e-01, 7.627288439749565496e-01
2.304085875859446242e-01, 2.931405255952201916e-01, -3.704096597978682182e-01, 2.540369148334030713e-01, -0.000000000000000000e+00, 0.000000000000000000e+00, -0.000000000000000000e+00, 0.000000000000000000e+00
-0.000000000000000000e+00, 0.000000000000000000e+00, 0.000000000000000000e+00, 0.000000000000000000e+00, 0.000000000000000000e+00, 4.541115364943002497e-01, 8.314504775557166605e-01, 2.512861409935260304e-01
3.188638110672590842e-01, -4.031465420145132761e-01, 2.764550291669102822e-01, -2.757483420843819021e-04, 1.411900215781410756e-03, -1.136151877511537350e-03, 2.637409310848221142e-03, -2.994025172374949369e-03
2.341204956198616322e-03, 0.000000000000000000e+00, 0.000000000000000000e+00, 0.000000000000000000e+00, 4.835204509267352901e-01, 8.856968190739039626e-01, 2.678009087402116739e-01, 3.389320942559124195e-01
-4.287660331814874826e-01, 2.939886892462585388e-01, -3.660289771353613091e-03, 1.890112622295676489e-02, -1.524083641932377602e-02, 3.540217240721685310e-02, -4.017202467117488712e-02, 3.125369148952415049e-02
0.000000000000000000e+00, 0.000000000000000000e+00, 0.000000000000000000e+00, 5.076386170847116963e-01, 9.303054665795554845e-01, 2.814042772675180992e-01, 3.552301975447994531e-01, -4.496344465254965006e-01
3.082669027015451646e-01, -7.112724413330122689e-03, 3.669026497122988145e-02, -2.957754056920171987e-02, 6.854550714790025312e-02, -7.745267274355231713e-02, 6.046383839101766161e-02, 0.000000000000000000e+00
0.000000000000000000e+00, 0.000000000000000000e+00, 7.730523638349400262e-01, 1.427851141707801252e+00, 4.342004966475742078e-01, 5.267908390072172375e-01, -6.723180321845649843e-01, 4.605740537619232300e-01
-6.859149311289190754e-02, 3.367713208047568019e-01, -2.681798281185390209e-01, 6.109016641302631445e-01, -6.678378166035936481e-01, 5.359897818142560499e-01, 0.000000000000000000e+00, 0.000000000000000000e+00
0.000000000000000000e+00, 7.867178505460571403e-01, 1.453784006482972790e+00, 4.422060792613523583e-01, 5.352905415917346144e-01, -6.834857771201834353e-01, 4.682148472342468337e-01, -7.235450344777384635e-02
3.548790106934275324e-01, -2.825245072353970155e-01, 6.432102190590734958e-01, -7.024525486868314905e-01, 5.639022146211561948e-01, 0.000000000000000000e+00, 0.000000000000000000e+00, 0.000000000000000000e+00
8.003960091954290812e-01, 1.479773295631860108e+00, 4.502324678278059600e-01, 5.437659277541951885e-01, -6.946345141484192576e-01, 4.758435253061442105e-01, -7.616789356665287780e-02, 3.732160390093508529e-01
-2.970481459275342018e-01, 6.758963506922254227e-01, -7.374196304675667557e-01, 5.920976029037622324e-01, 0.000000000000000000e+00, 0.000000000000000000e+00, 0.000000000000000000e+00, -5.765136410532000211e-01
-7.603194525797742076e-02, -7.549689835152288697e-02, 4.855403407603357535e-01, 7.786656150785176145e-02, 1.755875672463043380e-01, -0.000000000000000000e+00, 0.000000000000000000e+00, 0.000000000000000000e+00
0.000000000000000000e+00, 0.000000000000000000e+00, 0.000000000000000000e+00, 0.000000000000000000e+00, 0.000000000000000000e+00, 0.000000000000000000e+00, -6.237887469176706112e-01, -8.158019395342031022e-02
-8.173791356329725144e-02, 5.258796153391195327e-01, 8.454117855281235994e-02, 1.902789565261964189e-01, -5.202456321189274230e-04, 2.551591972668615111e-04, 2.650864324064088995e-04, 1.529494487082492778e-03
2.822673947865040516e-04, 5.625564322966664262e-04, 0.000000000000000000e+00, 0.000000000000000000e+00, 0.000000000000000000e+00, -1.092002652318668776e+00, -1.150054064377425828e-01, -1.451973910005515678e-01
9.425925375206275492e-01, 1.605851482386862761e-01, 3.457626970813603151e-01, -4.057146748279674697e-01, 1.902986510565612965e-01, 2.154160236056769651e-01, 1.159004988473167908e+00, 2.213318499572844711e-01
4.422173642747745381e-01, 0.000000000000000000e+00, 0.000000000000000000e+00, 0.000000000000000000e+00, 2.166209622267146195e-01, -4.260298417029890691e-03, -1.975560311221207510e-01, 1.862516133389383599e-01
3.569449120005265264e-01, -3.727771717214358738e-01, 0.000000000000000000e+00, -0.000000000000000000e+00, -0.000000000000000000e+00, 0.000000000000000000e+00, 0.000000000000000000e+00, -0.000000000000000000e+00
0.000000000000000000e+00, 0.000000000000000000e+00, 0.000000000000000000e+00, 4.160262401220159445e-01, -4.331586431159810228e-03, -3.456161777952873049e-01, 3.246790106241246865e-01, 6.514029980947464438e-01
-6.766338118042313221e-01, 2.392965984270507551e-01, -7.183321514998976080e-03, -2.321132760087608049e-01, 3.530296044567322045e-01, 7.250923691747307442e-01, -7.936140766596005980e-01, 0.000000000000000000e+00
0.000000000000000000e+00, 0.000000000000000000e+00, 4.246062125856820968e-01, -4.233995315464133928e-03, -3.510188543892311386e-01, 3.297032414945080814e-01, 6.631075879821122232e-01, -6.885932960171716744e-01
2.526622441877420244e-01, -7.457569478852734204e-03, -2.452046743418773989e-01, 3.721747874818533419e-01, 7.648272585928417300e-01, -8.377424456977885514e-01, 0.000000000000000000e+00, 0.000000000000000000e+00
0.000000000000000000e+00, -7.172440132791184364e-02, 2.442491910654128462e-01, 1.934798410377379652e-01, 1.305693828172353743e-01, 4.231383226570125111e-01, -3.601747150738627834e-01, -0.000000000000000000e+00
0.000000000000000000e+00, 0.000000000000000000e+00, 0.000000000000000000e+00, 0.000000000000000000e+00, -0.000000000000000000e+00, 0.000000000000000000e+00, 0.000000000000000000e+00, 0.000000000000000000e+00
-7.729555369553853250e-02, 2.648543620164158230e-01, 2.103322345987741759e-01, 1.410475666803629180e-01, 4.583906274278701787e-01, -3.903391510141478449e-01, -6.238804240359439954e-04, 4.178047111751239718e-04
2.060757129425123805e-04, 7.330312788177947890e-04, 3.041435317971494939e-03, -2.616620529292174382e-03, 0.000000000000000000e+00, 0.000000000000000000e+00, 0.000000000000000000e+00, 2.954202757842517846e-01
-6.057342744571035664e-02, -2.827656758231836265e-01, -7.190010674204337648e-02, 3.744553473281743705e-01, -3.541625439362164895e-01, 0.000000000000000000e+00, 0.000000000000000000e+00, -0.000000000000000000e+00
-0.000000000000000000e+00, 0.000000000000000000e+00, -0.000000000000000000e+00, 0.000000000000000000e+00, 0.000000000000000000e+00, 0.000000000000000000e+00, 3.233145511104009717e-01, -6.616351815349091892e-02
-3.082432926544248497e-01, -7.899620486843873801e-02, 4.093545074413794116e-01, -3.869408882211046175e-01, 1.443127564632353020e-03, -1.977296557989694691e-06, -1.441150264905984284e-03, -2.715243790184703474e-04
3.856780489547880289e-03, -3.367494124970285812e-03, 0.000000000000000000e+00, 0.000000000000000000e+00, 0.000000000000000000e+00, 5.234461322775421088e-01, -1.041349383238893700e-01, -4.704245164674562552e-01
-1.352215146358364262e-01, 6.523454306918571310e-01, -6.112642055661247076e-01, 2.508789101712982639e-01, 4.005992044262621232e-03, -2.548849012445330020e-01, -5.113375243514851204e-02, 6.676101791442164979e-01
-5.815661865505676875e-01, 0.000000000000000000e+00, 0.000000000000000000e+00, 0.000000000000000000e+00, 5.345976519949218186e-01, -1.061508039608818066e-01, -4.785263373150085431e-01, -1.385913190810587892e-01
6.655598648980610710e-01, -6.232793007513393047e-01, 2.678305705579279716e-01, 4.471683136929051165e-03, -2.723022531453238582e-01, -5.490714350522953036e-02, 7.122004846410684431e-01, -6.206068677952433221e-01
0.000000000000000000e+00, 0.000000000000000000e+00, 0.000000000000000000e+00, -3.701610586308189954e-01, -5.203162063391681968e-01, 6.109477495945683234e-01, 5.754767968237416073e-10, 1.265028077338922511e-08
-1.156542458155073596e-10, -0.000000000000000000e+00, -0.000000000000000000e+00, 0.000000000000000000e+00, -0.000000000000000000e+00, -0.000000000000000000e+00, 0.000000000000000000e+00, 0.000000000000000000e+00
0.000000000000000000e+00, 0.000000000000000000e+00, -5.398155794350166792e-01, 5.442355065472159054e-02, 3.916725728412673857e-01, 2.995762648311590670e-01, 1.583552831038830266e-01, 2.773438307820990517e-02
-0.000000000000000000e+00, 0.000000000000000000e+00, 0.000000000000000000e+00, 0.000000000000000000e+00, 0.000000000000000000e+00, 0.000000000000000000e+00, 0.000000000000000000e+00, 0.000000000000000000e+00
0.000000000000000000e+00, -5.888792266387301577e-01, 5.973369213198263111e-02, 4.280354274441252604e-01, 3.273301213820505318e-01, 1.727825416707732264e-01, 3.044677453754061208e-02, -2.814037885460664561e-03
5.871825630592022397e-04, 2.226855315508427351e-03, 2.981523468561056087e-03, 1.875130037175683348e-03, 3.198333299140299589e-04, 0.000000000000000000e+00, 0.000000000000000000e+00, 0.000000000000000000e+00
-8.499731695726842062e-01, 9.232440289869767169e-02, 6.306854493129350203e-01, 4.813443880162628363e-01, 2.500270383718478096e-01, 4.718487181765677885e-02, -3.544044699473397619e-01, 7.204662505437765818e-02
2.823578450733452150e-01, 3.732855605091304207e-01, 2.387620860878816309e-01, 4.446685640711996179e-02, 0.000000000000000000e+00, 0.000000000000000000e+00, 0.000000000000000000e+00, -8.708686820278938034e-01
9.524510272140754297e-02, 6.475581350994200625e-01, 4.941245514736209987e-01, 2.562461773658915032e-01, 4.869243112060178680e-02, -3.905287340561759968e-01, 7.923759365046864622e-02, 3.112911400010332508e-01
4.111671355532694472e-01, 2.634093637350272687e-01, 4.929279584341724613e-02, 0.000000000000000000e+00, 0.000000000000000000e+00, 0.000000000000000000e+00, -8.917037459127791221e-01, 9.820446051791549558e-02
6.644794109194164244e-01, 5.069355813751744710e-01, 2.624531367436055973e-01, 5.022121913091903700e-02, -4.272875395840428636e-01, 8.651957796455546357e-02, 3.407679627803379963e-01, 4.497175870179733193e-01
2.885477487354854431e-01, 5.424225188974222261e-02, 0.000000000000000000e+00, 0.000000000000000000e+00, 0.000000000000000000e+00, 1.942973737028931558e-01, -2.337935790923019730e-01, 1.545090394666353006e-01
1.933674846122307167e-01, 1.565046182295041707e-02, 4.820722110644813374e-01, 0.000000000000000000e+00, -0.000000000000000000e+00, 0.000000000000000000e+00, 0.000000000000000000e+00, 0.000000000000000000e+00
0.000000000000000000e+00, 0.000000000000000000e+00, 0.000000000000000000e+00, 0.000000000000000000e+00, 2.129007208944294904e-01, -2.547956257311179695e-01, 1.685793218269747429e-01, 2.110588161395284268e-01
1.742933866874380247e-02, 5.256802035540127926e-01, 1.797597005706452191e-03, -2.508461107517829733e-03, 7.108640875678278424e-04, 3.911800765489091385e-03, 9.735622579705230633e-04, 9.785271098533271719e-03
0.000000000000000000e+00, 0.000000000000000000e+00, 0.000000000000000000e+00, 1.918248473720976510e-01, -8.367188251825675993e-02, -3.081343182664923463e-01, -3.360981608212371685e-01, -3.676291111841522019e-01
-1.803668893640793525e-01, 0.000000000000000000e+00, -0.000000000000000000e+00, -0.000000000000000000e+00, -0.000000000000000000e+00, -0.000000000000000000e+00, -0.000000000000000000e+00, 0.000000000000000000e+00
0.000000000000000000e+00, 0.000000000000000000e+00, -2.000724169148831999e-01, 1.734756774285487468e-01, -3.860209311901555140e-01, -1.006698053701898105e-01, 4.921803507847326009e-01, 1.747172491086208812e-01
-0.000000000000000000e+00, 0.000000000000000000e+00, -0.000000000000000000e+00, -0.000000000000000000e+00, 0.000000000000000000e+00, 0.000000000000000000e+00, 0.000000000000000000e+00, 0.000000000000000000e+00
0.000000000000000000e+00, -3.808084835071439134e-01, 3.388955982175260728e-01, -7.073880066005988621e-01, -1.816432874690515065e-01, 9.461665378357541067e-01, 3.377534541610929808e-01, -4.375612695319214263e-02
3.394796663241685386e-01, -2.957235398873204746e-01, -1.138200497059928262e-01, 1.129632711823469249e+00, 4.863431679525734852e-01, 0.000000000000000000e+00, 0.000000000000000000e+00, 0.000000000000000000e+00
-1.027384243717588685e-01, -4.837949953187254404e-01, -1.953361301549825235e-01, -1.724191866844927978e-01, 2.411723502737826430e-01, 4.627020831767129638e-01, 0.000000000000000000e+00, -0.000000000000000000e+00
0.000000000000000000e+00, -0.000000000000000000e+00, 0.000000000000000000e+00, 0.000000000000000000e+00, 0.000000000000000000e+00, 0.000000000000000000e+00, 0.000000000000000000e+00, -1.109429371513689783e-01
-5.255894022667195742e-01, -2.121412394058747874e-01, -1.870474838393738903e-01, 2.619353425098427945e-01, 5.026391949583105534e-01, 9.638769419916153654e-04, -1.212549878589420232e-03, 2.486729343030066181e-04
-1.368577671210487309e-03, 2.493474694124679040e-03, 5.044574679206990583e-03, 0.000000000000000000e+00, 0.000000000000000000e+00, 0.000000000000000000e+00, -1.675556775174664725e-01, -9.117712156999905337e-01
-3.653455080409214739e-01, -3.145232869195139225e-01, 4.519672818612718301e-01, 8.708314368039687947e-01, 2.183705734312266777e-01, -2.643402830412028282e-01, 4.596971058915772651e-02, -2.979753323565381140e-01
5.491910910654480560e-01, 1.146068991977970075e+00, 0.000000000000000000e+00, 0.000000000000000000e+00, 0.000000000000000000e+00, -1.692309098953028446e-01, -9.285670992661060330e-01, -3.719236567451209563e-01
-3.197460947682609911e-01, 4.601721050177480232e-01, 8.868158882157444189e-01, 2.303445812765808898e-01, -2.784655273576065460e-01, 4.812094416631204630e-02, -3.137838030114110111e-01, 5.789257244729666407e-01
1.209593929852760930e+00, 0.000000000000000000e+00, 0.000000000000000000e+00, 0.000000000000000000e+00, 9.679600240776764508e-02, 2.999642949455188037e-04, -5.047016278278598778e-02, 4.596586346548086621e-01
2.106334071853406542e-01, 2.640671178523261720e-01, 0.000000000000000000e+00, -0.000000000000000000e+00, -0.000000000000000000e+00, 0.000000000000000000e+00, 0.000000000000000000e+00, 0.000000000000000000e+00
0.000000000000000000e+00, 0.000000000000000000e+00, 0.000000000000000000e+00, 1.057824829447446824e-01, 1.140941847763918661e-03, -5.486594471533726147e-02, 5.012273012973351705e-01, 2.300858598611640327e-01
2.882312625970790410e-01, 1.140980914208084441e-03, -4.185515635495650573e-04, -7.224293513473244079e-04, 9.310321376909886856e-03, 3.607196293093888149e-03, 4.699785228783818006e-03, 0.000000000000000000e+00
0.000000000000000000e+00, 0.000000000000000000e+00, -1.550426201099640577e-01, 2.021310503434861350e-01, -2.423344012602446085e-01, -4.880408652249783596e-01, 2.267172434101530631e-01, -7.814248654176328412e-02
-0.000000000000000000e+00, 0.000000000000000000e+00, -0.000000000000000000e+00, -0.000000000000000000e+00, 0.000000000000000000e+00, -0.000000000000000000e+00, 0.000000000000000000e+00, 0.000000000000000000e+00
0.000000000000000000e+00, -1.686533627635016241e-01, 2.208146246035690985e-01, -2.634175311796514984e-01, -5.308902538433004636e-01, 2.467577639232714504e-01, -8.542997481667585769e-02, -1.620379483931222485e-04
7.343515775241028169e-04, -5.723136312694989888e-04, -2.980828393896425496e-03, 1.300396081880646247e-03, -3.881550579973324679e-04, 0.000000000000000000e+00, 0.000000000000000000e+00, 0.000000000000000000e+00
-2.804250061472032818e-01, 3.973347030899214150e-01, -4.318453569880460474e-01, -8.831220182144223774e-01, 4.150389420137862162e-01, -1.560722150931799224e-01, -5.621045790791760061e-02, 2.511135198908429067e-01
-1.949030620137510439e-01, -1.047605607318331522e+00, 4.571456335287159001e-01, -1.426525176453598831e-01, 0.000000000000000000e+00, 0.000000000000000000e+00, 0.000000000000000000e+00, -2.853013263869417782e-01
4.059671185412981331e-01, -4.390082985184712294e-01, -8.985235604664695286e-01, 4.225525451869358573e-01, -1.596034690219970131e-01, -5.934460367122860319e-02, 2.648091879692033301e-01, -2.054645840664889866e-01
-1.106088999735483469e+00, 4.826943699202139171e-01, -1.509491620019287605e-01, 0.000000000000000000e+00, 0.000000000000000000e+00, 0.000000000000000000e+00, -6.179737828191171900e-01, 4.554628959637468943e-01
-5.438645633816932001e-01, -5.474627607510323098e-10, -6.384004525842852039e-09, 5.057011239218682661e-11, -0.000000000000000000e+00, 0.000000000000000000e+00, -0.000000000000000000e+00, -0.000000000000000000e+00
-0.000000000000000000e+00, -0.000000000000000000e+00, 0.000000000000000000e+00, 0.000000000000000000e+00, 0.000000000000000000e+00, 6.642435245012244527e-02, -1.089291285638128493e+00, -4.841647076794344806e-01
-5.313361083718928549e-10, 1.454601808831525721e-10, 1.345336533370308810e-11, 0.000000000000000000e+00, -0.000000000000000000e+00, 0.000000000000000000e+00, 0.000000000000000000e+00, -0.000000000000000000e+00
0.000000000000000000e+00, 0.000000000000000000e+00, 0.000000000000000000e+00, 0.000000000000000000e+00, 7.260011360147407278e-02, -1.188314006601436823e+00, -5.286919294196774644e-01, -2.115881095253675154e-09
1.193884085437491851e-08, 6.109932312666716677e-11, 3.342063944106546999e-03, -3.396008537865337611e-03, 5.394458623499668080e-05, 1.064611035623561693e-04, -2.117139805762497257e-05, 2.108742040898846143e-04
0.000000000000000000e+00, 0.000000000000000000e+00, 0.000000000000000000e+00, 7.725861884847951000e-02, -1.262138235859930901e+00, -5.620899785768956880e-01, -4.554683736049923419e-09, 1.807079823833720950e-08
1.365549895026060689e-10, 3.672386947612148178e-02, -3.732548834202396859e-02, 6.016188932500670652e-04, 1.178366715117912938e-03, -2.257419219789244189e-04, 2.309719890420389339e-03, 0.000000000000000000e+00
0.000000000000000000e+00, 0.000000000000000000e+00, 1.057752051423685308e-01, -1.695913580416930522e+00, -7.625029752376821790e-01, -1.602500370605534035e-07, 3.045196896290075797e-07, 5.209757959691854976e-09
3.658010918665012823e-01, -3.703835612109283582e-01, 4.582469239662539419e-03, 1.260214293219151689e-02, -3.398764922053488114e-03, 2.453573908126296249e-02, 0.000000000000000000e+00, 0.000000000000000000e+00
0.000000000000000000e+00, 1.081887277606643494e-01, -1.731473094069266638e+00, -7.792045042365207674e-01, -1.941524639859806446e-07, 3.542100714363969723e-07, 6.339093778934998511e-09, 3.976814843764865381e-01
-4.025461117487942886e-01, 4.864627583724194688e-03, 1.375147941053440209e-02, -3.796660230435804431e-03, 2.674729067884419609e-02, 0.000000000000000000e+00, 0.000000000000000000e+00, 0.000000000000000000e+00
1.106077622439950447e-01, -1.766946986517177631e+00, -7.959059476141548961e-01, -2.326543699294547870e-07, 4.076444457199758282e-07, 7.628748799358237895e-09, 4.299666320268221154e-01, -4.351025231825649264e-01
5.135891783053876149e-03, 1.492067791158410532e-02, -4.207868052140940895e-03, 2.898934820838486998e-02, 0.000000000000000000e+00, 0.000000000000000000e+00, 0.000000000000000000e+00, 1.130323621056134181e-01
-1.802334744033436076e+00, -8.126073909917891358e-01, -2.761106774408774954e-07, 4.669063965721931420e-07, 9.093926432499492760e-09, 4.626452095198565484e-01, -4.680407237315616920e-01, 5.395515400313675471e-03
1.611041085778407156e-02, -4.630349261034302430e-03, 3.126138937182727090e-02, 0.000000000000000000e+00, 0.000000000000000000e+00, 0.000000000000000000e+00, -2.574920943220881941e-01, -1.315493549611614250e-02
-5.002301995611987406e-01, -4.597341953677140935e-01, 2.619365412067047316e-01, -8.504996115480940866e-02, 0.000000000000000000e+00, 0.000000000000000000e+00, -0.000000000000000000e+00, -0.000000000000000000e+00
0.000000000000000000e+00, -0.000000000000000000e+00, 0.000000000000000000e+00, 0.000000000000000000e+00, 0.000000000000000000e+00, -2.812107519402154976e-01, -1.361829604916548961e-02, -5.459043601453226202e-01
-5.020008460687167551e-01, 2.862333988183170530e-01, -9.335789364671488733e-02, 4.869394961280868497e-05, 8.704473671134599615e-04, -9.191413180166876917e-04, -3.562338138506259810e-03, 1.917855112367983835e-03
-6.568622240534539858e-04, 0.000000000000000000e+00, 0.000000000000000000e+00, 0.000000000000000000e+00, -2.994471480548855369e-01, -1.367471640938789333e-02, -5.808592168520063659e-01, -5.344668227945598149e-01
3.049856198790480977e-01, -9.993696277886195134e-02, 7.959400785292533847e-04, 1.424285512136531581e-02, -1.503879513296769825e-02, -5.832533773281078221e-02, 3.144773875361735194e-02, -1.082845567929982024e-02
0.000000000000000000e+00, 0.000000000000000000e+00, 0.000000000000000000e+00, -4.504091471831377924e-01, -2.232877094789403188e-03, -8.639100755018299660e-01, -8.022651200880362987e-01, 4.633215954013332194e-01
-1.622900483638560765e-01, 1.207252259067984924e-02, 2.082883106704788156e-01, -2.203608337011212226e-01, -8.748022008728316701e-01, 4.707768211899237554e-01, -1.677511088270236261e-01, 0.000000000000000000e+00
0.000000000000000000e+00, 0.000000000000000000e+00, -4.594786160725041757e-01, -9.247824212883340488e-04, -8.805923397296728794e-01, -8.183217501751426370e-01, 4.730174262116738637e-01, -1.664671537403047963e-01
1.289528841879371626e-02, 2.220485036801496948e-01, -2.349437921453370048e-01, -9.341411621545332444e-01, 5.026052704198652465e-01, -1.794750265669207423e-01, 0.000000000000000000e+00, 0.000000000000000000e+00
0.000000000000000000e+00, -4.685448741667045947e-01, 4.575281101846087389e-04, -8.972301665524188286e-01, -8.343704174902372150e-01, 4.827339773534854439e-01, -1.706966914018135384e-01, 1.373206861103798415e-02
2.359808151548872246e-01, -2.497128847852061462e-01, -9.944039415263626891e-01, 5.349175646431715281e-01, -1.914228669552651974e-01, 0.000000000000000000e+00, 0.000000000000000000e+00, 0.000000000000000000e+00
-9.030858007230743723e-02, 5.726942075555879752e-01, -5.048021578245058816e-01, -4.863816868229716567e-02, 2.086665382825806658e-01, -5.571994131092709857e-02, -0.000000000000000000e+00, 0.000000000000000000e+00
-0.000000000000000000e+00, -0.000000000000000000e+00, 0.000000000000000000e+00, -0.000000000000000000e+00, 0.000000000000000000e+00, 0.000000000000000000e+00, 0.000000000000000000e+00, -1.463382935495204651e-01
9.434898477430060382e-01, -8.090723483246761161e-01, -7.903236912465792796e-02, 3.389814548802637106e-01, -9.224071887402235381e-02, -5.960409384734956240e-02, 4.201291962848061057e-01, -3.605251029778147598e-01
-4.355921222961466055e-02, 2.906932888551869709e-01, -9.546326068122477915e-02, 0.000000000000000000e+00, 0.000000000000000000e+00, 0.000000000000000000e+00, -1.492647085876257496e-01, 9.635027768229984524e-01
-8.246082302464669000e-01, -8.062842329370191463e-02, 3.458241731061377777e-01, -9.422896096993703396e-02, -6.420596745391486670e-02, 4.524904095819654026e-01, -3.882844415753190503e-01, -4.683480031123744142e-02
3.129388171425481757e-01, -1.028434296205926191e-01, 0.000000000000000000e+00, 0.000000000000000000e+00, 0.000000000000000000e+00, -1.521888653664643098e-01, 9.835645956107176291e-01, -8.400983904450943784e-01
-8.222408681600069935e-02, 3.526652645291278310e-01, -9.622375308799026306e-02, -6.887853731690253556e-02, 4.853120294186241690e-01, -4.164334913459813436e-01, -5.015582365831074141e-02, 3.354824083733927154e-01
-1.103321616620261403e-01, 0.000000000000000000e+00, 0.000000000000000000e+00, 0.000000000000000000e+00, 1.182147620971969737e-02, -5.271045551002321305e-01, 1.203684618193385375e-01, 2.169372897664644251e-01
3.388576466186644653e-01, 2.239961587229105100e-01, 0.000000000000000000e+00, -0.000000000000000000e+00, 0.000000000000000000e+00, 0.000000000000000000e+00, 0.000000000000000000e+00, 0.000000000000000000e+00
0.000000000000000000e+00, 0.000000000000000000e+00, 0.000000000000000000e+00, 1.304379114578401409e-02, -5.723888823406069193e-01, 1.312446772565387942e-01, 2.361337136357546385e-01, 3.686068625280884969e-01
2.435728691716563254e-01, 5.969233237068288832e-04, -1.487529355371235281e-03, 8.906060309986794845e-04, 1.562447885265793191e-03, 2.105777016944208272e-03, 1.722859335324061032e-03, 0.000000000000000000e+00
0.000000000000000000e+00, 0.000000000000000000e+00, 2.708444321806698085e-02, -9.176878121681969480e-01, 2.262131485690983268e-01, 3.954137057474323425e-01, 6.102743388217622966e-01, 4.006750431381708721e-01
1.768068075242527348e-01, -4.336398055221320491e-01, 2.568329987679681126e-01, 4.576846641344582967e-01, 6.093787972230328975e-01, 5.102039931020373453e-01, 0.000000000000000000e+00, 0.000000000000000000e+00
0.000000000000000000e+00, -9.679968411955794383e-02, -4.848861920828627207e-03, -1.946664037696294036e-02, 1.989725215715087980e-02, -3.254040509831992445e-01, -4.774459261469662374e-01, -0.000000000000000000e+00
0.000000000000000000e+00, -0.000000000000000000e+00, 0.000000000000000000e+00, -0.000000000000000000e+00, -0.000000000000000000e+00, 0.000000000000000000e+00, 0.000000000000000000e+00, 0.000000000000000000e+00
-1.045634189387859153e-01, -5.278662306321501956e-03, -2.082623687384156999e-02, 2.220166125305703120e-02, -3.542754354942514450e-01, -5.198570626304367392e-01, -3.356581126138362425e-04, 3.347801568028813514e-04
8.779639126300263465e-07, 1.215895597751740669e-04, -4.062578960537553859e-03, -6.156602041931753810e-03, 0.000000000000000000e+00, 0.000000000000000000e+00, 0.000000000000000000e+00, -1.537200186625538034e-01
-9.485582591548731221e-03, -2.184826775877896088e-02, 6.345110796452173296e-02, -6.415565167752191877e-01, -9.425262667084022272e-01, -7.427179124101782048e-02, 7.807721265238314057e-02, -3.805421171815133539e-03
4.585520326490560156e-02, -8.766959387145280003e-01, -1.314685629269871203e+00, 0.000000000000000000e+00, 0.000000000000000000e+00, 0.000000000000000000e+00, -6.951533358366351889e-01, -8.548540116822813881e-03
-1.166806645019403010e+00, 2.091844618034019019e-11, -2.944772176778366835e-08, -4.889742812679304197e-10, -0.000000000000000000e+00, 0.000000000000000000e+00, -0.000000000000000000e+00, 0.000000000000000000e+00
-0.000000000000000000e+00, -0.000000000000000000e+00, 0.000000000000000000e+00, 0.000000000000000000e+00, 0.000000000000000000e+00, -7.573524316854701732e-01, -9.322893607236829028e-03, -1.270161970169047194e+00
7.477278970886306774e-11, 1.354990616965644015e-09, -1.776667036134023626e-09, -1.314005849813181827e-04, 2.041463563470887008e-03, -1.910062976883236327e-03, 4.188304192569290328e-05, -5.210511810801048995e-05
-1.573599401824079830e-04, 0.000000000000000000e+00, 0.000000000000000000e+00, 0.000000000000000000e+00, -8.057082912028008526e-01, -9.928607439631377193e-03, -1.350116249558380055e+00, 1.699437756362164279e-10
-4.561653478758357701e-08, -4.099128731865393215e-09, -2.412974014765032101e-03, 3.648947822183330747e-02, -3.407650421423166071e-02, 7.640553178220202499e-04, -9.259198220208585909e-04, -2.744150640842442368e-03
0.000000000000000000e+00, 0.000000000000000000e+00, 0.000000000000000000e+00, -8.436877169558130163e-01, -1.040729753285117402e-02, -1.412585137822359727e+00, 3.102461018711563575e-10, -7.907813454527549587e-09
-7.425348746832927081e-09, -4.670641655770043851e-03, 7.027459091646846845e-02, -6.560394928770145462e-02, 1.474210058693511743e-03, -1.793608296037788171e-03, -5.273642237536881917e-03, 0.000000000000000000e+00
0.000000000000000000e+00, 0.000000000000000000e+00, -1.167787007810074273e+00, -1.458329117147367203e-02, -1.935780699645150760e+00, 6.494983529238617935e-09, -8.383704011229373903e-07, -1.514341826677463303e-07
-3.143995208716916789e-02, 4.774450496473366945e-01, -4.460050974967601500e-01, 1.008355398212363273e-02, -1.207011131292020853e-02, -3.511911703020861864e-02, 0.000000000000000000e+00, 0.000000000000000000e+00
0.000000000000000000e+00, -1.191889804961856258e+00, -1.489969362977731221e-02, -1.974086599050637103e+00, 7.458243487877847996e-09, -9.523850829215324274e-07, -1.740533325719383679e-07, -3.376494385760971106e-02
5.116837701962269058e-01, -4.779188254130224967e-01, 1.081715647928940989e-02, -1.289882015811023852e-02, -3.758392305565492336e-02, 0.000000000000000000e+00, 0.000000000000000000e+00, 0.000000000000000000e+00
-5.431388808635854160e-01, 2.339448931658228148e-01, -6.820048727684411283e-01, 1.362276815169913557e-01, 2.664138452285196301e-01, -2.279433658141516786e-02, -0.000000000000000000e+00, 0.000000000000000000e+00
-0.000000000000000000e+00, 0.000000000000000000e+00, 0.000000000000000000e+00, -0.000000000000000000e+00, 0.000000000000000000e+00, 0.000000000000000000e+00, 0.000000000000000000e+00, -5.909704817462192450e-01
2.549334330596407239e-01, -7.416570374598349114e-01, 1.481724174774693981e-01, 2.898623251360824549e-01, -2.468060649852179059e-02, -1.121115437385612756e-03, 2.974677627535499049e-03, -1.853562189096339720e-03
1.786018848532613858e-03, 3.007543487637677308e-03, -3.363167798396353284e-04, 0.000000000000000000e+00, 0.000000000000000000e+00, 0.000000000000000000e+00, -6.276861385219120182e-01, 2.711981654841029155e-01
-7.872821799044250612e-01, 1.573203260927400204e-01, 3.078562419998196464e-01, -2.607831647185161056e-02, -1.311367749987190495e-02, 3.480876315339695437e-02, -2.169508564941579482e-02, 2.087721645187335870e-02
3.507863598379655501e-02, -3.901158320672507267e-03, 0.000000000000000000e+00, 0.000000000000000000e+00, 0.000000000000000000e+00, -8.643670358698484213e-01, 3.799253864046999718e-01, -1.077357145301698127e+00
2.158077962429851560e-01, 4.237321057097028776e-01, -3.378132980316610884e-02, -1.449390520277829553e-01, 3.851066794579307562e-01, -2.401676278758975436e-01, 2.340052893942056733e-01, 3.889337731106781160e-01
-4.110020730574578257e-02, 0.000000000000000000e+00, 0.000000000000000000e+00, 0.000000000000000000e+00, -8.824510904565445735e-01, 3.884738502651375880e-01, -1.099280112210013094e+00, 2.202501454080933174e-01
4.325793447629830424e-01, -3.428621396469914984e-02, -1.568523083061656997e-01, 4.166725010241317251e-01, -2.598201930263712156e-01, 2.533754478403748012e-01, 4.208788511640303986e-01, -4.428799742656833877e-02
0.000000000000000000e+00, 0.000000000000000000e+00, 0.000000000000000000e+00, -4.295019474335241005e-01, 1.339964999561700509e-01, -2.543956890852467900e-01, -4.307609644339979171e-01, -2.372050917667301029e-01
1.550582031691694895e-01, -0.000000000000000000e+00, 0.000000000000000000e+00, -0.000000000000000000e+00, -0.000000000000000000e+00, -0.000000000000000000e+00, 0.000000000000000000e+00, 0.000000000000000000e+00
0.000000000000000000e+00, 0.000000000000000000e+00, -4.675175909560082554e-01, 1.466613851644198718e-01, -2.767925479547553302e-01, -4.692263761433288494e-01, -2.584078773193215217e-01, 1.693182435238168027e-01
-1.413868137746299592e-03, 1.862221753053890354e-03, -4.483536158215212404e-04, -5.191903231029994063e-03, -3.396849933533706897e-03, 1.285642245172172529e-03, 0.000000000000000000e+00, 0.000000000000000000e+00
0.000000000000000000e+00, -7.847685125849033216e-01, 2.722919121547345833e-01, -4.603077290055579418e-01, -7.989188721766815604e-01, -4.405052996566455881e-01, 3.021047874296488578e-01, -2.563472156708966332e-01
3.382451928426357668e-01, -8.189797764241950329e-02, -9.496550788235361695e-01, -6.321453389299105385e-01, 2.341258411167817244e-01, 0.000000000000000000e+00, 0.000000000000000000e+00, 0.000000000000000000e+00
-7.969849460323242818e-01, 2.778857808981604061e-01, -4.672510949572341032e-01, -8.119629201860788514e-01, -4.477381937110863630e-01, 3.077637710990401843e-01, -2.691235282343266699e-01, 3.549929860533793669e-01
-8.586945841684315295e-02, -9.974097813120048617e-01, -6.641842866885400154e-01, 2.461313047513404018e-01, 0.000000000000000000e+00, 0.000000000000000000e+00, 0.000000000000000000e+00, 7.757496886379544598e-01
2.515348491870808001e-01, -3.843745210502588217e-01, -3.787423709315305715e-10, -4.132721046833179657e-09, 5.195497963458163908e-10, 0.000000000000000000e+00, 0.000000000000000000e+00, -0.000000000000000000e+00
0.000000000000000000e+00, -0.000000000000000000e+00, -0.000000000000000000e+00, 0.000000000000000000e+00, 0.000000000000000000e+00, 0.000000000000000000e+00, 8.433742577264115026e-01, 2.732287579682565748e-01
-4.171266010306893812e-01, -1.509299104021612833e-09, -7.175230443098849256e-08, 1.960590678009528283e-09, 3.178258267275627189e-03, 1.161753422345778808e-04, -3.294433605940407048e-03, 9.493251341109763071e-05
-4.265556156329902628e-05, -2.811405891750613675e-04, 0.000000000000000000e+00, 0.000000000000000000e+00, 0.000000000000000000e+00, -4.863994532228899798e-02, 6.889143755337669983e-01, 1.444768350520587441e-01
-3.347426701286770334e-01, -3.265013455824892358e-02, 3.133096919679877468e-01, -0.000000000000000000e+00, 0.000000000000000000e+00, -0.000000000000000000e+00, -0.000000000000000000e+00, 0.000000000000000000e+00
0.000000000000000000e+00, 0.000000000000000000e+00, 0.000000000000000000e+00, 0.000000000000000000e+00, -5.249914451803134458e-02, 7.496502906201757410e-01, 1.570250934772305651e-01, -3.638247898291212534e-01
-3.583735446069671177e-02, 3.408007770424975047e-01, -5.768841778252308330e-04, 6.837750839822260857e-04, -1.068909042546025399e-04, -1.135686334038346797e-03, -1.698395634755395751e-05, 1.145604355770588707e-03
0.000000000000000000e+00, 0.000000000000000000e+00, 0.000000000000000000e+00, -7.458731218895982285e-02, 1.237485664954532938e+00, 2.539957738446766977e-01, -5.886888907012924887e-01, -6.767475916822622561e-02
5.591574523253245443e-01, -3.186226523242449149e-01, 3.733834621704559265e-01, -5.476080987028714153e-02, -6.099552397691879735e-01, -8.455981017767528335e-03, 6.151937703824094106e-01, 0.000000000000000000e+00
0.000000000000000000e+00, 0.000000000000000000e+00, -7.538944909129423333e-02, 1.264574073504630025e+00, 2.591960633166598971e-01, -6.007634498129804657e-01, -6.972610944312772341e-02, 5.711745596088432242e-01
-3.408450468325772142e-01, 3.992236296722377897e-01, -5.837858222986567341e-02, -6.518499373496507987e-01, -9.374332906194389470e-03, 6.569352406607805728e-01, 0.000000000000000000e+00, 0.000000000000000000e+00
0.000000000000000000e+00, -4.377686747207998330e-01, 7.087948486105131174e-01, 3.491598682040472079e-01, 5.539728127701035950e-10, -1.710897680662624983e-08, -2.843599732658884108e-10, -0.000000000000000000e+00
0.000000000000000000e+00, 0.000000000000000000e+00, -0.000000000000000000e+00, 0.000000000000000000e+00, -0.000000000000000000e+00, 0.000000000000000000e+00, 0.000000000000000000e+00, 0.000000000000000000e+00
5.409199217296959405e-01, 3.940132425172477304e-01, -4.483279097565665561e-01, -1.011477643385937097e-01, -1.676048856290473371e-02, -1.974087626505090232e-01, 0.000000000000000000e+00, 0.000000000000000000e+00
-0.000000000000000000e+00, -0.000000000000000000e+00, -0.000000000000000000e+00, -0.000000000000000000e+00, 0.000000000000000000e+00, 0.000000000000000000e+00, 0.000000000000000000e+00, 5.956294311532225327e-01
4.336121933519670457e-01, -4.926225414949877979e-01, -1.111257170175161679e-01, -1.835272456136386593e-02, -2.172253837140548649e-01, 5.225722265065026705e-03, 2.654712114172164388e-03, -7.880434386945828207e-03
-2.298050190642975631e-03, -4.749632107032607329e-04, -6.394055080208182161e-03, 0.000000000000000000e+00, 0.000000000000000000e+00, 0.000000000000000000e+00, 8.409282311583856639e-01, 6.088994335210985431e-01
-6.822876367960560851e-01, -1.537594579298422748e-01, -2.460189117936579725e-02, -3.047533295514419094e-01, 2.340899086442274624e-01, 1.186965899591877621e-01, -3.527864988383102585e-01, -1.027173339752930070e-01
-1.901066687561158916e-02, -2.860463748228314063e-01, 0.000000000000000000e+00, 0.000000000000000000e+00, 0.000000000000000000e+00, 8.637223082005249797e-01, 6.250133870045676554e-01, -6.992428186130049683e-01
-1.575645926863152302e-01, -2.511475951821151228e-02, -3.127859898711196074e-01, 2.603659151365350088e-01, 1.319684928012226643e-01, -3.923344077451911827e-01, -1.142146543895979083e-01, -2.092941899927583740e-02
-3.183723533438830855e-01, 0.000000000000000000e+00, 0.000000000000000000e+00, 0.000000000000000000e+00, -1.239117562300279668e-01, 1.011476594526182771e+00, 1.914000591716419619e-01, -3.370711005459066799e-10
-2.383867019810326576e-09, 1.120841059570344239e-11, -0.000000000000000000e+00, 0.000000000000000000e+00, -0.000000000000000000e+00, -0.000000000000000000e+00, -0.000000000000000000e+00, -0.000000000000000000e+00
0.000000000000000000e+00, 0.000000000000000000e+00, 0.000000000000000000e+00, -1.349846863843956468e-01, 1.103919754035418643e+00, 2.086433135308802811e-01, -1.168541738351531274e-09, 2.579688172481391009e-09
4.826634122006859031e-11, -1.810482266627943008e-03, 2.157796964652988585e-03, -3.473146979364605128e-04, -4.868282197309696069e-05, -1.037329963902563664e-05, -1.240539389806764425e-04, 0.000000000000000000e+00
0.000000000000000000e+00, 0.000000000000000000e+00, -2.078898041213342596e-01, 1.749966760497934093e+00, 3.247837467624380969e-01, -2.555624551438764657e-08, -1.639494154262082429e-07, 1.458494543237797250e-09
-4.679452230696149462e-01, 5.563481042883846595e-01, -8.840288092870508818e-02, -1.518165532015244151e-02, -4.709524877278049881e-04, -3.234856620473260808e-02, 0.000000000000000000e+00, 0.000000000000000000e+00
0.000000000000000000e+00, -2.119288346029963854e-01, 1.787726396619186309e+00, 3.313522844864408845e-01, -2.728474119573704467e-08, -2.007873814182812167e-07, 1.579310710490505134e-09, -5.020078088917760972e-01
5.968253515714742052e-01, -9.481754316104235025e-02, -1.636186329975552328e-02, -4.693889457812497031e-04, -3.472738912251378818e-02, 0.000000000000000000e+00, 0.000000000000000000e+00, 0.000000000000000000e+00
-1.340081337373213444e-01, 3.583202454072122456e-01, 1.163762340285454458e-02, 5.585388498260013268e-02, 4.642968342980520642e-03, -5.083850627448925907e-01, -0.000000000000000000e+00, 0.000000000000000000e+00
-0.000000000000000000e+00, 0.000000000000000000e+00, 0.000000000000000000e+00, -0.000000000000000000e+00, 0.000000000000000000e+00, 0.000000000000000000e+00, 0.000000000000000000e+00, -1.450949024188543102e-01
3.908118656837807348e-01, 1.268610856429676012e-02, 6.087917541538830773e-02, 4.956496805152803276e-03, -5.544702907314630336e-01, -1.348798381660088960e-03, 1.588268919882227133e-03, -2.394705429354613830e-04
5.211603951790507285e-04, 5.739659897248610245e-05, -6.080813174046136894e-03, 0.000000000000000000e+00, 0.000000000000000000e+00, 0.000000000000000000e+00, -2.051430544780651621e-01, 6.277028346567750106e-01
2.020019603238389777e-02, 9.681034395950890992e-02, 5.168309952130307160e-03, -8.902104264863951455e-01, -2.245672177655473889e-01, 2.638605150374234154e-01, -3.929329771512593550e-02, 8.736073556583348609e-02
7.203463106085392434e-03, -9.864847902947292413e-01, 0.000000000000000000e+00, 0.000000000000000000e+00, 0.000000000000000000e+00, -2.073243616873086670e-01, 6.398525691859486830e-01, 2.057989396605904020e-02
9.862610213910855128e-02, 5.090829785739715320e-03, -9.074190898790457371e-01, -2.390330604786588820e-01, 2.808493167631929133e-01, -4.181625615602029000e-02, 9.290209640085987652e-02, 7.568735142575043831e-03
-1.048388047742202067e+00, 0.000000000000000000e+00, 0.000000000000000000e+00, 0.000000000000000000e+00, -2.094200048815245130e-01, 6.520176727213166101e-01, 2.095950761636107898e-02, 1.004418389134070916e-01
5.004678131196238153e-03, -9.246483879819625828e-01, -2.537195017970590993e-01, 2.981064489011515106e-01, -4.438694869351169497e-02, 9.851657137590638658e-02, 7.930151372551538097e-03, -1.111076306082471765e+00
0.000000000000000000e+00, 0.000000000000000000e+00, 0.000000000000000000e+00, -3.250555726811877322e-01, 7.199425581842959776e-01, 2.372392546272958647e-01, -8.962481448509118653e-02, -2.166307872599224638e-01
1.005141995337971300e-01, -0.000000000000000000e+00, 0.000000000000000000e+00, -0.000000000000000000e+00, -0.000000000000000000e+00, -0.000000000000000000e+00, 0.000000000000000000e+00, 0.000000000000000000e+00
0.000000000000000000e+00, 0.000000000000000000e+00, -3.536235584543583887e-01, 7.846280081884410285e-01, 2.584793496197156371e-01, -9.766187894547152804e-02, -2.357191357639266960e-01, 1.096276777222381926e-01
-1.834872267177440307e-03, 1.844391655530272988e-03, -9.519389955944583144e-06, -8.194035135562514676e-04, -1.407798834594447624e-03, 6.444350239672026314e-04, 0.000000000000000000e+00, 0.000000000000000000e+00
0.000000000000000000e+00, -5.136929780708386906e-01, 1.165674732696898808e+00, 3.825072510135467674e-01, -1.447634948444751213e-01, -3.433257035504014287e-01, 1.644049242211159945e-01, -3.656351051219444703e-01
3.693322759592778670e-01, -3.697170198114193944e-03, -1.654274881779921325e-01, -2.822526342583201453e-01, 1.278832017169834467e-01, 0.000000000000000000e+00, 0.000000000000000000e+00, 0.000000000000000000e+00
4.204424534144732273e-01, -2.775882258074808817e-01, -7.283706814419136366e-01, 3.493384499164839446e-10, -2.135720518652275273e-08, 3.576783177572312510e-10, 0.000000000000000000e+00, -0.000000000000000000e+00
-0.000000000000000000e+00, 0.000000000000000000e+00, -0.000000000000000000e+00, -0.000000000000000000e+00, 0.000000000000000000e+00, 0.000000000000000000e+00, 0.000000000000000000e+00, 4.591126710447899217e-01
-3.028038417531802584e-01, -7.938576315406853379e-01, 1.517738249358241262e-09, -2.938996634695087874e-08, 1.391614204807671338e-09, 3.295287759361569761e-03, -1.833735394957393904e-04, -3.111914222859477747e-03
1.044115537021536263e-04, -5.624870453778627326e-05, -2.141440991377039748e-04, 0.000000000000000000e+00, 0.000000000000000000e+00, 0.000000000000000000e+00, 3.705722972756743117e-01, 4.069019308512150102e-01
1.423722744094020110e+00, -3.123182504719352048e-10, -1.227577001601105254e-07, 7.185297974603762928e-11, -0.000000000000000000e+00, -0.000000000000000000e+00, 0.000000000000000000e+00, -0.000000000000000000e+00
-0.000000000000000000e+00, 0.000000000000000000e+00, 0.000000000000000000e+00, 0.000000000000000000e+00, 0.000000000000000000e+00, 4.019031080732448635e-01, 4.413672483215963505e-01, 1.546702877403996146e+00
-9.555818610300629284e-10, 2.095931565536751359e-08, 2.137781192528831144e-10, -1.917431734897169634e-03, -1.441219352448535945e-03, 3.358651090632229844e-03, -7.691451992060719355e-05, -2.240073896247208384e-06
4.011423874661551917e-04, 0.000000000000000000e+00, 0.000000000000000000e+00, 0.000000000000000000e+00, 6.105503387742275967e-01, 6.721813807423020481e-01, 2.409106362192756201e+00, 8.307108085200396083e-08
2.248518019118813292e-06, -1.269490891833289947e-08, -3.251978523450729242e-01, -2.367351249949929404e-01, 5.619329764524475523e-01, -1.106332900044627345e-02, -1.847703569056572716e-03, 7.329408986051770547e-02
0.000000000000000000e+00, 0.000000000000000000e+00, 0.000000000000000000e+00, 6.216631577072070369e-01, 6.845432418054396839e-01, 2.457337814100056583e+00, 1.035132999815473590e-07, 2.575557188830605676e-06
-1.558188255036701171e-08, -3.484684594171849614e-01, -2.534046794803923586e-01, 6.018731395173263499e-01, -1.176353815861874708e-02, -2.087732951321898990e-03, 7.868963434912450150e-02, 0.000000000000000000e+00
0.000000000000000000e+00, 0.000000000000000000e+00, -3.530650299325901464e-01, 9.452591671218554814e-02, -2.580642098587336911e-02, 1.018928293568532872e-01, 1.880459769200821807e-01, 4.895614978155741204e-01
-0.000000000000000000e+00, 0.000000000000000000e+00, 0.000000000000000000e+00, 0.000000000000000000e+00, 0.000000000000000000e+00, 0.000000000000000000e+00, 0.000000000000000000e+00, 0.000000000000000000e+00
0.000000000000000000e+00, -3.831322429952502273e-01, 1.029126528201140811e-01, -2.795398273792267310e-02, 1.112035466923388949e-01, 2.046929224010995696e-01, 5.328612539691739425e-01, -1.727886126262510088e-03
1.191757528688335401e-03, 5.361286069155093590e-04, 1.653585314027251852e-03, 2.740735330257272270e-03, 7.153537750114975086e-03, 0.000000000000000000e+00, 0.000000000000000000e+00, 0.000000000000000000e+00
-5.760362600279259615e-01, 1.628713307207003691e-01, -4.079218131790539326e-02, 1.825456707477922658e-01, 3.231999471282774872e-01, 8.399369088535481032e-01, -2.154253128712262377e-01, 1.513292503479155560e-01
6.409606280168338166e-02, 2.066373375932584189e-01, 3.392022959523564030e-01, 8.686526530576161864e-01, 0.000000000000000000e+00, 0.000000000000000000e+00, 0.000000000000000000e+00, -5.852629294486175748e-01
1.660453515793534618e-01, -4.135630465025028762e-02, 1.865433033771147220e-01, 3.294586003081635406e-01, 8.560761634029248057e-01, -2.295805523483538391e-01, 1.614283312942637327e-01, 6.815222113512384161e-02
2.203633511832863989e-01, 3.614797331380071865e-01, 9.245352426081683284e-01, 0.000000000000000000e+00, 0.000000000000000000e+00, 0.000000000000000000e+00, -5.944091577477513821e-01, 1.692255585700262743e-01
-4.190975476433101560e-02, 1.905715027764170177e-01, 3.357289835930557520e-01, 8.722349395869105626e-01, -2.439463557670129568e-01, 1.716946964686663357e-01, 7.225165829717768162e-02, 2.343155575420117764e-01
3.840984886126622699e-01, 9.811474780189044509e-01, 0.000000000000000000e+00, 0.000000000000000000e+00, 0.000000000000000000e+00, -3.623561721202139818e-01, -1.273844559576686186e-01, -1.041387377648357593e-01
-2.294767292075804155e-01, 2.084772726101982721e-01, 4.873761021938192717e-01, -0.000000000000000000e+00, 0.000000000000000000e+00, 0.000000000000000000e+00, -0.000000000000000000e+00, 0.000000000000000000e+00
0.000000000000000000e+00, 0.000000000000000000e+00, 0.000000000000000000e+00, 0.000000000000000000e+00, -6.865984075752634697e-01, -2.497605209677725424e-01, -2.047658716672700330e-01, -4.503333724172213226e-01
3.995809325774205001e-01, 9.789067164687694778e-01, -2.050387059155255043e-01, 1.454181221302860705e-01, 5.962058563056255728e-02, -5.904997852285095439e-01, 4.553135864669362598e-01, 1.367088138507507544e+00
0.000000000000000000e+00, 0.000000000000000000e+00, 0.000000000000000000e+00, 9.801524835878583364e-02, -3.672400912418452568e-01, -1.423855799445697401e-01, 3.107667636018534574e-01, 1.857482676834223412e-01
3.721503388838373061e-01, 0.000000000000000000e+00, -0.000000000000000000e+00, 0.000000000000000000e+00, 0.000000000000000000e+00, 0.000000000000000000e+00, 0.000000000000000000e+00, 0.000000000000000000e+00
0.000000000000000000e+00, 0.000000000000000000e+00, 1.071083487005736606e-01, -3.987780197329209853e-01, -1.547141557644869936e-01, 3.381196560524205585e-01, 2.024585942610156175e-01, 4.046809168084192776e-01
1.733824308300065510e-03, -1.864472616599898575e-03, 1.306483046749494406e-04, 4.626775650762721126e-03, 2.260528023187657019e-03, 5.383590118637620291e-03, 0.000000000000000000e+00, 0.000000000000000000e+00
0.000000000000000000e+00, 1.870492390740645938e-01, -6.256461277052716152e-01, -2.455241336099097671e-01, 5.494998513827599185e-01, 3.393356055870684340e-01, 6.513067598609723063e-01, 2.408183543659043468e-01
-2.622251473553269263e-01, 2.140679292098058087e-02, 6.509835448384276857e-01, 3.224967683123628470e-01, 7.626780759585373159e-01, 0.000000000000000000e+00, 0.000000000000000000e+00, 0.000000000000000000e+00
1.913864668054394147e-01, -6.361041156668053587e-01, -2.497989434832584565e-01, 5.599189245068821874e-01, 3.464124978070460825e-01, 6.632575107110610935e-01, 2.552327000701433701e-01, -2.780856878856865499e-01
2.285298753572431035e-02, 6.904326262398055025e-01, 3.422985901146642362e-01, 8.091847386529529285e-01, 0.000000000000000000e+00, 0.000000000000000000e+00, 0.000000000000000000e+00, -2.664022435553199952e-01
4.889665160660217058e-01, -6.702900083365441741e-01, -1.211044627214701658e-09, -6.014713930705937997e-09, -1.681471918598484786e-10, -0.000000000000000000e+00, 0.000000000000000000e+00, -0.000000000000000000e+00
0.000000000000000000e+00, -0.000000000000000000e+00, -0.000000000000000000e+00, 0.000000000000000000e+00, 0.000000000000000000e+00, 0.000000000000000000e+00, -2.914989316480724457e-01, 5.356544745211448966e-01
-7.328457593124133584e-01, -4.468811333564356754e-09, -1.816020507915806879e-08, -6.462698248355159920e-10, -5.087197725794022872e-04, 4.659270747696661608e-03, -4.150550971147372835e-03, 8.338823587897919944e-05
-1.162845691278448001e-04, -3.454553845634910150e-04, 0.000000000000000000e+00, 0.000000000000000000e+00, 0.000000000000000000e+00, -1.213672331689612249e-01, -1.215435807421259701e-01, -7.460374182782401054e-01
2.790383065256300532e-01, 3.660491430988896955e-01, -1.061664405333399980e-01, 0.000000000000000000e+00, 0.000000000000000000e+00, -0.000000000000000000e+00, 0.000000000000000000e+00, 0.000000000000000000e+00
-0.000000000000000000e+00, 0.000000000000000000e+00, 0.000000000000000000e+00, 0.000000000000000000e+00, -1.321086701277452979e-01, -1.320444221164745746e-01, -8.110159496651334621e-01, 3.033825126632895830e-01
3.984589095040273476e-01, -1.152106725727020109e-01, 1.473196142257255422e-03, 1.437018431846076019e-03, -2.910214576146656802e-03, 4.345877639173947871e-03, 5.378905134597360832e-03, -1.292148293863014993e-03
0.000000000000000000e+00, 0.000000000000000000e+00, 0.000000000000000000e+00, -1.403747124453856299e-01, -1.400478963080937500e-01, -8.607014208659867771e-01, 3.220103047086894099e-01, 4.234031490423003641e-01
-1.220639650173226537e-01, 1.225874732944744888e-02, 1.196527874463465015e-02, -2.422402596844374506e-02, 3.610621006497994473e-02, 4.467084081782484589e-02, -1.079480185693837933e-02, 0.000000000000000000e+00
0.000000000000000000e+00, 0.000000000000000000e+00, -2.316427958424361333e-01, -2.225718285819923148e-01, -1.385148507833864562e+00, 5.198662669099124445e-01, 6.989908354083810282e-01, -1.894848412604516197e-01
2.299681970639002315e-01, 2.166584505556446993e-01, -4.466266474077631443e-01, 6.758405309634898384e-01, 8.318743819143425977e-01, -1.861052673588126372e-01, 0.000000000000000000e+00, 0.000000000000000000e+00
0.000000000000000000e+00, -2.358081176006258106e-01, -2.261012844655164722e-01, -1.408097388013604956e+00, 5.285884133835270227e-01, 7.115715014594277132e-01, -1.922164359505373898e-01, 2.418914082594797454e-01
2.276047139580671397e-01, -4.694961226229886764e-01, 7.110096822081958257e-01, 8.746912272142106648e-01, -1.950590708373459714e-01, 0.000000000000000000e+00, 0.000000000000000000e+00, 0.000000000000000000e+00
6.079056710119348228e-01, 1.465632739667988849e-01, 5.155180368537689573e-01, -4.007129893857071939e-02, 4.552465311801637826e-01, -2.938292197530161798e-01, 0.000000000000000000e+00, -0.000000000000000000e+00
0.000000000000000000e+00, 0.000000000000000000e+00, 0.000000000000000000e+00, -0.000000000000000000e+00, 0.000000000000000000e+00, 0.000000000000000000e+00, 0.000000000000000000e+00, 6.630026163854866317e-01
1.596596579374011948e-01, 5.626308049146488965e-01, -4.413730277528950946e-02, 4.963149131252324597e-01, -3.200849620900757531e-01, 8.785745024398417067e-04, -1.451704991003496554e-03, 5.731304891942860281e-04
6.448746693553648152e-05, 4.925232685566452440e-03, -3.405073619433723713e-03, 0.000000000000000000e+00, 0.000000000000000000e+00, 0.000000000000000000e+00, 7.035777345718603470e-01, 1.692401783906819224e-01
5.974607402840760306e-01, -4.728046254107250157e-02, 5.264935193748498943e-01, -3.392917889357036643e-01, 9.641021935586581784e-03, -1.578560781334284804e-02, 6.144585876343251589e-03, 5.532033947298053153e-04
5.346487444601336070e-02, -3.690566404558645597e-02, 0.000000000000000000e+00, 0.000000000000000000e+00, 0.000000000000000000e+00, 7.369107116137153524e-01, 1.770597275325446751e-01, 6.261811318011240024e-01
-4.997864890745649935e-02, 5.512334667193639071e-01, -3.549662701821580391e-01, 1.843997640372772862e-02, -3.012364469380117774e-02, 1.168366823106845552e-02, 1.012575881267053623e-03, 1.018831839910394610e-01
-7.039876146242943222e-02, 0.000000000000000000e+00, 0.000000000000000000e+00, 0.000000000000000000e+00, 1.153486040519711597e+00, 2.713388411229739616e-01, 9.921229487202664066e-01, -9.111889915098976556e-02
8.571936057418810817e-01, -5.440645745152310475e-01, 1.899547703218446570e-01, -3.053955595947932533e-01, 1.154407895815685176e-01, 9.748764696744514555e-03, 1.006088926230816138e+00, -7.111293596775152270e-01
0.000000000000000000e+00, 0.000000000000000000e+00, 0.000000000000000000e+00, 1.172814770555140163e+00, 2.755692778071291427e-01, 1.009398739137186363e+00, -9.332751952444495736e-02, 8.712661356588368156e-01
-5.525684297281631130e-01, 1.995438015243075625e-01, -3.204800209715582548e-01, 1.209362196246612786e-01, 9.867349907898993050e-03, 1.054753890707536668e+00, -7.460299401146334164e-01, 0.000000000000000000e+00
0.000000000000000000e+00, 0.000000000000000000e+00, 1.192180917056902656e+00, 2.797945130031154748e-01, 1.026736262442496939e+00, -9.556761639317705448e-02, 8.853551048470420515e-01, -5.610646646539011462e-01
2.092824315159957926e-01, -3.357690171916522526e-01, 1.264865863834277182e-01, 9.940199904253535154e-03, 1.104007376082559722e+00, -7.813798668384982493e-01, 0.000000000000000000e+00, 0.000000000000000000e+00
0.000000000000000000e+00, 1.153867097690006865e-01, 4.765426224402778965e-01, -5.778550684629333301e-01, -2.314553068100455857e-01, 1.314975594838093120e-01, -1.382184039521717339e-02, 0.000000000000000000e+00
0.000000000000000000e+00, -0.000000000000000000e+00, -0.000000000000000000e+00, 0.000000000000000000e+00, -0.000000000000000000e+00, 0.000000000000000000e+00, 0.000000000000000000e+00, 0.000000000000000000e+00
1.258927633341687113e-01, 5.204688689466586693e-01, -6.297564592449190757e-01, -2.522702711171919687e-01, 1.435003466208877865e-01, -1.519628414407569843e-02, 5.531386473401054583e-04, 4.228266024131914838e-03
-4.781404667559123814e-03, -3.865230423295729946e-03, 1.872820320991495186e-03, -6.975574436574831635e-04, 0.000000000000000000e+00, 0.000000000000000000e+00, 0.000000000000000000e+00, 1.746484203629133924e-01
-1.582421774928370328e-01, -3.719973766021312245e-01, 4.720832132501879830e-01, -2.171493520845250991e-01, 8.041845334382435873e-02, 0.000000000000000000e+00, -0.000000000000000000e+00, -0.000000000000000000e+00
0.000000000000000000e+00, -0.000000000000000000e+00, 0.000000000000000000e+00, 0.000000000000000000e+00, 0.000000000000000000e+00, 0.000000000000000000e+00, 3.582531611935449445e-01, -2.855041844255267192e-01
-7.370073779535116776e-01, 9.427323569474542753e-01, -4.418753673592591413e-01, 1.467319798474686354e-01, 4.142856831227290648e-01, -6.382495606169230618e-02, -3.504607271189125739e-01, 1.230852718836193294e+00
-6.061935152782430558e-01, 1.151102725548023564e-01, 0.000000000000000000e+00, 0.000000000000000000e+00, 0.000000000000000000e+00, 1.071545413403611757e-01, -1.219779692201278659e-01, 1.278461147892800132e-01
5.081074788001453679e-02, -5.627506317902423172e-01, -8.035323139135328030e-02, 0.000000000000000000e+00, -0.000000000000000000e+00, 0.000000000000000000e+00, 0.000000000000000000e+00, -0.000000000000000000e+00
-0.000000000000000000e+00, 0.000000000000000000e+00, 0.000000000000000000e+00, 0.000000000000000000e+00, 1.166142288688964967e-01, -1.326885290320660160e-01, 1.402226170783743842e-01, 5.544582502495906673e-02
-6.123304036142324103e-01, -8.745995189842266371e-02, 2.169679433568947550e-04, -4.337016370993204434e-04, 2.167336877940734177e-04, 2.567176250303088701e-04, -6.069064965406347628e-03, -8.137433240947639567e-04
0.000000000000000000e+00, 0.000000000000000000e+00, 0.000000000000000000e+00, 2.051136221890439149e-01, -2.313708414918798639e-01, 2.887359567865647181e-01, 1.034465331376583364e-01, -1.073366169721019725e+00
-1.546618519112335777e-01, 5.729459824429850717e-02, -9.842445942130129133e-02, 4.112986079145208168e-02, 6.277555904623505212e-02, -1.420467064908233157e+00, -1.858462236484049179e-01, 0.000000000000000000e+00
0.000000000000000000e+00, 0.000000000000000000e+00, 2.086118691435550343e-01, -2.352158543243139666e-01, 2.957874837247314037e-01, 1.055174853170479654e-01, -1.091488325743685150e+00, -1.573534614988526814e-01
6.056834668959709678e-02, -1.033352476579915274e-01, 4.276690118135723084e-02, 6.608743800681000924e-02, -1.490952812950601114e+00, -1.950971585763936755e-01, 0.000000000000000000e+00, 0.000000000000000000e+00
0.000000000000000000e+00, 7.509394034740050072e-01, -2.971090042044357560e-01, 7.377188901622869777e-01, 4.019916453886646781e-10, 7.435788433387763134e-09, -1.480812936672933637e-11, 0.000000000000000000e+00
-0.000000000000000000e+00, 0.000000000000000000e+00, 0.000000000000000000e+00, 0.000000000000000000e+00, 0.000000000000000000e+00, 0.000000000000000000e+00, 0.000000000000000000e+00, 0.000000000000000000e+00
6.152744459177987846e-01, -3.466834247031492233e-01, -2.118801589482804948e-01, -2.290485375642488108e-01, -1.083053866516940078e-01, -9.242956714303320054e-02, 0.000000000000000000e+00, -0.000000000000000000e+00
-0.000000000000000000e+00, -0.000000000000000000e+00, -0.000000000000000000e+00, -0.000000000000000000e+00, 0.000000000000000000e+00, 0.000000000000000000e+00, 0.000000000000000000e+00, 6.680339752211383875e-01
-3.756695844387337169e-01, -2.297142424286565676e-01, -2.483377320085339846e-01, -1.175202403461747952e-01, -1.001190897833254267e-01, 2.194024336503505763e-03, -1.351893575153207457e-03, -8.421307589887116855e-04
-1.921276088944158869e-03, -9.289372886720023313e-04, -6.814363004070198970e-04, 0.000000000000000000e+00, 0.000000000000000000e+00, 0.000000000000000000e+00, 9.541867616754889925e-01, -5.251576573434043604e-01
-3.229584311158944510e-01, -3.493041613388052080e-01, -1.667560289813856678e-01, -1.393867935834238458e-01, 3.415331107946723566e-01, -2.106044382750448529e-01, -1.309286726166776771e-01, -2.981391804591284056e-01
-1.419735052757845339e-01, -1.046577276657304767e-01, 0.000000000000000000e+00, 0.000000000000000000e+00, 0.000000000000000000e+00, 9.762066517872133309e-01, -5.361774916483776909e-01, -3.299135913884802540e-01
-3.568433438467768504e-01, -1.704972689140561437e-01, -1.422580150526263909e-01, 3.739204494358192576e-01, -2.305659601442565376e-01, -1.433544890922076598e-01, -3.263692527371437335e-01, -1.552008273942729055e-01
-1.146085338701330475e-01, 0.000000000000000000e+00, 0.000000000000000000e+00, 0.000000000000000000e+00, 9.982828806514498776e-01, -5.471631630927853429e-01, -3.368578349575018782e-01, -3.643719093253998120e-01
-1.742420300187586257e-01, -1.451175064168226392e-01, 4.068331131520322996e-01, -2.508502144867819084e-01, -1.559828985364714038e-01, -3.550318229807758463e-01, -1.686152666059928806e-01, -1.247163111071992597e-01
0.000000000000000000e+00, 0.000000000000000000e+00, 0.000000000000000000e+00, 1.020416390101446913e+00, -5.581145004342182858e-01, -3.437910976070558400e-01, -3.718896651269640308e-01, -1.779905370511546958e-01
-1.479652355680609321e-01, 4.402605203655733379e-01, -2.714518049259698196e-01, -1.688087161327931629e-01, -3.841149721285617713e-01, -1.822151892402692486e-01, -1.349755628142032815e-01, 0.000000000000000000e+00
0.000000000000000000e+00, 0.000000000000000000e+00, -7.512389492576874994e-02, -1.994645063634626070e-01, -2.277252725525042570e-02, 5.514860920830211288e-01, 1.144705602059859113e-02, 1.258903980483964402e-01
0.000000000000000000e+00, -0.000000000000000000e+00, 0.000000000000000000e+00, 0.000000000000000000e+00, 0.000000000000000000e+00, 0.000000000000000000e+00, 0.000000000000000000e+00, 0.000000000000000000e+00
0.000000000000000000e+00, -8.178978395920323552e-02, -2.161954462460213278e-01, -2.480989451720419861e-02, 6.008849463020602411e-01, 1.271513147693434376e-02, 1.371529791705664858e-01, 7.790393784928286922e-05
-2.735605425280270638e-04, 1.956566019917840296e-04, 3.555342902896391731e-03, 2.819544815694377603e-04, 7.993730722273999830e-04, 0.000000000000000000e+00, 0.000000000000000000e+00, 0.000000000000000000e+00
-1.297819995186885456e-01, -3.173105567977773100e-01, -3.981987227177542776e-02, 9.662069513223667805e-01, 2.713183187905382140e-02, 2.204298001002789886e-01, 2.055184126032554362e-02, -8.570033604074044076e-02
6.514849600283531550e-02, 1.056787924309930737e+00, 8.665648717490637143e-02, 2.434032184851113723e-01, 0.000000000000000000e+00, 0.000000000000000000e+00, 0.000000000000000000e+00, -1.321027408593388464e-01
-3.213542964456828077e-01, -4.056109771414905668e-02, 9.843144661190754707e-01, 2.807228448581224403e-02, 2.245705913834007694e-01, 2.166737084815770209e-02, -9.120278550265865924e-02, 6.953541429924309236e-02
1.121910322355810674e+00, 9.221624712098870635e-02, 2.587149366557588426e-01, 0.000000000000000000e+00, 0.000000000000000000e+00, 0.000000000000000000e+00, -1.344185910886863400e-01, -3.253064428101542505e-01
-4.130229639989630580e-02, 1.002428316884911741e+00, 2.903540263077966296e-02, 2.287153426472272322e-01, 2.278246709765390648e-02, -9.680141464150104902e-02, 7.401894751462202715e-02, 1.187844426234592188e+00
9.786580689000087818e-02, 2.742442101247396513e-01, 0.000000000000000000e+00, 0.000000000000000000e+00, 0.000000000000000000e+00, -1.367294752881771658e-01, -3.291656259519207817e-01, -4.204344959937868914e-02
1.020548417998670798e+00, 3.002157428503862691e-02, 2.328643107553716451e-01, 2.389685809911188882e-02, -1.024963827107994441e-01, 7.859952376256375273e-02, 1.254590818715596079e+00, 1.036072141009796582e-01
2.899920023429795601e-01, 0.000000000000000000e+00, 0.000000000000000000e+00, 0.000000000000000000e+00, 2.091709327978509281e-01, -2.809995672395001476e-01, -2.645169502550763219e-01, -1.590151015104865340e-01
3.821019630423989066e-01, -3.493241110794362836e-01, 0.000000000000000000e+00, -0.000000000000000000e+00, -0.000000000000000000e+00, -0.000000000000000000e+00, 0.000000000000000000e+00, -0.000000000000000000e+00
0.000000000000000000e+00, 0.000000000000000000e+00, 0.000000000000000000e+00, 2.287308614905293469e-01, -3.063892510937964442e-01, -2.879722798589932076e-01, -1.739038262612781494e-01, 4.172431314899124333e-01
-3.811788808374882986e-01, 1.975291901595234781e-03, -9.770074540381610238e-04, -9.982844515284328060e-04, -1.808431462691968824e-03, 5.049681425110631901e-03, -4.561265949328522154e-03, 0.000000000000000000e+00
0.000000000000000000e+00, 0.000000000000000000e+00, 4.009265554261706166e-01, -5.101685524330744625e-01, -4.659269630307947274e-01, -3.057519938745590360e-01, 7.138323293622813592e-01, -6.437923432863805751e-01
3.132594938611857338e-01, -1.528335761947786919e-01, -1.604259181427815650e-01, -2.925018550079155899e-01, 7.968042593551709629e-01, -7.293828669627548944e-01, 0.000000000000000000e+00, 0.000000000000000000e+00
0.000000000000000000e+00, -4.829008637835612017e-02, 1.150199192318926839e-01, -3.014074883408080496e-01, 3.840138845372188525e-01, -1.644885547325385111e-01, -3.498101184410561948e-01, 0.000000000000000000e+00
0.000000000000000000e+00, -0.000000000000000000e+00, 0.000000000000000000e+00, -0.000000000000000000e+00, -0.000000000000000000e+00, 0.000000000000000000e+00, 0.000000000000000000e+00, 0.000000000000000000e+00
-5.223378300021581933e-02, 1.259948024045426940e-01, -3.283603799296006542e-01, 4.186414970005886693e-01, -1.797942761541831413e-01, -3.817174810239264970e-01, 4.330870166529961164e-04, 1.361495205853684252e-03
-1.794582229766601873e-03, 5.761805117521218503e-03, -1.928247750206436156e-03, -4.536365175851347908e-03, 0.000000000000000000e+00, 0.000000000000000000e+00, 0.000000000000000000e+00, -2.303241008624778152e-01
2.212022960119063852e-01, -1.692002896120702038e-01, 3.742092291760535372e-01, -8.257423473149851090e-02, 3.752550493775079765e-01, -0.000000000000000000e+00, 0.000000000000000000e+00, -0.000000000000000000e+00
0.000000000000000000e+00, -0.000000000000000000e+00, 0.000000000000000000e+00, 0.000000000000000000e+00, 0.000000000000000000e+00, 0.000000000000000000e+00, -2.498860844640624357e-01, 2.410879063609180362e-01
-1.839153103443837145e-01, 4.066961830969807457e-01, -8.927524451272325634e-02, 4.080721158520974612e-01, -7.219980217563505814e-04, 1.279103221291120595e-03, -5.571052040799966219e-04, 3.810039570302666510e-03
-9.164289295712430613e-04, 3.906237832815120155e-03, 0.000000000000000000e+00, 0.000000000000000000e+00, 0.000000000000000000e+00, -3.898297476584187682e-01, 4.065846614782165913e-01, -2.964765417726461516e-01
6.541355132127797400e-01, -1.306738299839838580e-01, 6.631367420022191705e-01, -1.389614526740298450e-01, 2.421378611725789332e-01, -1.031764087377046585e-01, 7.170613392589491042e-01, -1.684015041215607966e-01
7.244562413872630557e-01, 0.000000000000000000e+00, 0.000000000000000000e+00, 0.000000000000000000e+00, -3.959524343656771750e-01, 4.148636754083274147e-01, -3.017289317475222998e-01, 6.656445870798400888e-01
-1.321964746728835904e-01, 6.752139553712442899e-01, -1.472777224187201139e-01, 2.563521692535525309e-01, -1.090744481657456161e-01, 7.592676517368757150e-01, -1.779674726960832898e-01, 7.665996987753028735e-01
0.000000000000000000e+00, 0.000000000000000000e+00, 0.000000000000000000e+00, -6.192633237789687550e-01, 5.198456321996459684e-01, 2.057433875528941469e-01, 3.958596851340278253e-10, -3.110591781831467643e-08
-4.575572598333901238e-10, -0.000000000000000000e+00, 0.000000000000000000e+00, 0.000000000000000000e+00, -0.000000000000000000e+00, 0.000000000000000000e+00, -0.000000000000000000e+00, 0.000000000000000000e+00
0.000000000000000000e+00, 0.000000000000000000e+00, -1.203342026349178140e-01, 4.439370831512213789e-01, -1.879200923442757021e-01, -1.179317572599445363e-01, -1.099794952512223173e-01, 4.707747500041584710e-01
-0.000000000000000000e+00, 0.000000000000000000e+00, -0.000000000000000000e+00, -0.000000000000000000e+00, -0.000000000000000000e+00, 0.000000000000000000e+00, 0.000000000000000000e+00, 0.000000000000000000e+00
0.000000000000000000e+00, 1.900673009088567691e-02, 6.465584219165486646e-01, -1.322798697259939538e-01, 2.638788582290957363e-01, 2.641663100176530610e-01, -1.216320488515985482e-01, -0.000000000000000000e+00
0.000000000000000000e+00, -0.000000000000000000e+00, 0.000000000000000000e+00, 0.000000000000000000e+00, -0.000000000000000000e+00, 0.000000000000000000e+00, 0.000000000000000000e+00, 0.000000000000000000e+00
2.078163759115515125e-02, 7.061533916433861968e-01, -1.439884088914138716e-01, 2.876137196601605828e-01, 2.879885264825329250e-01, -1.325209790376560004e-01, -9.666728917210532434e-04, 2.690606438069462116e-03
-1.723933541225417974e-03, 3.307420150707447108e-03, 2.978539891706035066e-03, -1.364541241382365199e-03, 0.000000000000000000e+00, 0.000000000000000000e+00, 0.000000000000000000e+00, 3.206345538986320881e-02
1.075624428987740577e+00, -2.097338065957437270e-01, 4.264887660073841680e-01, 4.282376219183758881e-01, -1.954613083558524866e-01, -1.316988062974765172e-01, 3.650939703180325346e-01, -2.333951644708381346e-01
4.502583258702205216e-01, 4.010574358825719221e-01, -1.809050436469580303e-01, 0.000000000000000000e+00, 0.000000000000000000e+00, 0.000000000000000000e+00, 3.284947142480189319e-02, 1.100928919743633605e+00
-2.138692679588900247e-01, 4.355580208437394574e-01, 4.374413876668835632e-01, -1.995288292932872187e-01, -1.426763108690180804e-01, 3.953622557029569107e-01, -2.526859445837126295e-01, 4.876547261600608363e-01
4.340109081713159345e-01, -1.955751940354815144e-01, 0.000000000000000000e+00, 0.000000000000000000e+00, 0.000000000000000000e+00, 4.494379565639906177e-02, -4.201365716616633494e-01, -2.252763883767807396e-01
1.069355330020914652e-01, 4.042936092902008061e-01, -3.380809552680202335e-01, 0.000000000000000000e+00, -0.000000000000000000e+00, -0.000000000000000000e+00, 0.000000000000000000e+00, 0.000000000000000000e+00
-0.000000000000000000e+00, 0.000000000000000000e+00, 0.000000000000000000e+00, 0.000000000000000000e+00, 4.934636842072633034e-02, -4.572819612623674757e-01, -2.447354338853448830e-01, 1.159709460573976475e-01
4.402741652152991070e-01, -3.678399962106520538e-01, 7.641029813790672139e-04, -6.824047689579999841e-04, -8.169821252295554907e-05, 7.889782357073168041e-04, 2.577835072556225460e-03, -2.155449762508238228e-03
0.000000000000000000e+00, 0.000000000000000000e+00, 0.000000000000000000e+00, 5.279406675667475818e-02, -4.850692957041892184e-01, -2.591249549063845414e-01, 1.225769858689387537e-01, 4.672758394853130937e-01
-3.900548458048532230e-01, 1.377124695507544148e-02, -1.230589906010218747e-02, -1.465347921810022935e-03, 1.414160419438987779e-02, 4.636285063380617827e-02, -3.877404380026054642e-02, 0.000000000000000000e+00
0.000000000000000000e+00, 0.000000000000000000e+00, 5.599579677761001850e-02, -5.097018740583535434e-01, -2.717234515732530054e-01, 1.282889476585683530e-01, 4.912932294856807158e-01, -4.097032854176064776e-01
2.820702692403679462e-02, -2.520413785053259373e-02, -3.002889086232942133e-03, 2.889880639265157355e-02, 9.488282569388126197e-02, -7.935196973871952442e-02, 0.000000000000000000e+00, 0.000000000000000000e+00
0.000000000000000000e+00, 8.885244700527045181e-02, -7.228791942536794135e-01, -3.752896831546980727e-01, 1.726933564837135893e-01, 7.021392555269108104e-01, -5.782881405149171705e-01, 2.144040629978971324e-01
-1.896930308504562179e-01, -2.471103303097878234e-02, 2.145150398740625630e-01, 7.085158207135151542e-01, -6.004577970556375099e-01, 0.000000000000000000e+00, 0.000000000000000000e+00, 0.000000000000000000e+00
9.150065199357110268e-02, -7.379602563375623481e-01, -3.822715358377635209e-01, 1.755157096504902647e-01, 7.172506275171602885e-01, -5.901309230262256067e-01, 2.298009375432581158e-01, -2.031974028612806016e-01
-2.660353380265017761e-02, 2.294490004083604429e-01, 7.586600152250726481e-01, -6.435341607083160387e-01, 0.000000000000000000e+00, 0.000000000000000000e+00, 0.000000000000000000e+00, 9.419030299613895263e-02
-7.530215399232228490e-01, -3.891960223138639097e-01, 1.782895798102610840e-01, 7.323701335218301134e-01, -6.019474198277754429e-01, 2.454205842492058753e-01, -2.168786515983859020e-01, -2.854193320985110027e-02
2.445365405284365135e-01, 8.094555072764608727e-01, -6.872292000970223746e-01, 0.000000000000000000e+00, 0.000000000000000000e+00, 0.000000000000000000e+00, -6.440747541265272325e-02, 1.576627895051406492e-01
5.811031944740165933e-01, 5.305430705620058779e-02, -2.768405814504379947e-01, -4.003773382103836265e-01, -0.000000000000000000e+00, -0.000000000000000000e+00, 0.000000000000000000e+00, 0.000000000000000000e+00
-0.000000000000000000e+00, -0.000000000000000000e+00, 0.000000000000000000e+00, 0.000000000000000000e+00, 0.000000000000000000e+00, -6.967866459322547001e-02, 1.719888973216527339e-01, 6.345869935455910049e-01
5.833802904057110161e-02, -3.019463667961606590e-01, -4.367919936419188409e-01, -1.888144832206150800e-03, -5.005132855769258869e-04, 2.388658114011524281e-03, 9.364138506107619287e-04, -4.183729783426146619e-03
-5.330279550345608762e-03, 0.000000000000000000e+00, 0.000000000000000000e+00, 0.000000000000000000e+00, -9.588701559363557725e-02, 2.709524112221008418e-01, 1.016423787717884331e+00, 1.032901246024741648e-01
-4.746899080083180622e-01, -6.890638701566937918e-01, -2.432893425372486818e-01, -6.512963340548989788e-02, 3.084189762390582845e-01, 1.286484384759465083e-01, -5.474648665003587489e-01, -6.830371045644314520e-01
0.000000000000000000e+00, 0.000000000000000000e+00, 0.000000000000000000e+00, -9.672474416038459588e-02, 2.757174881119895393e-01, 1.035328607170202808e+00, 1.058114871277437974e-01, -4.829854468308829585e-01
-7.012445995618694639e-01, -2.578434915953932705e-01, -6.900831839843295235e-02, 3.268518095544080682e-01, 1.367683519416444671e-01, -5.807434890321168108e-01, -7.237818555611001958e-01, 0.000000000000000000e+00
0.000000000000000000e+00, 0.000000000000000000e+00, -9.752220935575253713e-02, 2.804821797064583899e-01, 1.054281288875794864e+00, 1.083666593261109617e-01, -4.912788879339394787e-01, -7.134280688455867381e-01
-2.725842474126159432e-01, -7.292947840624952605e-02, 3.455137253338815828e-01, 1.450227078471563735e-01, -6.144871058169217859e-01, -7.650340161387719773e-01, 0.000000000000000000e+00, 0.000000000000000000e+00
0.000000000000000000e+00, 8.336306502840015176e-01, -2.697455161298210058e-01, -1.317957353282208921e-01, -1.606982498360545953e-10, -2.650561459769955660e-08, 9.702340233077244444e-10, 0.000000000000000000e+00
-0.000000000000000000e+00, -0.000000000000000000e+00, 0.000000000000000000e+00, -0.000000000000000000e+00, 0.000000000000000000e+00, 0.000000000000000000e+00, 0.000000000000000000e+00, 0.000000000000000000e+00
1.505425087398203909e-01, 5.528182295920742728e-01, 2.592647743332113230e-01, 5.697708534755410031e-02, 4.536907510851514447e-01, -3.079713168985674376e-01, -0.000000000000000000e+00, 0.000000000000000000e+00
-0.000000000000000000e+00, 0.000000000000000000e+00, 0.000000000000000000e+00, -0.000000000000000000e+00, 0.000000000000000000e+00, 0.000000000000000000e+00, 0.000000000000000000e+00, 1.642519833447110555e-01
6.022656738446248159e-01, 2.830164389256445978e-01, 6.157532396929458335e-02, 4.939015082360927456e-01, -3.354543107692589676e-01, -4.021519104797492174e-04, 5.688280864696006406e-04, -1.666761751355009787e-04
1.728901187626929916e-04, 2.286819630943275755e-03, -1.689363035345431592e-03, 0.000000000000000000e+00, 0.000000000000000000e+00, 0.000000000000000000e+00, 1.749061615935350589e-01, 6.403794820779827868e-01
3.015252174968930388e-01, 6.494413306801552488e-02, 5.247680808632686489e-01, -3.566188236434723047e-01, -9.094931722015146131e-03, 1.287321385812808562e-02, -3.778282152370361982e-03, 4.042276631628289631e-03
5.154492720514754212e-02, -3.795195547399327074e-02, 0.000000000000000000e+00, 0.000000000000000000e+00, 0.000000000000000000e+00, 3.032778193355784024e-01, 1.076336968650969173e+00, 5.274263195864627995e-01
9.160882368271210108e-02, 8.693867502216985343e-01, -5.984580560732234433e-01, -1.823322712130198142e-01, 2.692552963294959079e-01, -8.692302603600583766e-02, 5.745723382311565541e-02, 1.078784007311871740e+00
-7.965259000078298568e-01, 0.000000000000000000e+00, 0.000000000000000000e+00, 0.000000000000000000e+00, 3.092809788414588867e-01, 1.095837882928497153e+00, 5.380993452029110280e-01, 9.235009996267584675e-02
8.844802273802229164e-01, -6.092870835241347427e-01, -1.914156326141248643e-01, 2.831042645149743353e-01, -9.168863085649307798e-02, 5.954912720574286056e-02, 1.133987091147771409e+00, -8.371121971727596422e-01
0.000000000000000000e+00, 0.000000000000000000e+00, 0.000000000000000000e+00, -1.347084295683169952e-01, 4.293530682130040910e-02, -4.215422470826674095e-02, -4.614065059219495391e-01, 3.119097424650297268e-01
-2.141048975134688115e-01, -0.000000000000000000e+00, 0.000000000000000000e+00, -0.000000000000000000e+00, -0.000000000000000000e+00, 0.000000000000000000e+00, -0.000000000000000000e+00, 0.000000000000000000e+00
0.000000000000000000e+00, 0.000000000000000000e+00, -2.639503519347909943e-01, 1.240303415981571927e-01, -6.813581330008135206e-02, -9.415262966619176721e-01, 6.418692910349853564e-01, -4.590806487143347936e-01
-8.718439066463404274e-02, 1.069687177692932450e-01, -1.978432704291101588e-02, -1.361492803296304954e+00, 9.033807832428905060e-01, -5.191611308830366145e-01, 0.000000000000000000e+00, 0.000000000000000000e+00
0.000000000000000000e+00, -6.894902637547325464e-01, -3.811410790757344680e-01, 4.530245753041193812e-01, 4.125825208046980947e-10, 1.120143983031719027e-08, -2.243144717871424614e-10, -0.000000000000000000e+00
-0.000000000000000000e+00, 0.000000000000000000e+00, -0.000000000000000000e+00, -0.000000000000000000e+00, 0.000000000000000000e+00, 0.000000000000000000e+00, 0.000000000000000000e+00, 0.000000000000000000e+00
-7.489712288478777014e-01, -4.143030277617495982e-01, 4.930381468212688967e-01, 1.868721436326971428e-09, -1.157295232757878866e-09, -9.476936459898548469e-10, -3.434445115615327587e-03, -6.513544309366079430e-04
4.085799553293164958e-03, -9.455370959683822587e-05, 2.229321036577433177e-05, 4.363705264129355381e-04, 0.000000000000000000e+00, 0.000000000000000000e+00, 0.000000000000000000e+00, -1.087447732675042300e-01
1.183007418404159461e-01, 3.254686735872393960e-02, -1.893841293187462083e-01, 1.300230981277000208e-01, 5.263684267951843632e-01, -0.000000000000000000e+00, 0.000000000000000000e+00, -0.000000000000000000e+00
-0.000000000000000000e+00, 0.000000000000000000e+00, 0.000000000000000000e+00, 0.000000000000000000e+00, 0.000000000000000000e+00, 0.000000000000000000e+00, -1.173160337736201264e-01, 1.288527632897098485e-01
3.546055426965884216e-02, -2.058471818579588331e-01, 1.410907304700438625e-01, 5.727073504104672752e-01, -7.138726549894325356e-04, 7.658904243011393359e-04, -5.201777650402083250e-05, -2.431723210304841901e-03
1.494289104514363517e-03, 7.348530206240464629e-03, 0.000000000000000000e+00, 0.000000000000000000e+00, 0.000000000000000000e+00, -1.661491137764665171e-01, 2.234949750028062398e-01, 6.175656265376212178e-02
-3.432641847150216807e-01, 2.275312442006256486e-01, 9.737282604039148026e-01, -1.228267818389487676e-01, 1.367460561972190236e-01, -1.391927413839307362e-02, -3.952417163216059848e-01, 2.378543727276150876e-01
1.183454092205424857e+00, 0.000000000000000000e+00, 0.000000000000000000e+00, 0.000000000000000000e+00, -1.672666203313261934e-01, 2.276093093337605844e-01, 6.290181047885563814e-02, -3.488876783951787020e-01
2.308429867665970359e-01, 9.906505208677620633e-01, -1.295787281225493637e-01, 1.444204301947997759e-01, -1.484170170138248736e-02, -4.157752946215477197e-01, 2.499446111890016309e-01, 1.244829430138694182e+00
0.000000000000000000e+00, 0.000000000000000000e+00, 0.000000000000000000e+00, -1.683039105202897845e-01, 2.317344533417735886e-01, 6.405003899212820262e-02, -3.544984573264786110e-01, 2.341276944372711333e-01
1.007576463043399873e+00, -1.364446487732100810e-01, 1.522291971248102282e-01, -1.578454830531075131e-02, -4.365333846979448928e-01, 2.621469239440125110e-01, 1.306885833501841176e+00, 0.000000000000000000e+00
0.000000000000000000e+00, 0.000000000000000000e+00, 7.565295262897373529e-01, 2.737783176688612374e-01, 1.471698252815991925e-01, -3.084874843294461710e-01, 3.294773245953062923e-02, -3.780570032923303292e-01
0.000000000000000000e+00, -0.000000000000000000e+00, -0.000000000000000000e+00, -0.000000000000000000e+00, -0.000000000000000000e+00, -0.000000000000000000e+00, 0.000000000000000000e+00, 0.000000000000000000e+00
0.000000000000000000e+00, 8.267832657024862808e-01, 2.991397893362993110e-01, 1.605784483794399919e-01, -3.365984241133938570e-01, 3.640285040797505006e-02, -4.126378665780837673e-01, 1.553919090348545662e-03
-4.489049219618212018e-04, -1.105014166762362899e-03, -2.788688893299508687e-03, 1.032674959785920479e-05, -3.353231367380309254e-03, 0.000000000000000000e+00, 0.000000000000000000e+00, 0.000000000000000000e+00
8.812065006290163982e-01, 3.187629278831448087e-01, 1.708673237595828842e-01, -3.581714999698242252e-01, 3.922791402100435365e-02, -4.392281737714357481e-01, 2.222040505629550508e-02, -6.416831726206868522e-03
-1.580357337711744622e-02, -3.979763114171946947e-02, 2.540263587363851853e-04, -4.789243309405644133e-02, 0.000000000000000000e+00, 0.000000000000000000e+00, 0.000000000000000000e+00, 1.465006377747014588e+00
5.276910175399440739e-01, 2.753096743153112258e-01, -5.774287604860991463e-01, 7.821535553805460117e-02, -7.127156148035626027e-01, 4.200533869960976219e-01, -1.197889237370662607e-01, -3.002644641224019861e-01
-7.522382588340411624e-01, 8.912043728878179735e-03, -9.032216444027454383e-01, 0.000000000000000000e+00, 0.000000000000000000e+00, 0.000000000000000000e+00, 1.488511966997929203e+00, 5.360407973955124694e-01
2.793113739518438554e-01, -5.858489637823074414e-01, 8.007212627457402365e-02, -7.233322160462943851e-01, 4.389833600733537566e-01, -1.251114546396435434e-01, -3.138719042224027422e-01, -7.860991480452359514e-01
9.636970767688103970e-03, -9.439559185784826001e-01, 0.000000000000000000e+00, 0.000000000000000000e+00, 0.000000000000000000e+00, -3.801533956720848928e-01, 3.576019263126851144e-01, 1.924866778770051579e-01
1.636357996444128549e-01, -3.461215355491072954e-01, -2.238668492989270287e-01, -0.000000000000000000e+00, 0.000000000000000000e+00, 0.000000000000000000e+00, 0.000000000000000000e+00, -0.000000000000000000e+00
-0.000000000000000000e+00, 0.000000000000000000e+00, 0.000000000000000000e+00, 0.000000000000000000e+00, -4.131450437824978894e-01, 3.893544643526531401e-01, 2.098735832119682510e-01, 1.783339958100567946e-01
-3.764668890943433932e-01, -2.438939700935528199e-01, -2.591316854779769294e-03, 1.840702905807248919e-03, 7.506139462984164892e-04, 2.211337672646977032e-03, -4.237753802086754139e-03, -3.004607298480164047e-03
0.000000000000000000e+00, 0.000000000000000000e+00, 0.000000000000000000e+00, -6.274945182664078969e-01, 6.077122955217398870e-01, 3.342066599836726604e-01, 2.821919923482321124e-01, -5.788877886201106993e-01
-3.842812367480372693e-01, -3.429326936887550636e-01, 2.443102601987799660e-01, 9.862243357999309068e-02, 3.008708234990707386e-01, -5.686058748451140454e-01, -4.011594848627670906e-01, 0.000000000000000000e+00
0.000000000000000000e+00, 0.000000000000000000e+00, -6.387263506735386676e-01, 6.197416466374914279e-01, 3.412701524851577961e-01, 2.880420183299977066e-01, -5.897557737190355365e-01, -3.921463149653533486e-01
-3.658048234520286379e-01, 2.607095464087333392e-01, 1.050952779185159447e-01, 3.215108959306621772e-01, -6.070981899703085105e-01, -4.281700711107945811e-01, 0.000000000000000000e+00, 0.000000000000000000e+00
0.000000000000000000e+00, -6.499214087733686807e-01, 6.317947148268687751e-01, 3.483693490288882200e-01, 2.939171313246599637e-01, -6.006165666367887512e-01, -4.000411037406049197e-01, -3.889657746524794457e-01
2.773284561428262518e-01, 1.116373173630231808e-01, 3.424644114372489834e-01, -6.461497705908071376e-01, -4.555468205513009128e-01, 0.000000000000000000e+00, 0.000000000000000000e+00, 0.000000000000000000e+00
-1.201962026586851084e-01, 6.379902223684910112e-01, -5.203889415523275108e-01, -1.534767409928853685e-09, -3.066721239805760866e-08, -7.372032864108119565e-11, -0.000000000000000000e+00, 0.000000000000000000e+00
-0.000000000000000000e+00, 0.000000000000000000e+00, -0.000000000000000000e+00, -0.000000000000000000e+00, 0.000000000000000000e+00, 0.000000000000000000e+00, 0.000000000000000000e+00, -1.312331397992424764e-01
6.973597514640764716e-01, -5.677348989634601883e-01, -5.537319472246747427e-09, -3.786421046477385522e-08, -2.752485916966070771e-10, -3.069075769462152842e-04, 2.758379337635113917e-03, -2.451471761146973780e-03
4.875394218497867602e-05, -6.886580962549888483e-05, -2.047204168193351287e-04, 0.000000000000000000e+00, 0.000000000000000000e+00, 0.000000000000000000e+00, 2.115793074412306296e-01, -3.290593272266266189e-01
-3.179149568798164127e-01, 5.269148720244781064e-02, -4.692792900476637774e-01, -1.501224190029575578e-01, 0.000000000000000000e+00, -0.000000000000000000e+00, -0.000000000000000000e+00, 0.000000000000000000e+00
-0.000000000000000000e+00, -0.000000000000000000e+00, 0.000000000000000000e+00, 0.000000000000000000e+00, 0.000000000000000000e+00, 2.298129850826602094e-01, -3.570530087711136225e-01, -3.441491440786618727e-01
5.740526628823514055e-02, -5.095869704020146163e-01, -1.629429314529011463e-01, 6.639281572588107269e-04, -1.964347483606523610e-04, -4.674934101124701659e-04, 1.082931241239193284e-04, -1.890571228616097369e-03
-5.613547762511479069e-04, 0.000000000000000000e+00, 0.000000000000000000e+00, 0.000000000000000000e+00, -3.285592512308545959e-02, -2.514947784634097294e-01, -4.104999907247851576e-01, -4.214873317826790533e-01
-2.032738867276268676e-03, 3.387440914962952521e-01, 0.000000000000000000e+00, -0.000000000000000000e+00, -0.000000000000000000e+00, -0.000000000000000000e+00, -0.000000000000000000e+00, 0.000000000000000000e+00
0.000000000000000000e+00, 0.000000000000000000e+00, 0.000000000000000000e+00, -3.536055940554048982e-02, -2.730426174698356578e-01, -4.466078653808639443e-01, -4.585965464245133627e-01, -2.719108877613064714e-03
3.686179504740615953e-01, 9.110985273855734144e-04, -1.518135313225380954e-04, -7.592849978262962429e-04, -4.177424289294495371e-03, -2.870601614102665606e-04, 3.342937696400685634e-03, 0.000000000000000000e+00
0.000000000000000000e+00, 0.000000000000000000e+00, -3.708758190940372040e-02, -2.889549116115817107e-01, -4.736456717991455179e-01, -4.863987789559051644e-01, -3.429843639163088469e-03, 3.910198823999323503e-01
1.152216738951674334e-02, -1.930557474473369945e-03, -9.591609913996313602e-03, -5.292178950145226546e-02, -3.606859040295241556e-03, 4.233172851772908779e-02, 0.000000000000000000e+00, 0.000000000000000000e+00
0.000000000000000000e+00, -4.497822608322864235e-02, -3.964872672191206981e-01, -6.676238068413384852e-01, -6.864585025272322838e-01, -1.462637469127549446e-02, 5.528620248381378444e-01, 1.421324811640268526e-01
-2.452286070812293231e-02, -1.176096201935651897e-01, -6.632149047849311696e-01, -4.989944293635141526e-02, 5.321733649111372033e-01, 0.000000000000000000e+00, 0.000000000000000000e+00, 0.000000000000000000e+00
-4.529303384659986303e-02, -4.042892854193773644e-01, -6.824614478410397922e-01, -7.018102560489060116e-01, -1.588571410909721607e-02, 5.653281725282657266e-01, 1.539454504157424797e-01, -2.662929258024262710e-02
-1.273161580471997290e-01, -7.190845212191174785e-01, -5.454721216577092940e-02, 5.770630181070963705e-01, 0.000000000000000000e+00, 0.000000000000000000e+00, 0.000000000000000000e+00, -4.556580694992346664e-02
-4.120237484893423674e-01, -6.972870162509169356e-01, -7.171574716467453703e-01, -1.720377094351631733e-02, 5.777985584680125353e-01, 1.659174344972332293e-01, -2.877428693355993036e-02, -1.371431476242477299e-01
-7.758449603552608487e-01, -5.932211491453537322e-02, 6.226657196611719014e-01, 0.000000000000000000e+00, 0.000000000000000000e+00, 0.000000000000000000e+00, -4.579586577488933136e-02, -4.196896289745625785e-01
-7.121002980179593767e-01, -7.325005346161699293e-01, -1.858175593187662636e-02, 5.902736107634005691e-01, 1.780427127023945510e-01, -3.095599830121930837e-02, -1.470867152983340032e-01, -8.334949559920603601e-01
-6.422324731094528061e-02, 6.689774999166214764e-01, 0.000000000000000000e+00, 0.000000000000000000e+00, 0.000000000000000000e+00, -6.130830140011319651e-01, -2.954369719191147770e-01, -1.282054348763018992e-01
7.879351807226261939e-02, 4.325976677007300486e-01, -3.035453213835045405e-01, -0.000000000000000000e+00, 0.000000000000000000e+00, 0.000000000000000000e+00, 0.000000000000000000e+00, 0.000000000000000000e+00
-0.000000000000000000e+00, 0.000000000000000000e+00, 0.000000000000000000e+00, 0.000000000000000000e+00, -6.654612292705630594e-01, -3.209416664562555477e-01, -1.386781175770450958e-01, 8.517239947713778347e-02
4.696855626626624813e-01, -3.296889641586701614e-01, -2.513154726262338871e-04, 2.451933725224297484e-05, 2.267961360082510229e-04, 9.901264324272612621e-05, 9.053341490386097304e-04, -5.723633211657872108e-04
0.000000000000000000e+00, 0.000000000000000000e+00, 0.000000000000000000e+00, -7.088970375179949324e-01, -3.421953110042756374e-01, -1.471716768401448994e-01, 9.032081320188972695e-02, 5.004933563330002944e-01
-3.514507705549552163e-01, -1.483984439644753413e-02, 1.527479297847805654e-03, 1.331236507689616266e-02, 5.976210823128597430e-03, 5.323218736411705621e-02, -3.370987117285167978e-02, 0.000000000000000000e+00
0.000000000000000000e+00, 0.000000000000000000e+00, -7.434668128577752721e-01, -3.591978627525729828e-01, -1.537648734710221898e-01, 9.429454681252692760e-02, 5.250572664812155343e-01, -3.688450607188000219e-01
-2.930778995347775931e-02, 3.015595186226875755e-03, 2.629219479484559696e-02, 1.172585382764631048e-02, 1.053145472955142048e-01, -6.661458778068989062e-02, 0.000000000000000000e+00, 0.000000000000000000e+00
0.000000000000000000e+00, -1.147403938263350742e+00, -5.632329788453730446e-01, -2.205914743395352984e-01, 1.328348770757301900e-01, 8.150167716843208510e-01, -5.769969299415793618e-01, -2.863411070845806039e-01
2.572147657153478137e-02, 2.606196312327285214e-01, 9.352553665962683171e-02, 1.066808257411138827e+00, -6.613089867323396209e-01, 0.000000000000000000e+00, 0.000000000000000000e+00, 0.000000000000000000e+00
-1.167915097131894564e+00, -5.738618239203376881e-01, -2.234791778905897697e-01, 1.343847493076371913e-01, 8.298986788467100917e-01, -5.878233459457556931e-01, -3.017182680416560236e-01, 2.705988581176271487e-02
2.746583826297278041e-01, 9.773083003305894911e-02, 1.126036047855891287e+00, -6.975902058024470165e-01, 0.000000000000000000e+00, 0.000000000000000000e+00, 0.000000000000000000e+00, -1.188370088490335430e+00
-5.844910114801200596e-01, -2.263038856404881449e-01, 1.358844582164014381e-01, 8.447581532535398674e-01, -5.986495907075232159e-01, -3.172519648319709895e-01, 2.841278914152755436e-02, 2.888391767735977167e-01
1.019135107779554211e-01, 1.186051069843377714e+00, -7.343278936542846358e-01, 0.000000000000000000e+00, 0.000000000000000000e+00, 0.000000000000000000e+00, 2.486769846257686489e-01, -3.256830048672172961e-01
5.966240926850329140e-01, -1.533071318095132474e-01, 2.920743703577146633e-01, -1.651017523933324127e-01, 0.000000000000000000e+00, -0.000000000000000000e+00, 0.000000000000000000e+00, -0.000000000000000000e+00
0.000000000000000000e+00, -0.000000000000000000e+00, 0.000000000000000000e+00, 0.000000000000000000e+00, 0.000000000000000000e+00, 2.714157717751501941e-01, -3.549072985776100531e-01, 6.515942758654328371e-01
-1.675204229865442929e-01, 3.187592889819567676e-01, -1.801242602760387557e-01, 7.182938263237293331e-04, -3.888847638232100380e-03, 3.170553813307502942e-03, -2.377242117527487639e-03, 4.094230255904045268e-03
-2.317973469399083920e-03, 0.000000000000000000e+00, 0.000000000000000000e+00, 0.000000000000000000e+00, 4.117999346609743094e-01, -5.274521343795971484e-01, 9.968080554052217712e-01, -2.580517359195139693e-01
4.832035668491567737e-01, -2.718313342908290076e-01, 7.395900368262028901e-02, -3.932562240166920797e-01, 3.192972201780023833e-01, -2.411930325689897736e-01, 4.142171105438661738e-01, -2.353488368175953582e-01
0.000000000000000000e+00, 0.000000000000000000e+00, 0.000000000000000000e+00, 4.202775041641476639e-01, -5.374743960318097979e-01, 1.017958290943597133e+00, -2.636650406763443311e-01, 4.931194441548708007e-01
-2.773177056120987305e-01, 7.949406238679440628e-02, -4.224860504604109335e-01, 3.429919891707986501e-01, -2.591028202662586377e-01, 4.450750160585054127e-01, -2.530030063859415868e-01, 0.000000000000000000e+00
0.000000000000000000e+00, 0.000000000000000000e+00, 2.396482286191065625e-01, -5.402239925801259612e-02, 1.596681558419404123e-01, -1.124425390336277059e-01, -5.385652957973943167e-01, -9.615731103335611873e-02
0.000000000000000000e+00, -0.000000000000000000e+00, 0.000000000000000000e+00, -0.000000000000000000e+00, -0.000000000000000000e+00, -0.000000000000000000e+00, 0.000000000000000000e+00, 0.000000000000000000e+00
0.000000000000000000e+00, 2.604869314051799223e-01, -5.863758552690404025e-02, 1.744887475193105109e-01, -1.220098310108246736e-01, -5.852781272124030210e-01, -1.042168885191750577e-01, 3.396469906455080968e-04
-3.789359505955949728e-04, 3.928896095417913208e-05, -8.221519448293744840e-04, -3.218475155759385579e-03, -6.414080562511485914e-04, 0.000000000000000000e+00, 0.000000000000000000e+00, 0.000000000000000000e+00
4.521119816967508198e-01, -9.884340875594030407e-02, 3.373436710767128699e-01, -2.044529261650950558e-01, -1.011793735467374500e+00, -1.702361991591124224e-01, 1.430548347302447731e-01, -1.487153303640088020e-01
5.660496946963066225e-03, -3.181820752077063053e-01, -1.268011832692571117e+00, -2.450245982163073988e-01, 0.000000000000000000e+00, 0.000000000000000000e+00, 0.000000000000000000e+00, -4.385724384260182573e-02
-4.596150106511538991e-01, -7.563585721835357385e-04, 3.508902727454852322e-01, -3.227589123042820529e-01, -2.624524517739702523e-01, 0.000000000000000000e+00, -0.000000000000000000e+00, 0.000000000000000000e+00
0.000000000000000000e+00, -0.000000000000000000e+00, -0.000000000000000000e+00, 0.000000000000000000e+00, 0.000000000000000000e+00, 0.000000000000000000e+00, -4.739742645764292300e-02, -4.984564706903214515e-01
-5.201399955592557771e-04, 3.813892521367616140e-01, -3.508896519917532042e-01, -2.852641025683178011e-01, 6.810838643380979184e-04, -1.522182928075221453e-03, 8.410990637049515703e-04, 3.581085955519883613e-03
-2.694441169591326336e-03, -2.693546083635233509e-03, 0.000000000000000000e+00, 0.000000000000000000e+00, 0.000000000000000000e+00, -7.264159172369293038e-02, -8.294914643984627745e-01, 9.810960560172532138e-03
6.658049127851267679e-01, -6.157951084619098792e-01, -4.982390356416830368e-01, 1.590521929444902727e-01, -3.557858883567140973e-01, 1.967336945933499948e-01, 8.323198915205248793e-01, -6.209178677685550651e-01
-6.442253592921591832e-01, 0.000000000000000000e+00, 0.000000000000000000e+00, 0.000000000000000000e+00, -3.146314050954021058e-01, -4.550728913775890505e-01, 2.609508270907569538e-01, 4.137526118491007265e-01
1.849693715867641586e-01, -9.105596355224310559e-03, -0.000000000000000000e+00, -0.000000000000000000e+00, 0.000000000000000000e+00, 0.000000000000000000e+00, 0.000000000000000000e+00, -0.000000000000000000e+00
0.000000000000000000e+00, 0.000000000000000000e+00, 0.000000000000000000e+00, -3.431784778893918753e-01, -4.955569086024541048e-01, 2.849836931238244886e-01, 4.516533517152460653e-01, 2.017226157930757102e-01
-9.641207826495532332e-03, -6.746743036163955869e-04, -2.283760165240796003e-03, 2.958434469295783027e-03, 6.545115812595377926e-03, 2.852662932947418271e-03, -3.729139916386894015e-04, 0.000000000000000000e+00
0.000000000000000000e+00, 0.000000000000000000e+00, -1.307956368499295918e-01, -3.618580868174448711e-02, 9.498864366832214801e-01, 2.672888091443078740e-11, 7.563581934688348217e-09, -2.257593929436873819e-11
-0.000000000000000000e+00, -0.000000000000000000e+00, 0.000000000000000000e+00, -0.000000000000000000e+00, -0.000000000000000000e+00, 0.000000000000000000e+00, 0.000000000000000000e+00, 0.000000000000000000e+00
0.000000000000000000e+00, -2.059205592301514565e-01, 1.891589883617095513e-01, 1.672498920885115703e-01, -1.058671088026686830e-01, 3.916577175622995566e-01, -3.553076633295033648e-01, -0.000000000000000000e+00
0.000000000000000000e+00, 0.000000000000000000e+00, -0.000000000000000000e+00, 0.000000000000000000e+00, -0.000000000000000000e+00, 0.000000000000000000e+00, 0.000000000000000000e+00, 0.000000000000000000e+00
-2.236539949847253794e-01, 2.060258733115947483e-01, 1.826381416485717279e-01, -1.157493904882962860e-01, 4.263599489053260805e-01, -3.870679928990741203e-01, -1.063259934149943806e-03, 5.579352557685232942e-04
5.053246791224750819e-04, -9.457867155105444774e-04, 3.172155241540049533e-03, -2.993263501152932434e-03, 0.000000000000000000e+00, 0.000000000000000000e+00, 0.000000000000000000e+00, -3.325209925215469320e-01
3.194283758839392973e-01, 2.939056366779658758e-01, -1.895428496264498497e-01, 6.561803188168680023e-01, -6.020334263276208020e-01, -2.111950812601085803e-01, 1.111799835993110275e-01, 1.000150984114612784e-01
-1.968885133745496285e-01, 6.338118704955317817e-01, -5.929247960768793124e-01, 0.000000000000000000e+00, 0.000000000000000000e+00, 0.000000000000000000e+00, -3.380675983601298951e-01, 3.257143422280370237e-01
3.004363084243114601e-01, -1.939801471404969113e-01, 6.687615414057435093e-01, -6.140239482271653282e-01, -2.256251343577679036e-01, 1.188151790923769602e-01, 1.068099545024480540e-01, -2.108741195879222929e-01
6.774602032099921178e-01, -6.334535629030193515e-01, 0.000000000000000000e+00, 0.000000000000000000e+00, 0.000000000000000000e+00, -3.435697881989172031e-01, 3.320080572911352501e-01, 3.070128089203258415e-01
-1.984595702871212730e-01, 6.813428068052214126e-01, -6.260379731473245668e-01, -2.402494242005835390e-01, 1.265637264407346307e-01, 1.136856977834619226e-01, -2.251046630010761496e-01, 7.217463345947571218e-01
-6.745372790652887085e-01, 0.000000000000000000e+00, 0.000000000000000000e+00, 0.000000000000000000e+00, -3.490269626894778598e-01, 3.383098421527505617e-01, 3.136359515674508880e-01, -2.029818682518616524e-01
6.939241578259036647e-01, -6.380759720047231021e-01, -2.550684214272678774e-01, 1.344265715210158363e-01, 1.206418500636939201e-01, -2.395798417935166014e-01, 7.666714948398096752e-01, -7.161752068229217949e-01
0.000000000000000000e+00, 0.000000000000000000e+00, 0.000000000000000000e+00, -6.799703738168355605e-02, -1.043092909229909937e+00, -1.145179071266355875e+00, 1.938992161047161384e-10, 2.854504069790828514e-09
-7.909227780074294860e-11, 0.000000000000000000e+00, -0.000000000000000000e+00, -0.000000000000000000e+00, 0.000000000000000000e+00, -0.000000000000000000e+00, -0.000000000000000000e+00, 0.000000000000000000e+00
0.000000000000000000e+00, 0.000000000000000000e+00, -7.388525577194819671e-02, -1.131793651514914290e+00, -1.242241323511934947e+00, 7.203574303732574034e-10, -2.708314966819694176e-09, -2.559677656877840500e-10
1.804535083170702220e-03, -6.605902762482673872e-04, -1.143944803860476485e-03, 8.745645126109829689e-05, -2.181484074515244032e-05, -2.407659289286325792e-05, 0.000000000000000000e+00, 0.000000000000000000e+00
0.000000000000000000e+00, -7.861926286728103397e-02, -1.202621994830562313e+00, -1.319641436752052810e+00, 1.506145189550050858e-09, -3.420518166308358282e-09, -5.371948760956951087e-10, 3.751022302423453331e-02
-1.381205609965197381e-02, -2.369816688865734877e-02, 1.774626686637124180e-03, -4.516490610958672825e-04, -4.408604925358932595e-04, 0.000000000000000000e+00, 0.000000000000000000e+00, 0.000000000000000000e+00
-8.278482543510815028e-02, -1.264474410422678829e+00, -1.387109575900024483e+00, 2.596726423521505732e-09, -1.219380396370076892e-08, -9.681583661046814589e-10, 7.546827995470296868e-02, -2.771895587939633004e-02
-4.774932401159354828e-02, 3.515656426417941138e-03, -9.125167177834589069e-04, -7.940152966155622103e-04, 0.000000000000000000e+00, 0.000000000000000000e+00, 0.000000000000000000e+00, -8.637502956317216762e-02
-1.317387372924348821e+00, -1.444723399388264218e+00, 3.987311491492355189e-09, -1.710231301403524368e-08, -1.546599533136764412e-09, 1.132506757458928703e-01, -4.142804113838172153e-02, -7.182263449540779443e-02
5.249128426536727419e-03, -1.371689518877778789e-03, -1.098214481558757631e-03, 0.000000000000000000e+00, 0.000000000000000000e+00, 0.000000000000000000e+00, -1.218764438769804059e-01, -1.824602421910767935e+00
-1.993261125296895475e+00, 6.431450142197346442e-08, -2.449112164586364758e-07, -2.472360699047384796e-08, 5.969722674338865387e-01, -2.151395275758112569e-01, -3.818327403765803818e-01, 2.837603113538330821e-02
-6.373238640089464759e-03, -4.906259312518150735e-03, 0.000000000000000000e+00, 0.000000000000000000e+00, 0.000000000000000000e+00, -1.243744853266946782e-01, -1.859313429427247977e+00, -2.030584264517986792e+00
7.249971071284800034e-08, -2.842348140869604695e-07, -2.787072115292021707e-08, 6.345098488716026663e-01, -2.286893128117328255e-01, -4.058205362317463538e-01, 3.017341115907403240e-02, -6.686102806394297014e-03
-5.176289984990439623e-03, 0.000000000000000000e+00, 0.000000000000000000e+00, 0.000000000000000000e+00, 1.098519731698811841e-01, 7.078241610159420327e-01, -4.039018441180269869e-02, -1.433049590323889622e-01
7.497992822185264861e-02, -4.085756969659256610e-01, -0.000000000000000000e+00, 0.000000000000000000e+00, -0.000000000000000000e+00, -0.000000000000000000e+00, 0.000000000000000000e+00, -0.000000000000000000e+00
0.000000000000000000e+00, 0.000000000000000000e+00, 0.000000000000000000e+00, 1.203440062628245155e-01, 7.722838279040172837e-01, -4.400064063037596729e-02, -1.562212280968318101e-01, 8.193501357588459100e-02
-4.457796942810589580e-01, -9.814266016202090326e-04, 2.466587460768964769e-03, -1.485160854404331265e-03, -1.654855160529040579e-03, 4.584057973143269740e-04, -4.781114880316491948e-03, 0.000000000000000000e+00
0.000000000000000000e+00, 0.000000000000000000e+00, 2.336860602648447305e-01, 1.382549304931121714e+00, -7.627936913346582137e-02, -2.745840774184078459e-01, 1.513151437859049653e-01, -7.979796075641345521e-01
-2.227262402336141478e-01, 5.489242408139485274e-01, -3.261979999644388784e-01, -3.713464104019421064e-01, 9.908703014197649261e-02, -1.033927088277332373e+00, 0.000000000000000000e+00, 0.000000000000000000e+00
0.000000000000000000e+00, 2.388325582151476778e-01, 1.407437162906280292e+00, -7.752188264678662455e-02, -2.792693339404709874e-01, 1.542720720807373713e-01, -8.123457325910649063e-01, -2.344162757662597574e-01
5.774573111164734707e-01, -3.430410354212004576e-01, -3.906657631593398183e-01, 1.043598430165295771e-01, -1.086199164357055436e+00, 0.000000000000000000e+00, 0.000000000000000000e+00, 0.000000000000000000e+00
3.997181405575122581e-01, -3.304801094388864352e-02, 4.627945433748419102e-02, -5.073442513838970491e-01, 2.024626826735269336e-01, -5.555076986495826458e-02, 0.000000000000000000e+00, -0.000000000000000000e+00
-0.000000000000000000e+00, -0.000000000000000000e+00, 0.000000000000000000e+00, -0.000000000000000000e+00, 0.000000000000000000e+00, 0.000000000000000000e+00, 0.000000000000000000e+00, 4.339691909638189182e-01
-3.501120348618360495e-02, 5.036434032544142431e-02, -5.505856566866810242e-01, 2.199292799445090041e-01, -6.061023921228802375e-02, 8.629902630778769771e-04, -5.875986128530161050e-04, -2.753916477438853234e-04
-3.815344361841771417e-03, 1.658133217939143081e-03, -5.761146172646498418e-04, 0.000000000000000000e+00, 0.000000000000000000e+00, 0.000000000000000000e+00, 7.465614200493237984e-01, -3.019012497727537395e-02
9.110198896311573480e-02, -9.394963891473994133e-01, 3.831152899967739112e-01, -1.145836256820923216e-01, 2.481617886148780872e-01, -1.763898325398647882e-01, -7.177195635634975313e-02, -1.105662930942057809e+00
4.936906802018753426e-01, -1.812786870387468885e-01, 0.000000000000000000e+00, 0.000000000000000000e+00, 0.000000000000000000e+00, 7.593506593543509764e-01, -2.916857838727551083e-02, 9.289854658762297657e-02
-9.552092500987374724e-01, 3.899469202766749909e-01, -1.170725377708847353e-01, 2.606450873243885691e-01, -1.856032899438210537e-01, -7.504179621191418847e-02, -1.161739706651533588e+00, 5.190222677745310875e-01
-1.910705461042903897e-01, 0.000000000000000000e+00, 0.000000000000000000e+00, 0.000000000000000000e+00, 7.721529987036551690e-01, -2.807813080867691685e-02, 9.470788317689070313e-02, -9.709224535348932594e-01
3.967995705622624492e-01, -1.195870184918486900e-01, 2.732701518445361799e-01, -1.949496261762492799e-01, -7.832052612266508784e-02, -1.218495065713457226e+00, 5.446665308365532532e-01, -2.010252262284241698e-01
0.000000000000000000e+00, 0.000000000000000000e+00, 0.000000000000000000e+00, 5.342905287346477738e-01, -8.574440798727771262e-02, -1.270661163196148413e-01, 1.862687161745223141e-02, -2.525690249047334301e-01
-3.850679243742982649e-01, 0.000000000000000000e+00, -0.000000000000000000e+00, -0.000000000000000000e+00, -0.000000000000000000e+00, -0.000000000000000000e+00, -0.000000000000000000e+00, 0.000000000000000000e+00
0.000000000000000000e+00, 0.000000000000000000e+00, 5.800358833502513578e-01, -9.292777552628370130e-02, -1.374700773011560684e-01, 2.052314985065740310e-02, -2.739886033469300930e-01, -4.173110719156239989e-01
1.351133200040427061e-04, -5.356320945405209304e-05, -8.155011068059416922e-05, -1.468131994520966625e-05, -1.779290960080066766e-04, -2.552466086152623968e-04, 0.000000000000000000e+00, 0.000000000000000000e+00
0.000000000000000000e+00, -2.189751386476930517e-01, 2.413032865006502214e-01, 4.979385908353541890e-01, 4.512986230653114328e-01, -9.136309082601110076e-02, -1.234767041876917854e-01, -0.000000000000000000e+00
0.000000000000000000e+00, 0.000000000000000000e+00, 0.000000000000000000e+00, -0.000000000000000000e+00, -0.000000000000000000e+00, 0.000000000000000000e+00, 0.000000000000000000e+00, 0.000000000000000000e+00
-2.374370824201208208e-01, 2.625678049416323989e-01, 5.406871604854652791e-01, 4.900517648321141007e-01, -9.931141425932973887e-02, -1.341567293376016989e-01, -2.089267732848259628e-03, 4.504177428882915127e-04
1.638849986891688544e-03, 4.343938843322232672e-03, -6.092263010259390231e-04, -1.534600191679713448e-03, 0.000000000000000000e+00, 0.000000000000000000e+00, 0.000000000000000000e+00, -3.946850692977718622e-01
4.674913052462496554e-01, 9.251602315420179856e-01, 8.388289704682829750e-01, -1.735642418618763005e-01, -2.323258175954389382e-01, -4.570826412768535518e-01, 9.614684226095183972e-02, 3.609357988239710324e-01
9.193687586249550403e-01, -1.336659780126049635e-01, -3.296927917742369929e-01, 0.000000000000000000e+00, 0.000000000000000000e+00, 0.000000000000000000e+00, 1.481834198022380367e-01, -2.205742858827469122e-01
9.322363103605534329e-01, 4.148429378133288735e-10, -3.515200828560940649e-10, 9.796279669707046784e-11, -0.000000000000000000e+00, -0.000000000000000000e+00, 0.000000000000000000e+00, -0.000000000000000000e+00
0.000000000000000000e+00, 0.000000000000000000e+00, 0.000000000000000000e+00, 0.000000000000000000e+00, 0.000000000000000000e+00, 1.608270067358870403e-01, -2.392325590769221744e-01, 1.012880782278759773e+00
1.604478392976483175e-09, 8.874077414632511147e-09, 3.867949719619066950e-10, -3.266136952832249675e-05, -2.113739135619278182e-04, 2.440352833269927033e-04, -7.050273437926289993e-06, 3.904139682655828153e-06
2.268827759611613133e-05, 0.000000000000000000e+00, 0.000000000000000000e+00, 0.000000000000000000e+00, -4.064336631328870769e-02, -2.289893947172919053e-01, 6.236936217595540066e-01, -2.564687496867953942e-01
2.733961902335104721e-01, -1.526350695706769067e-01, -0.000000000000000000e+00, -0.000000000000000000e+00, 0.000000000000000000e+00, -0.000000000000000000e+00, 0.000000000000000000e+00, -0.000000000000000000e+00
0.000000000000000000e+00, 0.000000000000000000e+00, 0.000000000000000000e+00, 1.256915749090700418e-01, 3.614958930687494632e-01, 4.898913535056230728e-01, -5.027979794819175119e-01, -2.064596731438161914e-01
5.016783497887544047e-03, -0.000000000000000000e+00, 0.000000000000000000e+00, 0.000000000000000000e+00, -0.000000000000000000e+00, -0.000000000000000000e+00, -0.000000000000000000e+00, 0.000000000000000000e+00
0.000000000000000000e+00, 0.000000000000000000e+00, 1.366237223980611981e-01, 3.939442746370830362e-01, 5.329115992373761879e-01, -5.467940072699051246e-01, -2.243673694546969855e-01, 5.821609106715609598e-03
-3.887346529180903706e-04, 3.590181338793293591e-05, 3.528328385049463297e-04, -2.664675635678709787e-03, -1.144835480943197240e-03, -1.726330999126639428e-04, 0.000000000000000000e+00, 0.000000000000000000e+00
0.000000000000000000e+00, 2.382417719046121540e-01, 7.258898070436866634e-01, 9.447277591165890165e-01, -9.635080853376727372e-01, -3.896145815716975935e-01, 2.411734472954643257e-02, -1.840879277527096014e-01
8.516715328343206146e-03, 1.755712119845407593e-01, -1.279849927028182455e+00, -5.520152498358217308e-01, -7.801797185133818591e-02, 0.000000000000000000e+00, 0.000000000000000000e+00, 0.000000000000000000e+00
2.423678577458738548e-01, 7.405599729675317322e-01, 9.619150172081331052e-01, -9.807423494704463618e-01, -3.963073342580206160e-01, 2.526805090642206611e-02, -1.937371990450348080e-01, 8.607204491263578672e-03
1.851299947911342891e-01, -1.346714671321627144e+00, -5.810648956101852614e-01, -8.156986482221285917e-02, 0.000000000000000000e+00, 0.000000000000000000e+00, 0.000000000000000000e+00, 2.464905401442596400e-01
7.553226097921563742e-01, 9.791287322518446024e-01, -9.979909123443591046e-01, -4.029954205887023577e-01, 2.645234200073356967e-02, -2.035294559284916704e-01, 8.672679875480994102e-03, 1.948567750178085145e-01
-1.414461262851513634e+00, -6.105199602415481985e-01, -8.510466715978762253e-02, 0.000000000000000000e+00, 0.000000000000000000e+00, 0.000000000000000000e+00, -1.950919812905633766e-01, -4.334236554598222546e-01
-2.786026658375134191e-01, -3.602348960779233611e-02, -5.392161025722319589e-01, -1.599883684438410114e-01, 0.000000000000000000e+00, -0.000000000000000000e+00, -0.000000000000000000e+00, -0.000000000000000000e+00
-0.000000000000000000e+00, -0.000000000000000000e+00, 0.000000000000000000e+00, 0.000000000000000000e+00, 0.000000000000000000e+00, -2.127696134251530480e-01, -4.727487896827890501e-01, -3.028876863176139245e-01
-3.898893988812768968e-02, -5.883050508418532498e-01, -1.743929052836067917e-01, 2.925900210083992462e-04, -2.627317920537926049e-04, -2.985822643246629758e-05, -3.811406006886748263e-04, -3.409757882878302823e-03
-9.935832232229027585e-04, 0.000000000000000000e+00, 0.000000000000000000e+00, 0.000000000000000000e+00, -3.782295300192475285e-01, -8.425918511603718297e-01, -4.987714282908004004e-01, -5.684431361611663042e-02
-1.055022340400096903e+00, -3.066512733846394334e-01, 1.345755974635746421e-01, -1.071892463976621690e-01, -2.738634943940209884e-02, -1.522201702208386964e-01, -1.434963160430686058e+00, -4.113462662788806012e-01
0.000000000000000000e+00, 0.000000000000000000e+00, 0.000000000000000000e+00, 6.576223832497528343e-02, -1.332832325127039641e-01, 6.261851131871297715e-01, -2.936661541691878985e-01, 3.393689015329393044e-02
2.861132722685081342e-01, -0.000000000000000000e+00, -0.000000000000000000e+00, 0.000000000000000000e+00, -0.000000000000000000e+00, 0.000000000000000000e+00, 0.000000000000000000e+00, 0.000000000000000000e+00
0.000000000000000000e+00, 0.000000000000000000e+00, 7.168161213100021634e-02, -1.444021198485470059e-01, 6.806515868218948606e-01, -3.191745304181189957e-01, 3.658488376424616495e-02, 3.105885430648419043e-01
-1.253065030127048897e-04, -3.104886574953674358e-04, 4.357951610610386896e-04, -5.773306188675687671e-04, 6.610417786168763386e-05, 5.213837307373877464e-04, 0.000000000000000000e+00, 0.000000000000000000e+00
0.000000000000000000e+00, 1.245916207011175669e-01, -2.248214829176684026e-01, 1.127756440483846267e+00, -5.278974930744160243e-01, 5.171748713753045179e-02, 5.021591596756993514e-01, -1.363022287488212525e-01
-3.340827881986943027e-01, 4.703850167556920536e-01, -6.042755948430535984e-01, 6.813682722602394659e-02, 5.520631135815982082e-01, 0.000000000000000000e+00, 0.000000000000000000e+00, 0.000000000000000000e+00
1.274778044757934603e-01, -2.284609620488792514e-01, 1.150623894898177957e+00, -5.385496699275865717e-01, 5.221861199305669055e-02, 5.115589123611369304e-01, -1.451055113246207395e-01, -3.552461041390662100e-01
5.003516150715255906e-01, -6.419957551678391328e-01, 7.226886153895184517e-02, 5.867331946797318398e-01, 0.000000000000000000e+00, 0.000000000000000000e+00, 0.000000000000000000e+00, 1.433492573030285544e-01
-3.172758373993827541e-01, 1.182354984826437666e-01, 5.076069372390742407e-01, 1.244372563721890812e-01, -2.321974553560293697e-02, 0.000000000000000000e+00, -0.000000000000000000e+00, 0.000000000000000000e+00
0.000000000000000000e+00, 0.000000000000000000e+00, 0.000000000000000000e+00, 0.000000000000000000e+00, 0.000000000000000000e+00, 0.000000000000000000e+00, 1.563037776405485080e-01, -3.447870862675347370e-01
1.289950550288143649e-01, 5.534952792660683407e-01, 1.356990776061698378e-01, -2.507102313672594437e-02, 7.874471789194666289e-04, -1.841041752190957816e-03, 1.053594577167855971e-03, 7.290497597859713942e-03
2.177655627810260071e-03, 1.410824552636871299e-04, 0.000000000000000000e+00, 0.000000000000000000e+00, 0.000000000000000000e+00, 0.000000000000000000e+00, 0.000000000000000000e+00, 0.000000000000000000e+00
