{"Test Case 1": {"Fe": 0.65, "Ce": 0.85, "C": 4, "gamma": 0.5, "Precision": 0.9652996845425867, "Accuracy": 0.9279497098646035, "Recall": 0.8878143133462283, "F1score": 0.9249370277078085, "mcc": 0.8586702684602926}, "Test Case 2": {"Fe": 0.65, "Ce": 0.9, "C": 10, "gamma": 0.5, "Precision": 0.9596899224806201, "Accuracy": 0.9301257253384912, "Recall": 0.8979690522243714, "F1score": 0.9278041468898325, "mcc": 0.8620360776005738}, "Test Case 3": {"Fe": 0.65, "Ce": 0.95, "C": 8, "gamma": 0.5, "Precision": 0.9558748075936377, "Accuracy": 0.929642166344294, "Recall": 0.9008704061895552, "F1score": 0.9275578790141896, "mcc": 0.8607105310639062}, "Test Case 4": {"Fe": 0.65, "Ce": 0.99, "C": 12, "gamma": 1, "Precision": 0.9545918367346938, "Accuracy": 0.9308510638297872, "Recall": 0.9047388781431335, "F1score": 0.9289970208540218, "mcc": 0.8628796335554583}, "Test Case 5": {"Fe": 0.7, "Ce": 0.85, "C": 2, "gamma": 2, "Precision": 0.9242053789731052, "Accuracy": 0.9194874274661509, "Recall": 0.913926499032882, "F1score": 0.9190371991247266, "mcc": 0.8390267485376619}, "Test Case 6": {"Fe": 0.7, "Ce": 0.9, "C": 12, "gamma": 0.5, "Precision": 0.9592993302421432, "Accuracy": 0.9310928433268859, "Recall": 0.9003868471953579, "F1score": 0.9289099526066351, "mcc": 0.8638161376446641}, "Test Case 7": {"Fe": 0.7, "Ce": 0.95, "C": 12, "gamma": 0.5, "Precision": 0.9548486403283736, "Accuracy": 0.9286750483558994, "Recall": 0.8999032882011605, "F1score": 0.9265621110281306, "mcc": 0.858773084736244}, "Test Case 8": {"Fe": 0.7, "Ce": 0.99, "C": 12, "gamma": 1, "Precision": 0.9545918367346938, "Accuracy": 0.9308510638297872, "Recall": 0.9047388781431335, "F1score": 0.9289970208540218, "mcc": 0.8628796335554583}, "Test Case 9": {"Fe": 0.75, "Ce": 0.85, "C": 1, "gamma": 1, "Precision": 0.9346022449975598, "Accuracy": 0.9306092843326886, "Recall": 0.9260154738878144, "F1score": 0.9302890454214234, "mcc": 0.8612549197202657}, "Test Case 10": {"Fe": 0.75, "Ce": 0.9, "C": 4, "gamma": 0.5, "Precision": 0.9592363261093911, "Accuracy": 0.9303675048355899, "Recall": 0.898936170212766, "F1score": 0.928107838242636, "mcc": 0.8624407566127147}, "Test Case 11": {"Fe": 0.75, "Ce": 0.95, "C": 8, "gamma": 0.5, "Precision": 0.9558748075936377, "Accuracy": 0.929642166344294, "Recall": 0.9008704061895552, "F1score": 0.9275578790141896, "mcc": 0.8607105310639062}}